claim_id,policy_id,member_name,claim_type,diagnosis_icd10,submitted_amount,approved_amount,status,submitted_date,processed_date,assessor,insurer,country
CLM-00001,POL-00531,Le Minh Tuan,MATERNITY,O82,97134,0,REJECTED,2024-06-13,2024-06-19,Wong Ka Ming,Prudential Life,Vietnam
CLM-00002,POL-00950,Tran Thi Mai,OUTPATIENT,E11.9,880,0,PENDING,2024-11-13,,Tran Van Minh,Prudential Life,Vietnam
CLM-00003,POL-00508,Bui Thanh Ha,DENTAL,K04.7,5698,0,REJECTED,2024-07-22,2024-08-07,Nguyen Thi Lan,Prudential Life,Vietnam
CLM-00004,POL-01513,Dang Quoc Bao,OUTPATIENT,A09,4004,3587,APPROVED,2024-12-23,2024-12-30,Tran Van Minh,AIA Insurance,Vietnam
CLM-00005,POL-01417,Chan Chi Keung,OUTPATIENT,A09,1824,1624,APPROVED,2024-12-06,2024-12-11,Wong Ka Ming,AIA Insurance,Hong Kong
CLM-00006,POL-00435,Somchai Thongdee,OUTPATIENT,H10.9,4081,0,PENDING,2024-09-18,,Pranee Srisuwan,AIA Insurance,Thailand
CLM-00007,POL-01572,Le Minh Tuan,INPATIENT,E11.9,114156,0,IN_REVIEW,2024-10-18,2024-10-20,Nguyen Thi Lan,Prudential Life,Vietnam
CLM-00008,POL-00990,Tran Thi Mai,OUTPATIENT,I10,9708,0,PENDING,2024-10-24,,Somchai Wattana,AIA Insurance,Vietnam
CLM-00009,POL-01554,Nguyen Van An,MATERNITY,O80,63698,53535,APPROVED,2024-05-09,2024-05-21,Somchai Wattana,FWD Group,Vietnam
CLM-00010,POL-01684,Chaiwat Wattana,OUTPATIENT,N39.0,1233,918,APPROVED,2024-08-28,2024-09-06,Wong Ka Ming,Prudential Life,Thailand
CLM-00011,POL-00995,Pranee Chaiyasit,DENTAL,K04.7,3882,0,REJECTED,2024-07-23,2024-08-03,Pranee Srisuwan,FWD Group,Thailand
CLM-00012,POL-00673,Ho Ka Ming,OUTPATIENT,J06.9,1138,0,PENDING,2024-06-09,,Wong Ka Ming,AIA Insurance,Hong Kong
CLM-00013,POL-00926,Cheung Ka Ming,OUTPATIENT,N39.0,5176,4912,APPROVED,2024-03-02,2024-03-09,Nguyen Thi Lan,AIA Insurance,Hong Kong
CLM-00014,POL-01488,Pham Thu Huong,OUTPATIENT,A09,8447,6585,APPROVED,2024-09-02,2024-09-06,Tran Van Minh,AIA Insurance,Vietnam
CLM-00015,POL-01450,Somchai Wattana,MATERNITY,O82,95420,0,PENDING,2024-11-05,,Somchai Wattana,Prudential Life,Thailand
CLM-00016,POL-01948,Prasert Srisuwan,OUTPATIENT,M54.5,11676,8209,APPROVED,2024-02-01,2024-02-15,Nguyen Thi Lan,FWD Group,Thailand
CLM-00017,POL-01154,Somchai Thongdee,OUTPATIENT,I10,2650,0,PENDING,2024-03-20,,Somchai Wattana,AIA Insurance,Thailand
CLM-00018,POL-00676,Malee Thongdee,MATERNITY,O80,47898,42136,APPROVED,2024-12-14,2024-12-17,Nguyen Thi Lan,Prudential Life,Thailand
CLM-00019,POL-00338,Bui Thanh Ha,OUTPATIENT,I10,1345,1012,APPROVED,2024-11-18,2024-11-29,Nguyen Thi Lan,AIA Insurance,Vietnam
CLM-00020,POL-01134,Lee Wai Yan,DENTAL,K02.9,2793,2028,APPROVED,2024-03-04,2024-03-14,Wong Ka Ming,Prudential Life,Hong Kong
CLM-00021,POL-00332,Ngo Thi Thu,OUTPATIENT,J06.9,3665,2830,APPROVED,2024-10-10,2024-10-19,Pranee Srisuwan,Prudential Life,Vietnam
CLM-00022,POL-00370,Hoang Duc Thang,OUTPATIENT,I10,1373,1144,APPROVED,2024-09-17,2024-10-09,Somchai Wattana,FWD Group,Vietnam
CLM-00023,POL-01384,Pranee Boonmee,OUTPATIENT,M54.5,3271,3203,APPROVED,2024-03-17,2024-03-28,Pranee Srisuwan,Prudential Life,Thailand
CLM-00024,POL-01753,Anong Wattana,INPATIENT,J18.9,54695,42651,APPROVED,2024-11-16,2024-11-23,Pranee Srisuwan,Prudential Life,Thailand
CLM-00025,POL-01965,Do Van Long,OUTPATIENT,J45.909,8558,0,REJECTED,2024-03-16,2024-03-20,Somchai Wattana,AIA Insurance,Vietnam
CLM-00026,POL-01759,Niran Saetang,MATERNITY,O80,72725,58703,APPROVED,2024-12-01,2024-12-04,Tran Van Minh,FWD Group,Thailand
CLM-00027,POL-02141,Do Van Long,INPATIENT,N39.0,71765,69042,APPROVED,2024-08-30,2024-09-08,Nguyen Thi Lan,AIA Insurance,Vietnam
CLM-00028,POL-00326,Malee Rattanaporn,OUTPATIENT,J06.9,1967,0,IN_REVIEW,2024-01-20,2024-01-28,Wong Ka Ming,AIA Insurance,Thailand
CLM-00029,POL-01672,Chan Chi Keung,INPATIENT,J45.909,188614,159611,APPROVED,2024-07-23,2024-07-30,Somchai Wattana,AIA Insurance,Hong Kong
CLM-00030,POL-02248,Hoang Duc Thang,OUTPATIENT,M54.5,2834,0,REJECTED,2024-10-03,2024-10-17,Pranee Srisuwan,AIA Insurance,Vietnam
CLM-00031,POL-01870,Vu Ngoc Anh,DENTAL,K04.7,23201,0,REJECTED,2024-07-31,2024-08-06,Somchai Wattana,AIA Insurance,Vietnam
CLM-00032,POL-00566,Lau Sau Lan,OUTPATIENT,H10.9,7948,7666,APPROVED,2024-06-14,2024-06-17,Pranee Srisuwan,AIA Insurance,Hong Kong
CLM-00033,POL-00730,Kanya Chaiyasit,OUTPATIENT,M54.5,2444,1900,APPROVED,2024-11-04,2024-11-14,Tran Van Minh,Prudential Life,Thailand
CLM-00034,POL-01812,Somchai Thongdee,DENTAL,K04.7,4630,3641,APPROVED,2024-04-30,2024-05-03,Wong Ka Ming,Prudential Life,Thailand
CLM-00035,POL-01611,Kanya Thongdee,OUTPATIENT,A09,500,0,PENDING,2024-02-24,,Wong Ka Ming,Prudential Life,Thailand
CLM-00036,POL-00271,Chan Siu Fung,INPATIENT,A09,413916,310996,APPROVED,2024-12-01,2024-12-03,Somchai Wattana,AIA Insurance,Hong Kong
CLM-00037,POL-01397,Hoang Duc Thang,DENTAL,K02.9,10004,0,REJECTED,2024-06-11,2024-06-18,Nguyen Thi Lan,Prudential Life,Vietnam
CLM-00038,POL-00326,Malee Rattanaporn,OUTPATIENT,I10,952,0,IN_REVIEW,2024-06-05,2024-06-12,Tran Van Minh,AIA Insurance,Thailand
CLM-00039,POL-02361,Lee Ho Yin,OUTPATIENT,K21.0,500,431,APPROVED,2024-05-12,2024-05-21,Pranee Srisuwan,AIA Insurance,Hong Kong
CLM-00040,POL-00006,Malee Rattanaporn,OUTPATIENT,M54.5,4989,3885,APPROVED,2024-02-03,2024-02-15,Nguyen Thi Lan,AIA Insurance,Thailand
CLM-00041,POL-01711,Dang Quoc Bao,OUTPATIENT,J45.909,1686,1510,APPROVED,2024-04-20,2024-04-27,Tran Van Minh,Prudential Life,Vietnam
CLM-00042,POL-00862,Wong Siu Fung,INPATIENT,A09,27363,20924,APPROVED,2024-05-23,2024-06-03,Tran Van Minh,AIA Insurance,Hong Kong
CLM-00043,POL-00340,Pham Thu Huong,DENTAL,K02.9,13580,0,PENDING,2024-05-05,,Nguyen Thi Lan,AIA Insurance,Vietnam
CLM-00044,POL-00121,Lau Yuen Man,MATERNITY,O82,98227,0,PENDING,2024-01-30,,Wong Ka Ming,Prudential Life,Hong Kong
CLM-00045,POL-02037,Leung Siu Fung,INPATIENT,K35.80,245074,221205,APPROVED,2024-11-08,2024-11-14,Tran Van Minh,FWD Group,Hong Kong
CLM-00046,POL-00218,Ho Mei Ling,OUTPATIENT,H10.9,1520,0,REJECTED,2024-08-08,2024-08-15,Wong Ka Ming,AIA Insurance,Hong Kong
CLM-00047,POL-00221,Chaiwat Wattana,MATERNITY,O80,84683,0,PENDING,2024-12-18,,Nguyen Thi Lan,FWD Group,Thailand
CLM-00048,POL-01142,Vu Ngoc Anh,INPATIENT,J18.9,46187,0,IN_REVIEW,2024-07-23,2024-07-26,Somchai Wattana,Prudential Life,Vietnam
CLM-00049,POL-00694,Malee Chaiyasit,OUTPATIENT,A09,9547,8558,APPROVED,2024-11-12,2024-11-21,Nguyen Thi Lan,FWD Group,Thailand
CLM-00050,POL-01330,Do Van Long,INPATIENT,J45.909,124616,89799,APPROVED,2024-11-10,2024-11-14,Wong Ka Ming,AIA Insurance,Vietnam
CLM-00051,POL-01021,Anong Saetang,INPATIENT,J45.909,426170,0,IN_REVIEW,2024-09-29,2024-10-02,Tran Van Minh,Prudential Life,Thailand
CLM-00052,POL-01862,Kittisak Boonmee,OUTPATIENT,A09,14295,10849,APPROVED,2024-11-01,2024-11-08,Tran Van Minh,AIA Insurance,Thailand
CLM-00053,POL-01549,Anong Chaiyasit,OUTPATIENT,J06.9,2127,1804,APPROVED,2024-11-09,2024-11-19,Wong Ka Ming,AIA Insurance,Thailand
CLM-00054,POL-00353,Chaiwat Phongpanich,OUTPATIENT,J45.909,10769,8243,APPROVED,2024-11-18,2024-11-24,Somchai Wattana,AIA Insurance,Thailand
CLM-00055,POL-01505,Nguyen Van An,DENTAL,K02.9,1889,0,PENDING,2024-12-11,,Tran Van Minh,FWD Group,Vietnam
CLM-00056,POL-02283,Lau Wai Yan,OUTPATIENT,N39.0,10484,10366,APPROVED,2024-02-23,2024-02-27,Tran Van Minh,Prudential Life,Hong Kong
CLM-00057,POL-01845,Dang Quoc Bao,OUTPATIENT,E11.9,2503,2120,APPROVED,2024-09-13,2024-09-19,Wong Ka Ming,Prudential Life,Vietnam
CLM-00058,POL-00284,Hoang Duc Thang,DENTAL,K02.9,9136,7985,APPROVED,2024-07-25,2024-07-27,Wong Ka Ming,FWD Group,Vietnam
CLM-00059,POL-02165,Pham Thu Huong,OUTPATIENT,L30.9,2374,0,PENDING,2024-11-29,,Tran Van Minh,Prudential Life,Vietnam
CLM-00060,POL-01369,Kanya Boonmee,OUTPATIENT,A09,1585,1175,APPROVED,2024-03-03,2024-03-11,Tran Van Minh,Prudential Life,Thailand
CLM-00061,POL-02346,Chaiwat Srisuwan,INPATIENT,A09,11550,9660,APPROVED,2024-08-21,2024-08-28,Somchai Wattana,FWD Group,Thailand
CLM-00062,POL-00726,Cheung Kwok Wah,OUTPATIENT,J06.9,2651,2134,APPROVED,2024-04-20,2024-04-24,Nguyen Thi Lan,FWD Group,Hong Kong
CLM-00063,POL-00662,Ngo Thi Thu,OUTPATIENT,J45.909,2663,1990,APPROVED,2024-02-08,2024-02-20,Somchai Wattana,Prudential Life,Vietnam
CLM-00064,POL-01779,Do Van Long,OUTPATIENT,E11.9,4691,3562,APPROVED,2024-01-07,2024-01-14,Wong Ka Ming,FWD Group,Vietnam
CLM-00065,POL-00377,Ngo Thi Thu,OUTPATIENT,L30.9,2399,2119,APPROVED,2024-07-10,2024-07-13,Somchai Wattana,FWD Group,Vietnam
CLM-00066,POL-02397,Nguyen Van An,INPATIENT,J45.909,30071,27937,APPROVED,2024-03-11,2024-03-18,Pranee Srisuwan,AIA Insurance,Vietnam
CLM-00067,POL-00822,Anong Chaiyasit,OUTPATIENT,L30.9,1895,1883,APPROVED,2024-10-06,2024-10-15,Nguyen Thi Lan,AIA Insurance,Thailand
CLM-00068,POL-01596,Lee Ka Ming,OUTPATIENT,A09,2851,0,IN_REVIEW,2024-11-20,2024-11-23,Tran Van Minh,Prudential Life,Hong Kong
CLM-00069,POL-01925,Bui Thanh Ha,OUTPATIENT,H10.9,11065,10655,APPROVED,2024-06-07,2024-06-11,Nguyen Thi Lan,Prudential Life,Vietnam
CLM-00070,POL-02141,Do Van Long,OUTPATIENT,N39.0,1114,841,APPROVED,2024-02-20,2024-02-24,Pranee Srisuwan,AIA Insurance,Vietnam
CLM-00071,POL-01736,Siriporn Saetang,OUTPATIENT,N39.0,9298,0,REJECTED,2024-05-22,2024-06-01,Wong Ka Ming,AIA Insurance,Thailand
CLM-00072,POL-00582,Pham Thu Huong,OUTPATIENT,K21.0,18658,14083,APPROVED,2024-02-20,2024-02-28,Tran Van Minh,Prudential Life,Vietnam
CLM-00073,POL-01731,Malee Phongpanich,OUTPATIENT,N39.0,2274,0,PENDING,2024-10-29,,Somchai Wattana,AIA Insurance,Thailand
CLM-00074,POL-01735,Cheung Wai Yan,INPATIENT,E11.9,31811,0,PENDING,2024-11-25,,Pranee Srisuwan,AIA Insurance,Hong Kong
CLM-00075,POL-01068,Ngo Thi Thu,MATERNITY,O80,73865,65881,APPROVED,2024-12-30,2025-01-01,Nguyen Thi Lan,AIA Insurance,Vietnam
CLM-00076,POL-00942,Chaiwat Saetang,DENTAL,K08.9,9194,0,IN_REVIEW,2024-11-18,2024-11-20,Nguyen Thi Lan,AIA Insurance,Thailand
CLM-00077,POL-01633,Prasert Thongdee,OUTPATIENT,M54.5,2410,0,PENDING,2024-09-15,,Pranee Srisuwan,AIA Insurance,Thailand
CLM-00078,POL-01746,Chan Sau Lan,OUTPATIENT,M54.5,10913,0,REJECTED,2024-12-30,2025-01-07,Somchai Wattana,AIA Insurance,Hong Kong
CLM-00079,POL-00109,Kanya Srisuwan,OUTPATIENT,A90,4764,4272,APPROVED,2024-12-28,2025-01-02,Pranee Srisuwan,Prudential Life,Thailand
CLM-00080,POL-01241,Chaiwat Wattana,OUTPATIENT,L30.9,1198,869,APPROVED,2024-06-27,2024-07-10,Tran Van Minh,FWD Group,Thailand
CLM-00081,POL-01772,Ho Ka Ming,OUTPATIENT,A09,3080,2742,APPROVED,2024-09-29,2024-10-06,Tran Van Minh,AIA Insurance,Hong Kong
CLM-00082,POL-00661,Lau Ka Ming,DENTAL,K05.10,2325,0,REJECTED,2024-02-04,2024-02-06,Tran Van Minh,AIA Insurance,Hong Kong
CLM-00083,POL-01012,Do Van Long,OUTPATIENT,N39.0,2125,1622,APPROVED,2024-05-27,2024-06-01,Tran Van Minh,AIA Insurance,Vietnam
CLM-00084,POL-00921,Anong Phongpanich,OUTPATIENT,A90,4542,0,IN_REVIEW,2024-04-04,2024-04-12,Wong Ka Ming,Prudential Life,Thailand
CLM-00085,POL-01706,Kanya Srisuwan,OUTPATIENT,A09,3318,2717,APPROVED,2024-04-28,2024-05-04,Nguyen Thi Lan,Prudential Life,Thailand
CLM-00086,POL-01925,Bui Thanh Ha,OUTPATIENT,A09,3728,0,REJECTED,2024-12-31,2025-01-07,Nguyen Thi Lan,Prudential Life,Vietnam
CLM-00087,POL-01879,Pham Thu Huong,DENTAL,K05.10,1809,0,REJECTED,2024-06-09,2024-06-19,Somchai Wattana,AIA Insurance,Vietnam
CLM-00088,POL-00009,Chaiwat Boonmee,INPATIENT,J18.9,77410,60976,APPROVED,2024-07-26,2024-08-05,Somchai Wattana,Prudential Life,Thailand
CLM-00089,POL-01155,Tran Thi Mai,DENTAL,K02.9,6493,0,IN_REVIEW,2024-04-23,2024-04-26,Wong Ka Ming,AIA Insurance,Vietnam
CLM-00090,POL-01096,Malee Boonmee,DENTAL,K08.9,11383,9697,APPROVED,2024-04-01,2024-04-05,Tran Van Minh,Prudential Life,Thailand
CLM-00091,POL-01754,Siriporn Phongpanich,DENTAL,K02.9,4613,4185,APPROVED,2024-03-06,2024-03-09,Somchai Wattana,FWD Group,Thailand
CLM-00092,POL-01611,Kanya Thongdee,MATERNITY,O82,60716,42666,APPROVED,2024-03-21,2024-03-24,Tran Van Minh,Prudential Life,Thailand
CLM-00093,POL-00434,Pranee Saetang,INPATIENT,N39.0,279439,224376,APPROVED,2024-11-10,2024-11-13,Wong Ka Ming,FWD Group,Thailand
CLM-00094,POL-01176,Hoang Duc Thang,INPATIENT,J18.9,139650,0,REJECTED,2024-01-14,2024-01-18,Pranee Srisuwan,AIA Insurance,Vietnam
CLM-00095,POL-00278,Hoang Duc Thang,DENTAL,K02.9,8340,7496,APPROVED,2024-02-27,2024-03-07,Nguyen Thi Lan,FWD Group,Vietnam
CLM-00096,POL-01425,Leung Ka Ming,OUTPATIENT,J45.909,6427,5356,APPROVED,2024-11-16,2024-11-20,Pranee Srisuwan,Prudential Life,Hong Kong
CLM-00097,POL-01020,Nguyen Van An,INPATIENT,J45.909,91503,86638,APPROVED,2024-04-08,2024-04-10,Nguyen Thi Lan,AIA Insurance,Vietnam
CLM-00098,POL-00986,Cheung Sau Lan,OUTPATIENT,I10,2049,1631,APPROVED,2024-12-08,2024-12-11,Nguyen Thi Lan,FWD Group,Hong Kong
CLM-00099,POL-02342,Malee Srisuwan,OUTPATIENT,K21.0,10832,8774,APPROVED,2024-08-10,2024-08-13,Tran Van Minh,Prudential Life,Thailand
CLM-00100,POL-01717,Wong Chi Keung,OUTPATIENT,N39.0,1361,0,REJECTED,2024-08-14,2024-08-20,Wong Ka Ming,AIA Insurance,Hong Kong
CLM-00101,POL-00566,Lau Sau Lan,OUTPATIENT,A09,2254,1777,APPROVED,2024-03-26,2024-04-05,Wong Ka Ming,AIA Insurance,Hong Kong
CLM-00102,POL-01672,Chan Chi Keung,INPATIENT,A09,128436,100496,APPROVED,2024-02-13,2024-02-25,Wong Ka Ming,AIA Insurance,Hong Kong
CLM-00103,POL-00699,Ho Mei Ling,OUTPATIENT,A09,500,464,APPROVED,2024-05-30,2024-06-02,Nguyen Thi Lan,FWD Group,Hong Kong
CLM-00104,POL-01116,Bui Thanh Ha,INPATIENT,A09,52507,44428,APPROVED,2024-09-18,2024-09-26,Nguyen Thi Lan,AIA Insurance,Vietnam
CLM-00105,POL-01581,Le Minh Tuan,DENTAL,K05.10,6955,5789,APPROVED,2024-03-17,2024-03-25,Wong Ka Ming,Prudential Life,Vietnam
CLM-00106,POL-01110,Dang Quoc Bao,DENTAL,K05.10,7455,0,IN_REVIEW,2024-11-20,2024-11-28,Somchai Wattana,Prudential Life,Vietnam
CLM-00107,POL-01036,Chaiwat Rattanaporn,INPATIENT,A09,114231,100460,APPROVED,2024-08-05,2024-08-14,Tran Van Minh,Prudential Life,Thailand
CLM-00108,POL-01911,Prasert Chaiyasit,OUTPATIENT,K21.0,2082,0,IN_REVIEW,2024-05-09,2024-05-18,Tran Van Minh,AIA Insurance,Thailand
CLM-00109,POL-02203,Lee Chi Keung,OUTPATIENT,J06.9,2823,2705,APPROVED,2024-09-13,2024-10-03,Somchai Wattana,Prudential Life,Hong Kong
CLM-00110,POL-02048,Somchai Wattana,INPATIENT,E11.9,273116,0,REJECTED,2024-08-17,2024-08-19,Somchai Wattana,Prudential Life,Thailand
CLM-00111,POL-02168,Prasert Boonmee,OUTPATIENT,A09,2533,0,PENDING,2024-02-10,,Wong Ka Ming,Prudential Life,Thailand
CLM-00112,POL-02154,Cheung Wai Yan,OUTPATIENT,M54.5,4610,3843,APPROVED,2024-12-17,2024-12-19,Somchai Wattana,Prudential Life,Hong Kong
CLM-00113,POL-01744,Anong Srisuwan,OUTPATIENT,H10.9,1622,1243,APPROVED,2024-09-21,2024-09-23,Nguyen Thi Lan,FWD Group,Thailand
CLM-00114,POL-01093,Pranee Srisuwan,OUTPATIENT,J45.909,2630,2419,APPROVED,2024-06-16,2024-06-24,Pranee Srisuwan,AIA Insurance,Thailand
CLM-00115,POL-00062,Siriporn Wattana,OUTPATIENT,K21.0,1451,0,PENDING,2024-10-21,,Tran Van Minh,AIA Insurance,Thailand
CLM-00116,POL-02098,Dang Quoc Bao,OUTPATIENT,A09,4248,4111,APPROVED,2024-11-09,2024-11-18,Tran Van Minh,AIA Insurance,Vietnam
CLM-00117,POL-00347,Ngo Thi Thu,OUTPATIENT,A09,6699,0,IN_REVIEW,2024-11-15,2024-11-23,Somchai Wattana,Prudential Life,Vietnam
CLM-00118,POL-01106,Kittisak Wattana,OUTPATIENT,N39.0,1140,0,IN_REVIEW,2024-04-22,2024-04-27,Wong Ka Ming,FWD Group,Thailand
CLM-00119,POL-01258,Pham Thu Huong,OUTPATIENT,I10,2903,0,IN_REVIEW,2024-12-19,2024-12-24,Tran Van Minh,AIA Insurance,Vietnam
CLM-00120,POL-01919,Kittisak Thongdee,OUTPATIENT,E11.9,501,376,APPROVED,2024-09-18,2024-09-20,Nguyen Thi Lan,Prudential Life,Thailand
CLM-00121,POL-00791,Chaiwat Saetang,INPATIENT,A09,109556,0,IN_REVIEW,2024-06-30,2024-07-04,Tran Van Minh,FWD Group,Thailand
CLM-00122,POL-01636,Siriporn Wattana,DENTAL,K04.7,3604,3196,APPROVED,2024-09-19,2024-09-27,Tran Van Minh,FWD Group,Thailand
CLM-00123,POL-00752,Prasert Rattanaporn,DENTAL,K02.9,4623,0,IN_REVIEW,2024-11-12,2024-11-14,Wong Ka Ming,Prudential Life,Thailand
CLM-00124,POL-00802,Nguyen Van An,OUTPATIENT,J45.909,1138,882,APPROVED,2024-08-29,2024-09-08,Somchai Wattana,Prudential Life,Vietnam
CLM-00125,POL-00481,Prasert Srisuwan,DENTAL,K02.9,13058,9555,APPROVED,2024-12-03,2024-12-10,Somchai Wattana,FWD Group,Thailand
CLM-00126,POL-00298,Ng Wai Yan,OUTPATIENT,J06.9,923,0,IN_REVIEW,2024-01-31,2024-02-06,Somchai Wattana,Prudential Life,Hong Kong
CLM-00127,POL-01664,Somchai Wattana,OUTPATIENT,M54.5,500,394,APPROVED,2024-05-15,2024-05-20,Somchai Wattana,AIA Insurance,Thailand
CLM-00128,POL-00080,Tran Thi Mai,OUTPATIENT,L30.9,551,420,APPROVED,2024-07-04,2024-07-11,Wong Ka Ming,AIA Insurance,Vietnam
CLM-00129,POL-02041,Dang Quoc Bao,INPATIENT,A09,275917,255547,APPROVED,2024-02-18,2024-02-26,Nguyen Thi Lan,Prudential Life,Vietnam
CLM-00130,POL-01074,Pranee Thongdee,OUTPATIENT,E11.9,4132,0,PENDING,2024-03-16,,Somchai Wattana,AIA Insurance,Thailand
CLM-00131,POL-00974,Tran Thi Mai,OUTPATIENT,J45.909,9224,0,PENDING,2024-02-28,,Somchai Wattana,AIA Insurance,Vietnam
CLM-00132,POL-01703,Ng Mei Ling,DENTAL,K02.9,2558,2366,APPROVED,2024-12-09,2024-12-15,Tran Van Minh,FWD Group,Hong Kong
CLM-00133,POL-01854,Pham Thu Huong,DENTAL,K02.9,7718,7636,APPROVED,2024-04-21,2024-04-24,Tran Van Minh,AIA Insurance,Vietnam
CLM-00134,POL-00568,Dang Quoc Bao,MATERNITY,O80,41509,34786,APPROVED,2024-04-11,2024-04-14,Nguyen Thi Lan,FWD Group,Vietnam
CLM-00135,POL-02294,Nguyen Van An,OUTPATIENT,J45.909,20638,19725,APPROVED,2024-02-07,2024-02-10,Somchai Wattana,Prudential Life,Vietnam
CLM-00136,POL-01463,Prasert Srisuwan,OUTPATIENT,J45.909,2176,0,REJECTED,2024-07-04,2024-07-09,Nguyen Thi Lan,Prudential Life,Thailand
CLM-00137,POL-00115,Wong Tsz Ching,OUTPATIENT,A09,1641,0,PENDING,2024-12-28,,Tran Van Minh,AIA Insurance,Hong Kong
CLM-00138,POL-00666,Chan Kwok Wah,INPATIENT,A09,54466,0,REJECTED,2024-03-25,2024-03-31,Tran Van Minh,AIA Insurance,Hong Kong
CLM-00139,POL-00306,Pham Thu Huong,OUTPATIENT,I10,2473,1752,APPROVED,2024-06-13,2024-06-25,Somchai Wattana,FWD Group,Vietnam
CLM-00140,POL-00239,Tran Thi Mai,OUTPATIENT,J06.9,8763,0,IN_REVIEW,2024-08-24,2024-08-28,Somchai Wattana,Prudential Life,Vietnam
CLM-00141,POL-01973,Siriporn Wattana,OUTPATIENT,A09,4279,3718,APPROVED,2024-06-13,2024-06-22,Wong Ka Ming,FWD Group,Thailand
CLM-00142,POL-00697,Malee Rattanaporn,DENTAL,K05.10,4994,0,IN_REVIEW,2024-11-14,2024-11-23,Pranee Srisuwan,Prudential Life,Thailand
CLM-00143,POL-01167,Wong Tsz Ching,INPATIENT,E11.9,105869,85333,APPROVED,2024-08-06,2024-08-18,Pranee Srisuwan,Prudential Life,Hong Kong
CLM-00144,POL-01274,Niran Boonmee,OUTPATIENT,J06.9,3331,3266,APPROVED,2024-11-08,2024-11-14,Nguyen Thi Lan,Prudential Life,Thailand
CLM-00145,POL-01882,Lau Tsz Ching,MATERNITY,O80,39315,36669,APPROVED,2024-09-22,2024-09-25,Nguyen Thi Lan,FWD Group,Hong Kong
CLM-00146,POL-00198,Dang Quoc Bao,OUTPATIENT,L30.9,12680,0,IN_REVIEW,2024-07-29,2024-08-03,Somchai Wattana,FWD Group,Vietnam
CLM-00147,POL-02140,Bui Thanh Ha,DENTAL,K02.9,10116,9285,APPROVED,2024-11-25,2024-12-04,Wong Ka Ming,AIA Insurance,Vietnam
CLM-00148,POL-01325,Lee Kwok Wah,OUTPATIENT,E11.9,3257,0,IN_REVIEW,2024-07-26,2024-07-31,Somchai Wattana,FWD Group,Hong Kong
CLM-00149,POL-00555,Le Minh Tuan,DENTAL,K05.10,5142,4384,APPROVED,2024-02-07,2024-02-14,Tran Van Minh,Prudential Life,Vietnam
CLM-00150,POL-01075,Siriporn Thongdee,OUTPATIENT,K21.0,4501,0,REJECTED,2024-01-05,2024-01-15,Pranee Srisuwan,AIA Insurance,Thailand
CLM-00151,POL-01496,Pranee Boonmee,INPATIENT,A90,122102,92932,APPROVED,2024-10-19,2024-10-21,Nguyen Thi Lan,FWD Group,Thailand
CLM-00152,POL-01294,Ng Kwok Wah,OUTPATIENT,J06.9,6891,5347,APPROVED,2024-02-05,2024-02-12,Wong Ka Ming,Prudential Life,Hong Kong
CLM-00153,POL-00359,Kittisak Wattana,OUTPATIENT,J06.9,6689,5017,APPROVED,2024-08-04,2024-08-10,Tran Van Minh,Prudential Life,Thailand
CLM-00154,POL-00156,Anong Phongpanich,MATERNITY,O80,72791,63044,APPROVED,2024-03-14,2024-03-17,Somchai Wattana,AIA Insurance,Thailand
CLM-00155,POL-01823,Cheung Siu Fung,OUTPATIENT,A09,873,707,APPROVED,2024-10-01,2024-10-10,Tran Van Minh,Prudential Life,Hong Kong
CLM-00156,POL-00980,Lau Chi Keung,OUTPATIENT,L30.9,15264,11841,APPROVED,2024-07-12,2024-07-18,Wong Ka Ming,FWD Group,Hong Kong
CLM-00157,POL-01514,Hoang Duc Thang,OUTPATIENT,L30.9,3753,2872,APPROVED,2024-01-31,2024-02-12,Wong Ka Ming,FWD Group,Vietnam
CLM-00158,POL-00507,Kanya Boonmee,OUTPATIENT,N39.0,12999,9973,APPROVED,2024-11-03,2024-11-11,Tran Van Minh,FWD Group,Thailand
CLM-00159,POL-00608,Niran Rattanaporn,OUTPATIENT,J06.9,19483,0,IN_REVIEW,2024-11-18,2024-11-25,Pranee Srisuwan,AIA Insurance,Thailand
CLM-00160,POL-01585,Malee Srisuwan,DENTAL,K04.7,6628,5070,APPROVED,2024-10-09,2024-10-11,Tran Van Minh,Prudential Life,Thailand
CLM-00161,POL-00973,Pranee Saetang,INPATIENT,N39.0,60715,0,PENDING,2024-06-30,,Tran Van Minh,AIA Insurance,Thailand
CLM-00162,POL-00370,Hoang Duc Thang,OUTPATIENT,A09,1590,1436,APPROVED,2024-04-14,2024-04-19,Wong Ka Ming,FWD Group,Vietnam
CLM-00163,POL-00875,Somchai Chaiyasit,DENTAL,K08.9,1571,0,IN_REVIEW,2024-02-05,2024-02-15,Wong Ka Ming,Prudential Life,Thailand
CLM-00164,POL-01892,Do Van Long,INPATIENT,A09,18678,0,PENDING,2024-06-11,,Pranee Srisuwan,FWD Group,Vietnam
CLM-00165,POL-00804,Somchai Rattanaporn,DENTAL,K08.9,9683,0,REJECTED,2024-10-08,2024-10-23,Somchai Wattana,AIA Insurance,Thailand
CLM-00166,POL-02339,Malee Thongdee,INPATIENT,N39.0,618271,506070,APPROVED,2024-03-16,2024-03-20,Tran Van Minh,Prudential Life,Thailand
CLM-00167,POL-00651,Kanya Boonmee,DENTAL,K02.9,3421,0,REJECTED,2024-09-17,2024-09-29,Pranee Srisuwan,AIA Insurance,Thailand
CLM-00168,POL-00468,Leung Sau Lan,OUTPATIENT,K21.0,6741,5867,APPROVED,2024-10-21,2024-10-31,Nguyen Thi Lan,FWD Group,Hong Kong
CLM-00169,POL-01083,Ng Mei Ling,OUTPATIENT,I10,5512,0,IN_REVIEW,2024-01-17,2024-01-29,Pranee Srisuwan,AIA Insurance,Hong Kong
CLM-00170,POL-00640,Malee Saetang,MATERNITY,O82,59344,55487,APPROVED,2024-02-05,2024-02-07,Somchai Wattana,AIA Insurance,Thailand
CLM-00171,POL-01823,Cheung Siu Fung,DENTAL,K05.10,4323,3926,APPROVED,2024-11-21,2024-11-27,Nguyen Thi Lan,Prudential Life,Hong Kong
CLM-00172,POL-01616,Somchai Thongdee,DENTAL,K05.10,586,0,IN_REVIEW,2024-10-17,2024-10-23,Wong Ka Ming,AIA Insurance,Thailand
CLM-00173,POL-01560,Dang Quoc Bao,OUTPATIENT,J45.909,20487,0,PENDING,2024-12-01,,Wong Ka Ming,AIA Insurance,Vietnam
CLM-00174,POL-00280,Wong Chi Keung,INPATIENT,A90,211539,0,PENDING,2024-10-09,,Somchai Wattana,Prudential Life,Hong Kong
CLM-00175,POL-01828,Bui Thanh Ha,OUTPATIENT,J06.9,5040,4488,APPROVED,2024-07-20,2024-07-23,Wong Ka Ming,Prudential Life,Vietnam
CLM-00176,POL-02340,Lau Wai Yan,OUTPATIENT,J06.9,1361,1070,APPROVED,2024-11-09,2024-11-13,Pranee Srisuwan,FWD Group,Hong Kong
CLM-00177,POL-00262,Chan Wai Yan,DENTAL,K02.9,25741,23715,APPROVED,2024-05-24,2024-06-02,Nguyen Thi Lan,FWD Group,Hong Kong
CLM-00178,POL-00918,Niran Chaiyasit,DENTAL,K08.9,8993,6632,APPROVED,2024-05-24,2024-06-02,Nguyen Thi Lan,Prudential Life,Thailand
CLM-00179,POL-00266,Prasert Phongpanich,DENTAL,K02.9,11980,9443,APPROVED,2024-01-10,2024-01-22,Somchai Wattana,AIA Insurance,Thailand
CLM-00180,POL-01373,Ho Mei Ling,DENTAL,K02.9,3173,2666,APPROVED,2024-11-22,2024-12-02,Tran Van Minh,Prudential Life,Hong Kong
CLM-00181,POL-00716,Siriporn Chaiyasit,OUTPATIENT,J06.9,4678,4667,APPROVED,2024-12-28,2025-01-01,Somchai Wattana,AIA Insurance,Thailand
CLM-00182,POL-00923,Vu Ngoc Anh,MATERNITY,O82,66761,0,IN_REVIEW,2024-11-19,2024-11-25,Tran Van Minh,AIA Insurance,Vietnam
CLM-00183,POL-00768,Malee Thongdee,DENTAL,K08.9,4648,4438,APPROVED,2024-10-16,2024-10-18,Tran Van Minh,FWD Group,Thailand
CLM-00184,POL-01694,Do Van Long,DENTAL,K02.9,9294,9205,APPROVED,2024-12-09,2024-12-21,Nguyen Thi Lan,FWD Group,Vietnam
CLM-00185,POL-02237,Nguyen Van An,OUTPATIENT,I10,1095,0,IN_REVIEW,2024-11-17,2024-11-24,Wong Ka Ming,AIA Insurance,Vietnam
CLM-00186,POL-01175,Ng Sau Lan,OUTPATIENT,J06.9,13478,9697,APPROVED,2024-12-19,2024-12-28,Tran Van Minh,AIA Insurance,Hong Kong
CLM-00187,POL-01458,Cheung Mei Ling,INPATIENT,A09,293210,0,REJECTED,2024-12-06,2024-12-08,Nguyen Thi Lan,Prudential Life,Hong Kong
CLM-00188,POL-00513,Niran Saetang,OUTPATIENT,L30.9,5779,0,REJECTED,2024-02-02,2024-02-12,Nguyen Thi Lan,Prudential Life,Thailand
CLM-00189,POL-00606,Anong Thongdee,DENTAL,K04.7,12513,11031,APPROVED,2024-08-09,2024-08-12,Tran Van Minh,AIA Insurance,Thailand
CLM-00190,POL-01660,Chaiwat Phongpanich,OUTPATIENT,I10,500,446,APPROVED,2024-11-28,2024-12-02,Somchai Wattana,AIA Insurance,Thailand
CLM-00191,POL-00134,Niran Saetang,OUTPATIENT,L30.9,2303,1762,APPROVED,2024-10-02,2024-10-29,Wong Ka Ming,AIA Insurance,Thailand
CLM-00192,POL-02164,Do Van Long,OUTPATIENT,I10,3376,0,IN_REVIEW,2024-10-29,2024-11-10,Tran Van Minh,FWD Group,Vietnam
CLM-00193,POL-01444,Niran Rattanaporn,DENTAL,K05.10,20415,14613,APPROVED,2024-08-08,2024-08-22,Pranee Srisuwan,AIA Insurance,Thailand
CLM-00194,POL-01689,Tran Thi Mai,DENTAL,K05.10,11257,0,PENDING,2024-12-11,,Nguyen Thi Lan,Prudential Life,Vietnam
CLM-00195,POL-01021,Anong Saetang,OUTPATIENT,I10,4225,4065,APPROVED,2024-03-07,2024-03-12,Nguyen Thi Lan,Prudential Life,Thailand
CLM-00196,POL-01464,Somchai Rattanaporn,OUTPATIENT,A09,9371,7858,APPROVED,2024-05-17,2024-05-30,Somchai Wattana,FWD Group,Thailand
CLM-00197,POL-02079,Kanya Saetang,INPATIENT,E11.9,129857,0,IN_REVIEW,2024-03-31,2024-04-08,Pranee Srisuwan,AIA Insurance,Thailand
CLM-00198,POL-01244,Chaiwat Boonmee,OUTPATIENT,N39.0,1665,1319,APPROVED,2024-09-22,2024-10-05,Pranee Srisuwan,FWD Group,Thailand
CLM-00199,POL-01836,Leung Tsz Ching,OUTPATIENT,A09,3199,0,IN_REVIEW,2024-04-29,2024-05-02,Wong Ka Ming,Prudential Life,Hong Kong
CLM-00200,POL-02286,Ng Chi Keung,OUTPATIENT,L30.9,1001,0,REJECTED,2024-09-13,2024-09-19,Pranee Srisuwan,FWD Group,Hong Kong
CLM-00201,POL-02264,Le Minh Tuan,OUTPATIENT,I10,958,738,APPROVED,2024-04-17,2024-04-24,Nguyen Thi Lan,FWD Group,Vietnam
CLM-00202,POL-00810,Tran Thi Mai,INPATIENT,A90,102929,100546,APPROVED,2024-10-27,2024-11-04,Tran Van Minh,Prudential Life,Vietnam
CLM-00203,POL-00490,Do Van Long,OUTPATIENT,A09,5077,3643,APPROVED,2024-11-19,2024-11-28,Pranee Srisuwan,FWD Group,Vietnam
CLM-00204,POL-02251,Wong Chi Keung,OUTPATIENT,K21.0,1927,1500,APPROVED,2024-01-27,2024-02-21,Nguyen Thi Lan,Prudential Life,Hong Kong
CLM-00205,POL-00831,Nguyen Van An,OUTPATIENT,A09,1052,899,APPROVED,2024-06-29,2024-07-01,Wong Ka Ming,Prudential Life,Vietnam
CLM-00206,POL-00922,Lau Wai Yan,OUTPATIENT,I10,6607,6466,APPROVED,2024-09-12,2024-09-26,Somchai Wattana,FWD Group,Hong Kong
CLM-00207,POL-01961,Somchai Rattanaporn,DENTAL,K05.10,6590,5214,APPROVED,2024-07-25,2024-07-30,Nguyen Thi Lan,Prudential Life,Thailand
CLM-00208,POL-02379,Somchai Srisuwan,MATERNITY,O80,45986,33213,APPROVED,2024-07-30,2024-08-04,Tran Van Minh,Prudential Life,Thailand
CLM-00209,POL-01876,Kanya Rattanaporn,INPATIENT,K35.80,79838,60509,APPROVED,2024-12-01,2024-12-21,Tran Van Minh,AIA Insurance,Thailand
CLM-00210,POL-00353,Chaiwat Phongpanich,OUTPATIENT,A09,1278,1041,APPROVED,2024-11-21,2024-11-22,Pranee Srisuwan,AIA Insurance,Thailand
CLM-00211,POL-00613,Lau Chi Keung,OUTPATIENT,J45.909,4470,0,PENDING,2024-06-20,,Wong Ka Ming,FWD Group,Hong Kong
CLM-00212,POL-01962,Ho Siu Fung,MATERNITY,O82,128694,92036,APPROVED,2024-09-24,2024-10-02,Nguyen Thi Lan,AIA Insurance,Hong Kong
CLM-00213,POL-01233,Dang Quoc Bao,OUTPATIENT,A09,4236,0,REJECTED,2024-05-15,2024-05-19,Tran Van Minh,AIA Insurance,Vietnam
CLM-00214,POL-01498,Lau Ho Yin,OUTPATIENT,N39.0,770,725,APPROVED,2024-12-22,2024-12-26,Wong Ka Ming,FWD Group,Hong Kong
CLM-00215,POL-01125,Lau Kwok Wah,OUTPATIENT,A90,5543,4954,APPROVED,2024-07-23,2024-08-01,Tran Van Minh,AIA Insurance,Hong Kong
CLM-00216,POL-00934,Ngo Thi Thu,DENTAL,K02.9,1137,1022,APPROVED,2024-12-29,2025-01-02,Nguyen Thi Lan,AIA Insurance,Vietnam
CLM-00217,POL-02194,Tran Thi Mai,INPATIENT,E11.9,122879,93746,APPROVED,2024-03-25,2024-03-28,Pranee Srisuwan,AIA Insurance,Vietnam
CLM-00218,POL-01216,Anong Saetang,OUTPATIENT,M54.5,6611,0,REJECTED,2024-07-19,2024-07-25,Somchai Wattana,AIA Insurance,Thailand
CLM-00219,POL-00138,Ho Yuen Man,OUTPATIENT,E11.9,2041,0,IN_REVIEW,2024-12-12,2024-12-24,Wong Ka Ming,FWD Group,Hong Kong
CLM-00220,POL-00265,Prasert Saetang,DENTAL,K02.9,2056,1546,APPROVED,2024-02-28,2024-03-10,Wong Ka Ming,FWD Group,Thailand
CLM-00221,POL-00588,Niran Boonmee,MATERNITY,O80,51896,40046,APPROVED,2024-04-25,2024-05-01,Tran Van Minh,AIA Insurance,Thailand
CLM-00222,POL-00364,Leung Sau Lan,DENTAL,K02.9,2983,2559,APPROVED,2024-03-19,2024-03-22,Somchai Wattana,FWD Group,Hong Kong
CLM-00223,POL-00481,Prasert Srisuwan,MATERNITY,O80,71391,52092,APPROVED,2024-10-07,2024-10-16,Nguyen Thi Lan,FWD Group,Thailand
CLM-00224,POL-02247,Anong Rattanaporn,OUTPATIENT,I10,500,438,APPROVED,2024-09-17,2024-09-24,Nguyen Thi Lan,AIA Insurance,Thailand
CLM-00225,POL-00962,Kanya Srisuwan,INPATIENT,A90,27790,26782,APPROVED,2024-12-29,2025-01-04,Wong Ka Ming,FWD Group,Thailand
CLM-00226,POL-01957,Lee Sau Lan,OUTPATIENT,E11.9,12686,0,REJECTED,2024-11-12,2024-11-16,Pranee Srisuwan,Prudential Life,Hong Kong
CLM-00227,POL-00569,Leung Ka Ming,OUTPATIENT,J06.9,5008,4663,APPROVED,2024-08-01,2024-08-09,Wong Ka Ming,Prudential Life,Hong Kong
CLM-00228,POL-00495,Pranee Wattana,DENTAL,K02.9,5263,0,REJECTED,2024-05-20,2024-05-25,Wong Ka Ming,AIA Insurance,Thailand
CLM-00229,POL-02019,Siriporn Srisuwan,OUTPATIENT,N39.0,531,469,APPROVED,2024-04-29,2024-05-18,Nguyen Thi Lan,Prudential Life,Thailand
CLM-00230,POL-02153,Pranee Chaiyasit,OUTPATIENT,A90,11681,0,REJECTED,2024-07-22,2024-07-25,Wong Ka Ming,AIA Insurance,Thailand
CLM-00231,POL-01533,Do Van Long,OUTPATIENT,M54.5,8888,8766,APPROVED,2024-05-16,2024-05-27,Tran Van Minh,Prudential Life,Vietnam
CLM-00232,POL-01987,Prasert Thongdee,OUTPATIENT,J45.909,8949,7896,APPROVED,2024-06-21,2024-06-27,Pranee Srisuwan,FWD Group,Thailand
CLM-00233,POL-00362,Tran Thi Mai,OUTPATIENT,J06.9,1859,1495,APPROVED,2024-03-02,2024-03-11,Pranee Srisuwan,FWD Group,Vietnam
CLM-00234,POL-01338,Siriporn Saetang,OUTPATIENT,J06.9,4789,0,IN_REVIEW,2024-08-30,2024-09-20,Wong Ka Ming,FWD Group,Thailand
CLM-00235,POL-00785,Chan Tsz Ching,OUTPATIENT,A09,3092,3032,APPROVED,2024-06-17,2024-06-19,Tran Van Minh,AIA Insurance,Hong Kong
CLM-00236,POL-02346,Chaiwat Srisuwan,DENTAL,K02.9,4155,4005,APPROVED,2024-09-17,2024-09-22,Wong Ka Ming,FWD Group,Thailand
CLM-00237,POL-00521,Niran Boonmee,OUTPATIENT,J06.9,2590,0,PENDING,2024-05-21,,Somchai Wattana,FWD Group,Thailand
CLM-00238,POL-01739,Do Van Long,DENTAL,K04.7,9837,7027,APPROVED,2024-07-14,2024-07-19,Wong Ka Ming,AIA Insurance,Vietnam
CLM-00239,POL-01214,Lau Siu Fung,DENTAL,K02.9,1641,1610,APPROVED,2024-02-11,2024-02-26,Somchai Wattana,AIA Insurance,Hong Kong
CLM-00240,POL-01978,Dang Quoc Bao,OUTPATIENT,M54.5,1266,942,APPROVED,2024-09-07,2024-09-16,Somchai Wattana,AIA Insurance,Vietnam
CLM-00241,POL-01643,Cheung Mei Ling,OUTPATIENT,M54.5,1285,0,IN_REVIEW,2024-04-22,2024-04-29,Somchai Wattana,AIA Insurance,Hong Kong
CLM-00242,POL-00674,Chaiwat Chaiyasit,MATERNITY,O82,50651,0,REJECTED,2024-09-17,2024-09-21,Somchai Wattana,FWD Group,Thailand
CLM-00243,POL-00412,Tran Thi Mai,OUTPATIENT,M54.5,18750,18726,APPROVED,2024-05-17,2024-05-29,Somchai Wattana,Prudential Life,Vietnam
CLM-00244,POL-00831,Nguyen Van An,OUTPATIENT,L30.9,1050,1047,APPROVED,2024-09-27,2024-09-29,Wong Ka Ming,Prudential Life,Vietnam
CLM-00245,POL-02000,Anong Boonmee,INPATIENT,A09,146876,0,PENDING,2024-10-02,,Nguyen Thi Lan,FWD Group,Thailand
CLM-00246,POL-01632,Wong Sau Lan,MATERNITY,O80,20436,14373,APPROVED,2024-11-27,2024-12-02,Tran Van Minh,AIA Insurance,Hong Kong
CLM-00247,POL-02064,Pranee Chaiyasit,OUTPATIENT,I10,2114,0,IN_REVIEW,2024-12-10,2024-12-23,Wong Ka Ming,Prudential Life,Thailand
CLM-00248,POL-00838,Chaiwat Chaiyasit,OUTPATIENT,I10,8119,7679,APPROVED,2024-06-08,2024-06-11,Nguyen Thi Lan,Prudential Life,Thailand
CLM-00249,POL-01555,Pranee Rattanaporn,MATERNITY,O82,55865,49488,APPROVED,2024-02-16,2024-02-25,Tran Van Minh,FWD Group,Thailand
CLM-00250,POL-00768,Malee Thongdee,MATERNITY,O80,320810,240087,APPROVED,2024-12-11,2024-12-22,Somchai Wattana,FWD Group,Thailand
CLM-00251,POL-01477,Pranee Phongpanich,DENTAL,K05.10,3134,0,REJECTED,2024-12-05,2024-12-19,Nguyen Thi Lan,AIA Insurance,Thailand
CLM-00252,POL-01911,Prasert Chaiyasit,OUTPATIENT,J06.9,2548,2432,APPROVED,2024-05-09,2024-05-19,Somchai Wattana,AIA Insurance,Thailand
CLM-00253,POL-00224,Vu Ngoc Anh,INPATIENT,S72.001A,34997,29737,APPROVED,2024-08-11,2024-08-14,Wong Ka Ming,AIA Insurance,Vietnam
CLM-00254,POL-00435,Somchai Thongdee,OUTPATIENT,J06.9,1407,0,IN_REVIEW,2024-08-22,2024-09-08,Wong Ka Ming,AIA Insurance,Thailand
CLM-00255,POL-01756,Hoang Duc Thang,DENTAL,K08.9,5824,5755,APPROVED,2024-07-15,2024-07-25,Wong Ka Ming,Prudential Life,Vietnam
CLM-00256,POL-02269,Vu Ngoc Anh,INPATIENT,J18.9,68015,0,PENDING,2024-04-19,,Somchai Wattana,FWD Group,Vietnam
CLM-00257,POL-00793,Dang Quoc Bao,OUTPATIENT,I10,11581,0,PENDING,2024-09-03,,Wong Ka Ming,Prudential Life,Vietnam
CLM-00258,POL-00117,Pham Thu Huong,OUTPATIENT,H10.9,6871,5279,APPROVED,2024-09-30,2024-10-05,Somchai Wattana,Prudential Life,Vietnam
CLM-00259,POL-00932,Pranee Thongdee,MATERNITY,O80,48308,48029,APPROVED,2024-01-04,2024-01-13,Wong Ka Ming,FWD Group,Thailand
CLM-00260,POL-00894,Prasert Phongpanich,DENTAL,K02.9,2994,2778,APPROVED,2024-12-30,2025-01-05,Pranee Srisuwan,AIA Insurance,Thailand
CLM-00261,POL-02167,Nguyen Van An,OUTPATIENT,K21.0,1478,1119,APPROVED,2024-12-10,2024-12-15,Somchai Wattana,FWD Group,Vietnam
CLM-00262,POL-01347,Ngo Thi Thu,OUTPATIENT,K21.0,2403,2102,APPROVED,2024-11-14,2024-12-01,Nguyen Thi Lan,AIA Insurance,Vietnam
CLM-00263,POL-01843,Kittisak Boonmee,OUTPATIENT,I10,1759,1592,APPROVED,2024-09-28,2024-09-29,Pranee Srisuwan,Prudential Life,Thailand
CLM-00264,POL-02311,Kittisak Thongdee,INPATIENT,S72.001A,179633,176771,APPROVED,2024-02-26,2024-03-04,Wong Ka Ming,AIA Insurance,Thailand
CLM-00265,POL-01009,Tran Thi Mai,OUTPATIENT,J45.909,945,724,APPROVED,2024-08-21,2024-08-23,Nguyen Thi Lan,Prudential Life,Vietnam
CLM-00266,POL-00477,Cheung Siu Fung,MATERNITY,O82,21867,16199,APPROVED,2024-10-29,2024-11-02,Nguyen Thi Lan,AIA Insurance,Hong Kong
CLM-00267,POL-00871,Malee Saetang,OUTPATIENT,M54.5,899,687,APPROVED,2024-12-15,2024-12-24,Tran Van Minh,FWD Group,Thailand
CLM-00268,POL-00205,Anong Saetang,OUTPATIENT,M54.5,3519,0,PENDING,2024-01-16,,Wong Ka Ming,FWD Group,Thailand
CLM-00269,POL-01045,Tran Thi Mai,OUTPATIENT,I10,4626,3333,APPROVED,2024-09-05,2024-09-10,Somchai Wattana,Prudential Life,Vietnam
CLM-00270,POL-00203,Somchai Thongdee,DENTAL,K02.9,8697,0,REJECTED,2024-07-16,2024-07-24,Nguyen Thi Lan,Prudential Life,Thailand
CLM-00271,POL-02334,Ngo Thi Thu,OUTPATIENT,K21.0,907,661,APPROVED,2024-12-10,2024-12-18,Somchai Wattana,Prudential Life,Vietnam
CLM-00272,POL-00907,Leung Chi Keung,DENTAL,K05.10,1375,0,IN_REVIEW,2024-08-13,2024-08-22,Somchai Wattana,AIA Insurance,Hong Kong
CLM-00273,POL-01536,Lee Kwok Wah,DENTAL,K02.9,4310,0,REJECTED,2024-09-08,2024-09-25,Pranee Srisuwan,FWD Group,Hong Kong
CLM-00274,POL-01752,Malee Saetang,DENTAL,K02.9,3798,0,REJECTED,2024-11-23,2024-12-01,Nguyen Thi Lan,AIA Insurance,Thailand
CLM-00275,POL-00681,Malee Rattanaporn,DENTAL,K04.7,3008,2351,APPROVED,2024-09-24,2024-09-27,Pranee Srisuwan,FWD Group,Thailand
CLM-00276,POL-00228,Vu Ngoc Anh,OUTPATIENT,L30.9,1598,0,REJECTED,2024-01-31,2024-02-07,Pranee Srisuwan,Prudential Life,Vietnam
CLM-00277,POL-00148,Siriporn Wattana,MATERNITY,O80,143217,0,REJECTED,2024-02-11,2024-02-20,Pranee Srisuwan,AIA Insurance,Thailand
CLM-00278,POL-02123,Prasert Chaiyasit,OUTPATIENT,J06.9,2566,2143,APPROVED,2024-09-20,2024-09-25,Somchai Wattana,AIA Insurance,Thailand
CLM-00279,POL-01886,Somchai Srisuwan,OUTPATIENT,M54.5,11768,11766,APPROVED,2024-01-08,2024-01-11,Tran Van Minh,FWD Group,Thailand
CLM-00280,POL-01542,Somchai Saetang,DENTAL,K02.9,4468,3896,APPROVED,2024-09-19,2024-09-24,Tran Van Minh,FWD Group,Thailand
CLM-00281,POL-02072,Anong Phongpanich,OUTPATIENT,K21.0,10365,10309,APPROVED,2024-10-10,2024-10-12,Somchai Wattana,FWD Group,Thailand
CLM-00282,POL-01514,Hoang Duc Thang,OUTPATIENT,J06.9,4088,3466,APPROVED,2024-04-19,2024-04-25,Somchai Wattana,FWD Group,Vietnam
CLM-00283,POL-01211,Chaiwat Wattana,OUTPATIENT,J06.9,7979,0,PENDING,2024-05-09,,Nguyen Thi Lan,Prudential Life,Thailand
CLM-00284,POL-01799,Bui Thanh Ha,OUTPATIENT,K21.0,2620,2052,APPROVED,2024-05-06,2024-05-12,Tran Van Minh,FWD Group,Vietnam
CLM-00285,POL-02290,Chaiwat Boonmee,OUTPATIENT,I10,1532,0,REJECTED,2024-11-19,2024-11-24,Nguyen Thi Lan,Prudential Life,Thailand
CLM-00286,POL-01146,Leung Wai Yan,MATERNITY,O82,70654,64954,APPROVED,2024-10-29,2024-11-17,Wong Ka Ming,AIA Insurance,Hong Kong
CLM-00287,POL-02235,Ng Tsz Ching,OUTPATIENT,M54.5,5921,4220,APPROVED,2024-10-23,2024-11-05,Somchai Wattana,Prudential Life,Hong Kong
CLM-00288,POL-01813,Ho Kwok Wah,INPATIENT,A09,77714,72276,APPROVED,2024-12-07,2024-12-17,Tran Van Minh,AIA Insurance,Hong Kong
CLM-00289,POL-01703,Ng Mei Ling,OUTPATIENT,A09,4187,3799,APPROVED,2024-04-13,2024-04-16,Somchai Wattana,FWD Group,Hong Kong
CLM-00290,POL-00917,Ho Sau Lan,OUTPATIENT,L30.9,1341,1335,APPROVED,2024-02-15,2024-02-29,Somchai Wattana,AIA Insurance,Hong Kong
CLM-00291,POL-02248,Hoang Duc Thang,OUTPATIENT,M54.5,1860,0,REJECTED,2024-12-26,2025-01-08,Somchai Wattana,AIA Insurance,Vietnam
CLM-00292,POL-00693,Prasert Saetang,OUTPATIENT,A90,3110,0,PENDING,2024-01-17,,Somchai Wattana,AIA Insurance,Thailand
CLM-00293,POL-01761,Anong Boonmee,MATERNITY,O80,31670,29452,APPROVED,2024-09-22,2024-09-27,Nguyen Thi Lan,Prudential Life,Thailand
CLM-00294,POL-00415,Vu Ngoc Anh,OUTPATIENT,A90,2770,2458,APPROVED,2024-11-23,2024-11-28,Somchai Wattana,Prudential Life,Vietnam
CLM-00295,POL-01101,Vu Ngoc Anh,OUTPATIENT,A09,2666,2316,APPROVED,2024-11-10,2024-11-14,Wong Ka Ming,Prudential Life,Vietnam
CLM-00296,POL-00274,Lau Kwok Wah,OUTPATIENT,J06.9,2458,2419,APPROVED,2024-03-21,2024-03-26,Wong Ka Ming,Prudential Life,Hong Kong
CLM-00297,POL-00025,Anong Boonmee,OUTPATIENT,N39.0,3377,3157,APPROVED,2024-07-15,2024-07-17,Somchai Wattana,FWD Group,Thailand
CLM-00298,POL-02218,Malee Rattanaporn,DENTAL,K08.9,4263,3018,APPROVED,2024-04-26,2024-05-09,Somchai Wattana,Prudential Life,Thailand
CLM-00299,POL-00282,Ng Sau Lan,OUTPATIENT,K21.0,4385,0,REJECTED,2024-08-19,2024-08-29,Tran Van Minh,AIA Insurance,Hong Kong
CLM-00300,POL-00961,Siriporn Saetang,OUTPATIENT,H10.9,3492,2652,APPROVED,2024-09-07,2024-09-16,Nguyen Thi Lan,AIA Insurance,Thailand
CLM-00301,POL-01939,Dang Quoc Bao,OUTPATIENT,E11.9,1912,1812,APPROVED,2024-07-10,2024-07-15,Pranee Srisuwan,FWD Group,Vietnam
CLM-00302,POL-01253,Nguyen Van An,OUTPATIENT,I10,17563,14011,APPROVED,2024-03-16,2024-03-21,Pranee Srisuwan,AIA Insurance,Vietnam
CLM-00303,POL-01535,Malee Chaiyasit,OUTPATIENT,J06.9,1850,1783,APPROVED,2024-08-11,2024-08-17,Somchai Wattana,AIA Insurance,Thailand
CLM-00304,POL-01905,Leung Sau Lan,DENTAL,K05.10,2507,2022,APPROVED,2024-05-08,2024-05-14,Nguyen Thi Lan,FWD Group,Hong Kong
CLM-00305,POL-02160,Hoang Duc Thang,OUTPATIENT,N39.0,4219,3290,APPROVED,2024-08-03,2024-08-11,Somchai Wattana,FWD Group,Vietnam
CLM-00306,POL-01630,Niran Phongpanich,INPATIENT,J45.909,27195,20003,APPROVED,2024-01-07,2024-01-10,Wong Ka Ming,Prudential Life,Thailand
CLM-00307,POL-00267,Pranee Rattanaporn,DENTAL,K02.9,9036,7113,APPROVED,2024-12-09,2024-12-12,Nguyen Thi Lan,AIA Insurance,Thailand
CLM-00308,POL-01894,Lee Tsz Ching,DENTAL,K05.10,13938,0,REJECTED,2024-10-08,2024-10-23,Tran Van Minh,Prudential Life,Hong Kong
CLM-00309,POL-01918,Pham Thu Huong,OUTPATIENT,A09,585,0,PENDING,2024-05-31,,Somchai Wattana,Prudential Life,Vietnam
CLM-00310,POL-01939,Dang Quoc Bao,OUTPATIENT,J06.9,4249,3363,APPROVED,2024-10-24,2024-10-29,Wong Ka Ming,FWD Group,Vietnam
CLM-00311,POL-01492,Do Van Long,DENTAL,K04.7,4972,4046,APPROVED,2024-11-09,2024-11-15,Wong Ka Ming,AIA Insurance,Vietnam
CLM-00312,POL-01504,Niran Saetang,OUTPATIENT,I10,6085,4433,APPROVED,2024-09-03,2024-09-11,Nguyen Thi Lan,AIA Insurance,Thailand
CLM-00313,POL-01742,Lee Kwok Wah,OUTPATIENT,K21.0,29053,24599,APPROVED,2024-09-01,2024-09-06,Wong Ka Ming,AIA Insurance,Hong Kong
CLM-00314,POL-01645,Malee Boonmee,DENTAL,K04.7,1362,1000,APPROVED,2024-07-29,2024-08-08,Pranee Srisuwan,Prudential Life,Thailand
CLM-00315,POL-01277,Ngo Thi Thu,DENTAL,K05.10,6351,4661,APPROVED,2024-12-28,2024-12-29,Wong Ka Ming,AIA Insurance,Vietnam
CLM-00316,POL-01316,Ngo Thi Thu,OUTPATIENT,L30.9,4714,3694,APPROVED,2024-01-26,2024-01-28,Tran Van Minh,AIA Insurance,Vietnam
CLM-00317,POL-01631,Prasert Saetang,OUTPATIENT,L30.9,1173,0,REJECTED,2024-05-12,2024-05-15,Somchai Wattana,AIA Insurance,Thailand
CLM-00318,POL-00262,Chan Wai Yan,MATERNITY,O82,76889,71387,APPROVED,2024-03-18,2024-03-20,Somchai Wattana,FWD Group,Hong Kong
CLM-00319,POL-00261,Anong Thongdee,OUTPATIENT,M54.5,33181,29414,APPROVED,2024-10-21,2024-10-29,Nguyen Thi Lan,FWD Group,Thailand
CLM-00320,POL-00734,Hoang Duc Thang,OUTPATIENT,J06.9,966,0,PENDING,2024-02-03,,Somchai Wattana,AIA Insurance,Vietnam
CLM-00321,POL-01353,Chan Mei Ling,INPATIENT,A90,20114,0,IN_REVIEW,2024-10-10,2024-10-14,Somchai Wattana,FWD Group,Hong Kong
CLM-00322,POL-00852,Siriporn Rattanaporn,OUTPATIENT,M54.5,2579,1955,APPROVED,2024-11-30,2024-12-08,Somchai Wattana,FWD Group,Thailand
CLM-00323,POL-00141,Kittisak Phongpanich,MATERNITY,O80,230705,0,IN_REVIEW,2024-11-15,2024-11-21,Nguyen Thi Lan,Prudential Life,Thailand
CLM-00324,POL-01464,Somchai Rattanaporn,INPATIENT,J45.909,314977,252075,APPROVED,2024-05-03,2024-05-14,Wong Ka Ming,FWD Group,Thailand
CLM-00325,POL-02143,Chan Mei Ling,OUTPATIENT,J06.9,9588,7019,APPROVED,2024-08-26,2024-09-08,Somchai Wattana,Prudential Life,Hong Kong
CLM-00326,POL-00883,Ho Wai Yan,OUTPATIENT,K21.0,3281,2522,APPROVED,2024-01-18,2024-01-22,Nguyen Thi Lan,Prudential Life,Hong Kong
CLM-00327,POL-00916,Lau Mei Ling,OUTPATIENT,J45.909,11013,9000,APPROVED,2024-12-19,2024-12-25,Tran Van Minh,AIA Insurance,Hong Kong
CLM-00328,POL-00230,Anong Srisuwan,OUTPATIENT,J06.9,4278,4069,APPROVED,2024-02-17,2024-02-19,Wong Ka Ming,AIA Insurance,Thailand
CLM-00329,POL-02320,Leung Wai Yan,DENTAL,K02.9,3274,2503,APPROVED,2024-11-28,2024-12-06,Wong Ka Ming,AIA Insurance,Hong Kong
CLM-00330,POL-00776,Chaiwat Chaiyasit,OUTPATIENT,I10,1207,905,APPROVED,2024-05-29,2024-05-31,Wong Ka Ming,AIA Insurance,Thailand
CLM-00331,POL-01875,Bui Thanh Ha,DENTAL,K02.9,6322,5173,APPROVED,2024-02-06,2024-02-21,Nguyen Thi Lan,FWD Group,Vietnam
CLM-00332,POL-02116,Tran Thi Mai,OUTPATIENT,M54.5,4526,4405,APPROVED,2024-03-02,2024-03-16,Somchai Wattana,AIA Insurance,Vietnam
CLM-00333,POL-00918,Niran Chaiyasit,OUTPATIENT,A90,1204,0,IN_REVIEW,2024-09-10,2024-09-17,Pranee Srisuwan,Prudential Life,Thailand
CLM-00334,POL-00471,Anong Chaiyasit,OUTPATIENT,J06.9,15085,13106,APPROVED,2024-12-31,2025-01-06,Somchai Wattana,Prudential Life,Thailand
CLM-00335,POL-02209,Lau Sau Lan,OUTPATIENT,A09,1255,0,REJECTED,2024-01-20,2024-01-24,Tran Van Minh,AIA Insurance,Hong Kong
CLM-00336,POL-00879,Pranee Srisuwan,OUTPATIENT,A09,2229,0,REJECTED,2024-04-28,2024-05-08,Somchai Wattana,FWD Group,Thailand
CLM-00337,POL-00086,Ngo Thi Thu,DENTAL,K05.10,7027,5601,APPROVED,2024-10-20,2024-10-30,Nguyen Thi Lan,AIA Insurance,Vietnam
CLM-00338,POL-00858,Ng Tsz Ching,DENTAL,K02.9,2596,1937,APPROVED,2024-12-21,2024-12-25,Nguyen Thi Lan,FWD Group,Hong Kong
CLM-00339,POL-01678,Kanya Wattana,MATERNITY,O80,110439,84085,APPROVED,2024-09-12,2024-09-16,Somchai Wattana,AIA Insurance,Thailand
CLM-00340,POL-00452,Ho Ka Ming,DENTAL,K05.10,2738,1988,APPROVED,2024-09-14,2024-09-18,Somchai Wattana,AIA Insurance,Hong Kong
CLM-00341,POL-01978,Dang Quoc Bao,MATERNITY,O82,95812,82832,APPROVED,2024-09-12,2024-09-22,Tran Van Minh,AIA Insurance,Vietnam
CLM-00342,POL-00999,Lee Siu Fung,DENTAL,K04.7,1873,1510,APPROVED,2024-03-31,2024-04-07,Nguyen Thi Lan,Prudential Life,Hong Kong
CLM-00343,POL-01804,Tran Thi Mai,DENTAL,K04.7,1487,1147,APPROVED,2024-04-20,2024-04-30,Pranee Srisuwan,Prudential Life,Vietnam
CLM-00344,POL-00633,Leung Siu Fung,INPATIENT,J45.909,152893,129208,APPROVED,2024-07-20,2024-07-23,Pranee Srisuwan,FWD Group,Hong Kong
CLM-00345,POL-00306,Pham Thu Huong,INPATIENT,J45.909,129175,94899,APPROVED,2024-08-15,2024-08-20,Tran Van Minh,FWD Group,Vietnam
CLM-00346,POL-01318,Prasert Srisuwan,INPATIENT,E11.9,25408,21334,APPROVED,2024-06-25,2024-07-01,Pranee Srisuwan,Prudential Life,Thailand
CLM-00347,POL-02090,Bui Thanh Ha,OUTPATIENT,J06.9,1991,0,REJECTED,2024-10-25,2024-11-01,Tran Van Minh,AIA Insurance,Vietnam
CLM-00348,POL-00859,Chaiwat Phongpanich,DENTAL,K08.9,1634,0,PENDING,2024-10-05,,Pranee Srisuwan,Prudential Life,Thailand
CLM-00349,POL-01457,Kanya Saetang,DENTAL,K05.10,5145,0,REJECTED,2024-04-06,2024-04-12,Somchai Wattana,AIA Insurance,Thailand
CLM-00350,POL-01778,Anong Thongdee,OUTPATIENT,I10,1861,1561,APPROVED,2024-10-20,2024-10-31,Nguyen Thi Lan,AIA Insurance,Thailand
CLM-00351,POL-00512,Dang Quoc Bao,INPATIENT,E11.9,29209,27151,APPROVED,2024-07-27,2024-08-02,Nguyen Thi Lan,Prudential Life,Vietnam
CLM-00352,POL-02134,Do Van Long,INPATIENT,E11.9,208988,174090,APPROVED,2024-05-08,2024-05-16,Tran Van Minh,FWD Group,Vietnam
CLM-00353,POL-01774,Lau Sau Lan,OUTPATIENT,A09,1654,1376,APPROVED,2024-01-08,2024-01-10,Pranee Srisuwan,AIA Insurance,Hong Kong
CLM-00354,POL-01515,Pham Thu Huong,OUTPATIENT,M54.5,2458,0,IN_REVIEW,2024-06-17,2024-06-19,Wong Ka Ming,FWD Group,Vietnam
CLM-00355,POL-01127,Chaiwat Thongdee,OUTPATIENT,E11.9,3859,0,PENDING,2024-07-05,,Pranee Srisuwan,FWD Group,Thailand
CLM-00356,POL-00285,Kittisak Srisuwan,OUTPATIENT,J45.909,3018,2923,APPROVED,2024-11-28,2024-12-13,Somchai Wattana,Prudential Life,Thailand
CLM-00357,POL-01939,Dang Quoc Bao,INPATIENT,K35.80,27393,19412,APPROVED,2024-04-28,2024-05-02,Nguyen Thi Lan,FWD Group,Vietnam
CLM-00358,POL-01163,Chaiwat Thongdee,OUTPATIENT,J06.9,3879,0,REJECTED,2024-06-25,2024-07-03,Wong Ka Ming,AIA Insurance,Thailand
CLM-00359,POL-00788,Niran Thongdee,OUTPATIENT,A09,3724,0,REJECTED,2024-10-15,2024-10-21,Somchai Wattana,AIA Insurance,Thailand
CLM-00360,POL-01452,Pranee Saetang,INPATIENT,J45.909,99869,0,IN_REVIEW,2024-12-24,2025-01-03,Wong Ka Ming,Prudential Life,Thailand
CLM-00361,POL-01326,Lee Tsz Ching,OUTPATIENT,L30.9,11785,9717,APPROVED,2024-10-23,2024-11-01,Nguyen Thi Lan,AIA Insurance,Hong Kong
CLM-00362,POL-01693,Kanya Phongpanich,OUTPATIENT,J06.9,8172,0,PENDING,2024-03-08,,Tran Van Minh,FWD Group,Thailand
CLM-00363,POL-01072,Ho Mei Ling,OUTPATIENT,L30.9,1302,0,IN_REVIEW,2024-02-01,2024-02-14,Pranee Srisuwan,Prudential Life,Hong Kong
CLM-00364,POL-00522,Prasert Phongpanich,DENTAL,K04.7,2830,2075,APPROVED,2024-03-08,2024-03-10,Nguyen Thi Lan,Prudential Life,Thailand
CLM-00365,POL-00531,Le Minh Tuan,OUTPATIENT,H10.9,2522,2339,APPROVED,2024-04-06,2024-04-08,Pranee Srisuwan,Prudential Life,Vietnam
CLM-00366,POL-01751,Pham Thu Huong,INPATIENT,A09,366810,318585,APPROVED,2024-07-11,2024-07-18,Wong Ka Ming,Prudential Life,Vietnam
CLM-00367,POL-02292,Siriporn Boonmee,OUTPATIENT,J06.9,511,492,APPROVED,2024-03-03,2024-03-07,Somchai Wattana,Prudential Life,Thailand
CLM-00368,POL-01125,Lau Kwok Wah,OUTPATIENT,E11.9,2158,2143,APPROVED,2024-03-02,2024-03-13,Nguyen Thi Lan,AIA Insurance,Hong Kong
CLM-00369,POL-01460,Leung Sau Lan,OUTPATIENT,M54.5,4491,0,PENDING,2024-12-30,,Tran Van Minh,AIA Insurance,Hong Kong
CLM-00370,POL-00266,Prasert Phongpanich,OUTPATIENT,K21.0,1061,781,APPROVED,2024-05-02,2024-05-09,Somchai Wattana,AIA Insurance,Thailand
CLM-00371,POL-01522,Cheung Ho Yin,OUTPATIENT,M54.5,646,550,APPROVED,2024-10-08,2024-10-31,Pranee Srisuwan,FWD Group,Hong Kong
CLM-00372,POL-00775,Cheung Siu Fung,OUTPATIENT,J06.9,1503,1454,APPROVED,2024-10-07,2024-10-09,Pranee Srisuwan,AIA Insurance,Hong Kong
CLM-00373,POL-01206,Malee Saetang,OUTPATIENT,J06.9,3875,3136,APPROVED,2024-06-24,2024-06-29,Tran Van Minh,FWD Group,Thailand
CLM-00374,POL-01227,Pranee Wattana,OUTPATIENT,A09,5902,0,REJECTED,2024-04-16,2024-04-28,Tran Van Minh,AIA Insurance,Thailand
CLM-00375,POL-01262,Malee Rattanaporn,INPATIENT,A09,88647,0,REJECTED,2024-11-21,2024-11-25,Nguyen Thi Lan,AIA Insurance,Thailand
CLM-00376,POL-01042,Pranee Boonmee,OUTPATIENT,A90,19618,0,REJECTED,2024-08-12,2024-08-15,Nguyen Thi Lan,AIA Insurance,Thailand
CLM-00377,POL-00585,Prasert Wattana,OUTPATIENT,H10.9,5689,0,REJECTED,2024-11-24,2024-12-11,Somchai Wattana,Prudential Life,Thailand
CLM-00378,POL-00857,Lau Kwok Wah,MATERNITY,O80,61128,49322,APPROVED,2024-01-31,2024-02-17,Somchai Wattana,AIA Insurance,Hong Kong
CLM-00379,POL-02274,Le Minh Tuan,MATERNITY,O80,24365,0,PENDING,2024-07-04,,Tran Van Minh,Prudential Life,Vietnam
CLM-00380,POL-00738,Lee Sau Lan,DENTAL,K04.7,2022,1513,APPROVED,2024-09-01,2024-09-09,Nguyen Thi Lan,Prudential Life,Hong Kong
CLM-00381,POL-00107,Prasert Rattanaporn,OUTPATIENT,E11.9,19730,19468,APPROVED,2024-06-27,2024-07-03,Tran Van Minh,FWD Group,Thailand
CLM-00382,POL-01181,Malee Wattana,OUTPATIENT,K21.0,688,680,APPROVED,2024-02-10,2024-02-14,Tran Van Minh,FWD Group,Thailand
CLM-00383,POL-00836,Lee Sau Lan,DENTAL,K05.10,3335,0,REJECTED,2024-08-25,2024-08-27,Wong Ka Ming,AIA Insurance,Hong Kong
CLM-00384,POL-02075,Vu Ngoc Anh,OUTPATIENT,L30.9,3327,3164,APPROVED,2024-10-05,2024-10-19,Tran Van Minh,AIA Insurance,Vietnam
CLM-00385,POL-00746,Somchai Wattana,OUTPATIENT,M54.5,1457,0,IN_REVIEW,2024-08-18,2024-08-20,Wong Ka Ming,Prudential Life,Thailand
CLM-00386,POL-00412,Tran Thi Mai,OUTPATIENT,E11.9,4135,3403,APPROVED,2024-10-26,2024-10-29,Pranee Srisuwan,Prudential Life,Vietnam
CLM-00387,POL-00727,Pham Thu Huong,OUTPATIENT,M54.5,8286,0,IN_REVIEW,2024-05-11,2024-05-31,Wong Ka Ming,FWD Group,Vietnam
CLM-00388,POL-01732,Vu Ngoc Anh,INPATIENT,A09,308768,293463,APPROVED,2024-06-18,2024-06-23,Tran Van Minh,FWD Group,Vietnam
CLM-00389,POL-00059,Nguyen Van An,OUTPATIENT,E11.9,8713,6770,APPROVED,2024-11-14,2024-11-28,Nguyen Thi Lan,AIA Insurance,Vietnam
CLM-00390,POL-00660,Lee Tsz Ching,OUTPATIENT,A09,1305,942,APPROVED,2024-03-25,2024-03-31,Wong Ka Ming,FWD Group,Hong Kong
CLM-00391,POL-00136,Tran Thi Mai,OUTPATIENT,N39.0,6933,6290,APPROVED,2024-02-18,2024-03-06,Somchai Wattana,AIA Insurance,Vietnam
CLM-00392,POL-00333,Wong Tsz Ching,OUTPATIENT,M54.5,5122,0,PENDING,2024-06-26,,Nguyen Thi Lan,AIA Insurance,Hong Kong
CLM-00393,POL-00499,Pham Thu Huong,OUTPATIENT,N39.0,1589,0,REJECTED,2024-02-16,2024-02-22,Tran Van Minh,AIA Insurance,Vietnam
CLM-00394,POL-02400,Malee Wattana,OUTPATIENT,I10,1422,1405,APPROVED,2024-11-01,2024-11-06,Pranee Srisuwan,Prudential Life,Thailand
CLM-00395,POL-00481,Prasert Srisuwan,OUTPATIENT,E11.9,3017,2797,APPROVED,2024-11-18,2024-11-27,Nguyen Thi Lan,FWD Group,Thailand
CLM-00396,POL-00977,Wong Siu Fung,OUTPATIENT,I10,2236,0,PENDING,2024-11-16,,Tran Van Minh,Prudential Life,Hong Kong
CLM-00397,POL-00640,Malee Saetang,DENTAL,K05.10,18029,15920,APPROVED,2024-09-11,2024-09-14,Tran Van Minh,AIA Insurance,Thailand
CLM-00398,POL-01130,Ngo Thi Thu,DENTAL,K04.7,3633,2597,APPROVED,2024-03-20,2024-03-27,Wong Ka Ming,AIA Insurance,Vietnam
CLM-00399,POL-00747,Nguyen Van An,OUTPATIENT,J06.9,3291,2361,APPROVED,2024-05-22,2024-05-30,Somchai Wattana,AIA Insurance,Vietnam
CLM-00400,POL-01529,Pranee Srisuwan,INPATIENT,A09,562492,0,REJECTED,2024-09-04,2024-09-07,Somchai Wattana,Prudential Life,Thailand
CLM-00401,POL-00685,Do Van Long,OUTPATIENT,E11.9,6068,5492,APPROVED,2024-12-07,2024-12-10,Pranee Srisuwan,Prudential Life,Vietnam
CLM-00402,POL-00129,Kanya Boonmee,INPATIENT,J18.9,98549,0,REJECTED,2024-05-31,2024-06-08,Pranee Srisuwan,Prudential Life,Thailand
CLM-00403,POL-01488,Pham Thu Huong,OUTPATIENT,L30.9,1098,1029,APPROVED,2024-04-16,2024-04-19,Tran Van Minh,AIA Insurance,Vietnam
CLM-00404,POL-00695,Bui Thanh Ha,OUTPATIENT,J06.9,1536,1252,APPROVED,2024-06-21,2024-06-23,Pranee Srisuwan,FWD Group,Vietnam
CLM-00405,POL-00616,Bui Thanh Ha,OUTPATIENT,A90,1445,0,REJECTED,2024-12-27,2024-12-29,Somchai Wattana,AIA Insurance,Vietnam
CLM-00406,POL-01108,Prasert Thongdee,DENTAL,K08.9,7042,0,PENDING,2024-05-12,,Wong Ka Ming,AIA Insurance,Thailand
CLM-00407,POL-00547,Chaiwat Wattana,OUTPATIENT,A09,4719,0,PENDING,2024-07-13,,Pranee Srisuwan,Prudential Life,Thailand
CLM-00408,POL-00102,Tran Thi Mai,INPATIENT,J45.909,14485,13773,APPROVED,2024-06-07,2024-06-09,Pranee Srisuwan,FWD Group,Vietnam
CLM-00409,POL-00641,Siriporn Boonmee,OUTPATIENT,J45.909,4311,0,IN_REVIEW,2024-02-16,2024-02-26,Somchai Wattana,Prudential Life,Thailand
CLM-00410,POL-01933,Ngo Thi Thu,OUTPATIENT,J06.9,6560,5347,APPROVED,2024-07-12,2024-07-16,Somchai Wattana,Prudential Life,Vietnam
CLM-00411,POL-01644,Vu Ngoc Anh,OUTPATIENT,J45.909,7771,6595,APPROVED,2024-05-19,2024-06-08,Pranee Srisuwan,AIA Insurance,Vietnam
CLM-00412,POL-01831,Le Minh Tuan,OUTPATIENT,I10,1302,0,REJECTED,2024-08-29,2024-09-03,Nguyen Thi Lan,AIA Insurance,Vietnam
CLM-00413,POL-01563,Somchai Phongpanich,OUTPATIENT,A09,8246,7249,APPROVED,2024-04-05,2024-04-11,Tran Van Minh,Prudential Life,Thailand
CLM-00414,POL-00168,Lau Yuen Man,OUTPATIENT,N39.0,3894,0,IN_REVIEW,2024-11-23,2024-11-30,Nguyen Thi Lan,AIA Insurance,Hong Kong
CLM-00415,POL-01570,Kittisak Srisuwan,OUTPATIENT,A09,5927,4873,APPROVED,2024-03-28,2024-04-05,Nguyen Thi Lan,Prudential Life,Thailand
CLM-00416,POL-00031,Cheung Yuen Man,DENTAL,K02.9,10593,7990,APPROVED,2024-12-07,2024-12-27,Somchai Wattana,Prudential Life,Hong Kong
CLM-00417,POL-01311,Ngo Thi Thu,DENTAL,K02.9,1164,0,REJECTED,2024-02-26,2024-03-01,Somchai Wattana,AIA Insurance,Vietnam
CLM-00418,POL-01337,Vu Ngoc Anh,OUTPATIENT,K21.0,1890,1417,APPROVED,2024-12-27,2024-12-29,Somchai Wattana,Prudential Life,Vietnam
CLM-00419,POL-01380,Pham Thu Huong,OUTPATIENT,I10,9763,9371,APPROVED,2024-03-07,2024-03-13,Nguyen Thi Lan,AIA Insurance,Vietnam
CLM-00420,POL-01794,Dang Quoc Bao,OUTPATIENT,I10,760,621,APPROVED,2024-05-01,2024-05-15,Somchai Wattana,AIA Insurance,Vietnam
CLM-00421,POL-00838,Chaiwat Chaiyasit,DENTAL,K08.9,2948,2202,APPROVED,2024-12-10,2024-12-13,Nguyen Thi Lan,Prudential Life,Thailand
CLM-00422,POL-00435,Somchai Thongdee,OUTPATIENT,I10,1138,942,APPROVED,2024-12-29,2025-01-03,Wong Ka Ming,AIA Insurance,Thailand
CLM-00423,POL-00928,Ng Tsz Ching,INPATIENT,E11.9,64655,62568,APPROVED,2024-03-23,2024-04-11,Pranee Srisuwan,FWD Group,Hong Kong
CLM-00424,POL-00138,Ho Yuen Man,OUTPATIENT,A09,500,0,IN_REVIEW,2024-03-08,2024-03-12,Nguyen Thi Lan,FWD Group,Hong Kong
CLM-00425,POL-00760,Ng Mei Ling,DENTAL,K04.7,3724,2861,APPROVED,2024-09-05,2024-09-11,Tran Van Minh,FWD Group,Hong Kong
CLM-00426,POL-02101,Anong Srisuwan,OUTPATIENT,A09,6746,0,IN_REVIEW,2024-09-18,2024-09-30,Somchai Wattana,Prudential Life,Thailand
CLM-00427,POL-01847,Niran Boonmee,OUTPATIENT,J06.9,1766,1263,APPROVED,2024-12-24,2024-12-31,Somchai Wattana,Prudential Life,Thailand
CLM-00428,POL-00508,Bui Thanh Ha,DENTAL,K04.7,3989,0,REJECTED,2024-04-16,2024-04-24,Pranee Srisuwan,Prudential Life,Vietnam
CLM-00429,POL-02146,Ngo Thi Thu,OUTPATIENT,K21.0,2019,1433,APPROVED,2024-08-19,2024-08-22,Pranee Srisuwan,FWD Group,Vietnam
CLM-00430,POL-00362,Tran Thi Mai,OUTPATIENT,K21.0,4622,3667,APPROVED,2024-11-14,2024-11-24,Pranee Srisuwan,FWD Group,Vietnam
CLM-00431,POL-00677,Lau Sau Lan,OUTPATIENT,J06.9,2751,2362,APPROVED,2024-01-24,2024-02-05,Pranee Srisuwan,AIA Insurance,Hong Kong
CLM-00432,POL-00591,Siriporn Rattanaporn,MATERNITY,O80,32711,26585,APPROVED,2024-04-16,2024-04-27,Somchai Wattana,Prudential Life,Thailand
CLM-00433,POL-02232,Tran Thi Mai,OUTPATIENT,J06.9,1607,1404,APPROVED,2024-01-31,2024-02-04,Nguyen Thi Lan,Prudential Life,Vietnam
CLM-00434,POL-01993,Chaiwat Thongdee,MATERNITY,O82,71983,0,IN_REVIEW,2024-04-09,2024-04-26,Nguyen Thi Lan,AIA Insurance,Thailand
CLM-00435,POL-00443,Siriporn Chaiyasit,MATERNITY,O80,138728,109556,APPROVED,2024-07-27,2024-08-02,Pranee Srisuwan,AIA Insurance,Thailand
CLM-00436,POL-00460,Pham Thu Huong,OUTPATIENT,E11.9,6402,4658,APPROVED,2024-05-09,2024-05-14,Somchai Wattana,Prudential Life,Vietnam
CLM-00437,POL-00625,Lee Tsz Ching,OUTPATIENT,J06.9,12145,0,IN_REVIEW,2024-03-12,2024-03-15,Tran Van Minh,Prudential Life,Hong Kong
CLM-00438,POL-01851,Anong Wattana,OUTPATIENT,I10,6393,5017,APPROVED,2024-01-31,2024-02-05,Tran Van Minh,FWD Group,Thailand
CLM-00439,POL-00493,Chan Ka Ming,DENTAL,K02.9,2748,0,PENDING,2024-06-11,,Nguyen Thi Lan,Prudential Life,Hong Kong
CLM-00440,POL-02322,Siriporn Phongpanich,OUTPATIENT,J06.9,2144,0,IN_REVIEW,2024-05-11,2024-05-12,Pranee Srisuwan,AIA Insurance,Thailand
CLM-00441,POL-00897,Kittisak Thongdee,DENTAL,K02.9,1897,1648,APPROVED,2024-01-19,2024-01-23,Pranee Srisuwan,Prudential Life,Thailand
CLM-00442,POL-02113,Bui Thanh Ha,MATERNITY,O80,69343,58191,APPROVED,2024-07-30,2024-08-06,Wong Ka Ming,FWD Group,Vietnam
CLM-00443,POL-01143,Siriporn Saetang,OUTPATIENT,A09,4160,0,IN_REVIEW,2024-03-19,2024-03-24,Nguyen Thi Lan,AIA Insurance,Thailand
CLM-00444,POL-01218,Anong Srisuwan,OUTPATIENT,E11.9,3986,3251,APPROVED,2024-11-16,2024-11-24,Nguyen Thi Lan,FWD Group,Thailand
CLM-00445,POL-01671,Hoang Duc Thang,DENTAL,K02.9,3312,0,REJECTED,2024-12-18,2024-12-26,Nguyen Thi Lan,AIA Insurance,Vietnam
CLM-00446,POL-02182,Pranee Wattana,MATERNITY,O82,48772,44743,APPROVED,2024-10-08,2024-10-10,Pranee Srisuwan,FWD Group,Thailand
CLM-00447,POL-00052,Prasert Saetang,OUTPATIENT,A09,1154,0,REJECTED,2024-01-14,2024-01-24,Pranee Srisuwan,AIA Insurance,Thailand
CLM-00448,POL-01545,Prasert Saetang,OUTPATIENT,M54.5,4500,4158,APPROVED,2024-08-28,2024-09-05,Pranee Srisuwan,Prudential Life,Thailand
CLM-00449,POL-00138,Ho Yuen Man,MATERNITY,O82,144204,0,REJECTED,2024-11-05,2024-11-14,Somchai Wattana,FWD Group,Hong Kong
CLM-00450,POL-01077,Nguyen Van An,OUTPATIENT,L30.9,3386,2817,APPROVED,2024-06-13,2024-06-24,Pranee Srisuwan,FWD Group,Vietnam
CLM-00451,POL-00216,Cheung Siu Fung,MATERNITY,O80,141230,0,IN_REVIEW,2024-11-25,2024-12-03,Pranee Srisuwan,Prudential Life,Hong Kong
CLM-00452,POL-00245,Siriporn Rattanaporn,MATERNITY,O82,24465,18434,APPROVED,2024-04-17,2024-04-22,Wong Ka Ming,Prudential Life,Thailand
CLM-00453,POL-02381,Siriporn Rattanaporn,DENTAL,K02.9,3450,0,PENDING,2024-02-01,,Nguyen Thi Lan,Prudential Life,Thailand
CLM-00454,POL-01742,Lee Kwok Wah,OUTPATIENT,A90,2119,0,REJECTED,2024-03-28,2024-04-04,Tran Van Minh,AIA Insurance,Hong Kong
CLM-00455,POL-00203,Somchai Thongdee,MATERNITY,O80,179585,137120,APPROVED,2024-10-10,2024-10-16,Tran Van Minh,Prudential Life,Thailand
CLM-00456,POL-00742,Wong Wai Yan,OUTPATIENT,A90,6745,5327,APPROVED,2024-08-12,2024-08-19,Tran Van Minh,FWD Group,Hong Kong
CLM-00457,POL-00630,Le Minh Tuan,DENTAL,K04.7,2896,2320,APPROVED,2024-10-23,2024-10-26,Somchai Wattana,AIA Insurance,Vietnam
CLM-00458,POL-00871,Malee Saetang,DENTAL,K02.9,5125,0,REJECTED,2024-04-01,2024-04-04,Wong Ka Ming,FWD Group,Thailand
CLM-00459,POL-00994,Prasert Chaiyasit,DENTAL,K02.9,823,0,REJECTED,2024-05-22,2024-05-29,Tran Van Minh,Prudential Life,Thailand
CLM-00460,POL-01944,Anong Thongdee,OUTPATIENT,E11.9,8177,0,IN_REVIEW,2024-04-06,2024-04-10,Nguyen Thi Lan,FWD Group,Thailand
CLM-00461,POL-02063,Dang Quoc Bao,DENTAL,K05.10,2347,0,PENDING,2024-05-19,,Wong Ka Ming,AIA Insurance,Vietnam
CLM-00462,POL-00959,Chaiwat Chaiyasit,OUTPATIENT,J45.909,2185,1795,APPROVED,2024-11-19,2024-11-22,Wong Ka Ming,Prudential Life,Thailand
CLM-00463,POL-00210,Hoang Duc Thang,OUTPATIENT,N39.0,2027,0,IN_REVIEW,2024-07-06,2024-07-12,Nguyen Thi Lan,AIA Insurance,Vietnam
CLM-00464,POL-01385,Siriporn Phongpanich,OUTPATIENT,I10,2927,2110,APPROVED,2024-11-22,2024-11-29,Pranee Srisuwan,AIA Insurance,Thailand
CLM-00465,POL-01121,Anong Saetang,OUTPATIENT,E11.9,5267,0,REJECTED,2024-04-29,2024-05-09,Wong Ka Ming,FWD Group,Thailand
CLM-00466,POL-01847,Niran Boonmee,OUTPATIENT,J06.9,821,732,APPROVED,2024-11-25,2024-12-05,Pranee Srisuwan,Prudential Life,Thailand
CLM-00467,POL-01285,Leung Ka Ming,OUTPATIENT,E11.9,8049,7585,APPROVED,2024-08-29,2024-08-31,Somchai Wattana,Prudential Life,Hong Kong
CLM-00468,POL-01434,Ho Ho Yin,DENTAL,K02.9,2482,1835,APPROVED,2024-11-17,2024-11-29,Pranee Srisuwan,AIA Insurance,Hong Kong
CLM-00469,POL-00530,Prasert Boonmee,DENTAL,K05.10,5557,0,IN_REVIEW,2024-12-10,2025-01-02,Somchai Wattana,FWD Group,Thailand
CLM-00470,POL-00119,Prasert Rattanaporn,INPATIENT,A09,172431,152713,APPROVED,2024-06-25,2024-07-03,Nguyen Thi Lan,AIA Insurance,Thailand
CLM-00471,POL-01014,Malee Wattana,OUTPATIENT,A90,1016,0,REJECTED,2024-12-25,2024-12-30,Tran Van Minh,AIA Insurance,Thailand
CLM-00472,POL-01964,Siriporn Wattana,INPATIENT,E11.9,55451,0,IN_REVIEW,2024-08-17,2024-08-20,Somchai Wattana,Prudential Life,Thailand
CLM-00473,POL-00644,Tran Thi Mai,OUTPATIENT,K21.0,4968,0,REJECTED,2024-12-02,2024-12-15,Tran Van Minh,AIA Insurance,Vietnam
CLM-00474,POL-00896,Siriporn Wattana,DENTAL,K04.7,13652,0,PENDING,2024-08-08,,Wong Ka Ming,FWD Group,Thailand
CLM-00475,POL-00094,Kittisak Phongpanich,INPATIENT,J18.9,84772,62749,APPROVED,2024-10-06,2024-10-13,Tran Van Minh,Prudential Life,Thailand
CLM-00476,POL-01886,Somchai Srisuwan,INPATIENT,A09,7015,6988,APPROVED,2024-12-13,2024-12-21,Nguyen Thi Lan,FWD Group,Thailand
CLM-00477,POL-02187,Pham Thu Huong,OUTPATIENT,A09,6845,0,IN_REVIEW,2024-05-27,2024-06-02,Somchai Wattana,Prudential Life,Vietnam
CLM-00478,POL-01212,Malee Phongpanich,OUTPATIENT,J06.9,785,0,PENDING,2024-04-30,,Nguyen Thi Lan,Prudential Life,Thailand
CLM-00479,POL-02271,Chaiwat Boonmee,OUTPATIENT,E11.9,4347,3681,APPROVED,2024-01-15,2024-01-19,Nguyen Thi Lan,FWD Group,Thailand
CLM-00480,POL-00986,Cheung Sau Lan,MATERNITY,O80,477151,0,PENDING,2024-12-28,,Somchai Wattana,FWD Group,Hong Kong
CLM-00481,POL-01109,Tran Thi Mai,DENTAL,K02.9,2963,2508,APPROVED,2024-04-28,2024-05-02,Somchai Wattana,AIA Insurance,Vietnam
CLM-00482,POL-01401,Ho Yuen Man,INPATIENT,J45.909,16874,13602,APPROVED,2024-10-18,2024-10-28,Nguyen Thi Lan,AIA Insurance,Hong Kong
CLM-00483,POL-00518,Anong Wattana,OUTPATIENT,A09,1088,1077,APPROVED,2024-04-03,2024-04-10,Wong Ka Ming,AIA Insurance,Thailand
CLM-00484,POL-02140,Bui Thanh Ha,OUTPATIENT,J06.9,1992,1566,APPROVED,2024-05-11,2024-05-16,Nguyen Thi Lan,AIA Insurance,Vietnam
CLM-00485,POL-01844,Tran Thi Mai,INPATIENT,J18.9,1004597,0,REJECTED,2024-09-26,2024-10-01,Wong Ka Ming,Prudential Life,Vietnam
CLM-00486,POL-02397,Nguyen Van An,OUTPATIENT,J06.9,2301,2085,APPROVED,2024-05-01,2024-05-04,Pranee Srisuwan,AIA Insurance,Vietnam
CLM-00487,POL-01543,Ho Tsz Ching,OUTPATIENT,N39.0,500,0,IN_REVIEW,2024-05-28,2024-06-03,Nguyen Thi Lan,Prudential Life,Hong Kong
CLM-00488,POL-02288,Ng Yuen Man,OUTPATIENT,J06.9,31242,24522,APPROVED,2024-06-11,2024-06-20,Tran Van Minh,Prudential Life,Hong Kong
CLM-00489,POL-00253,Siriporn Chaiyasit,OUTPATIENT,E11.9,2628,0,IN_REVIEW,2024-02-10,2024-02-24,Tran Van Minh,FWD Group,Thailand
CLM-00490,POL-01377,Anong Saetang,OUTPATIENT,E11.9,1915,1539,APPROVED,2024-05-25,2024-05-30,Somchai Wattana,Prudential Life,Thailand
CLM-00491,POL-00118,Vu Ngoc Anh,MATERNITY,O82,80742,70502,APPROVED,2024-12-30,2025-01-02,Wong Ka Ming,FWD Group,Vietnam
CLM-00492,POL-01185,Chan Sau Lan,DENTAL,K02.9,1284,934,APPROVED,2024-08-18,2024-08-20,Somchai Wattana,FWD Group,Hong Kong
CLM-00493,POL-00817,Do Van Long,OUTPATIENT,M54.5,701,682,APPROVED,2024-05-24,2024-06-02,Pranee Srisuwan,FWD Group,Vietnam
CLM-00494,POL-01493,Nguyen Van An,INPATIENT,J18.9,279189,0,PENDING,2024-09-06,,Wong Ka Ming,Prudential Life,Vietnam
CLM-00495,POL-01199,Pranee Rattanaporn,DENTAL,K05.10,9494,9227,APPROVED,2024-10-26,2024-11-03,Wong Ka Ming,Prudential Life,Thailand
CLM-00496,POL-02134,Do Van Long,OUTPATIENT,E11.9,11106,9276,APPROVED,2024-05-25,2024-05-28,Tran Van Minh,FWD Group,Vietnam
CLM-00497,POL-00490,Do Van Long,OUTPATIENT,E11.9,798,0,PENDING,2024-04-24,,Pranee Srisuwan,FWD Group,Vietnam
CLM-00498,POL-00934,Ngo Thi Thu,INPATIENT,E11.9,265452,0,PENDING,2024-01-15,,Somchai Wattana,AIA Insurance,Vietnam
CLM-00499,POL-00377,Ngo Thi Thu,OUTPATIENT,J06.9,26693,22351,APPROVED,2024-10-25,2024-10-29,Tran Van Minh,FWD Group,Vietnam
CLM-00500,POL-01727,Pham Thu Huong,OUTPATIENT,E11.9,1614,1474,APPROVED,2024-08-18,2024-08-22,Tran Van Minh,Prudential Life,Vietnam
CLM-00501,POL-01139,Pham Thu Huong,OUTPATIENT,A90,12903,0,REJECTED,2024-11-29,2024-12-05,Tran Van Minh,FWD Group,Vietnam
CLM-00502,POL-01658,Pranee Rattanaporn,OUTPATIENT,I10,1144,889,APPROVED,2024-10-15,2024-10-22,Wong Ka Ming,Prudential Life,Thailand
CLM-00503,POL-01613,Cheung Yuen Man,DENTAL,K05.10,2347,0,REJECTED,2024-12-30,2025-01-03,Pranee Srisuwan,AIA Insurance,Hong Kong
CLM-00504,POL-01038,Niran Saetang,DENTAL,K02.9,20470,0,REJECTED,2024-12-04,2024-12-06,Tran Van Minh,AIA Insurance,Thailand
CLM-00505,POL-02369,Pham Thu Huong,INPATIENT,J45.909,93992,90031,APPROVED,2024-06-07,2024-06-11,Wong Ka Ming,FWD Group,Vietnam
CLM-00506,POL-00727,Pham Thu Huong,OUTPATIENT,J06.9,1811,1459,APPROVED,2024-03-31,2024-04-02,Somchai Wattana,FWD Group,Vietnam
CLM-00507,POL-00469,Somchai Phongpanich,MATERNITY,O80,20700,14930,APPROVED,2024-09-05,2024-09-16,Nguyen Thi Lan,AIA Insurance,Thailand
CLM-00508,POL-01733,Le Minh Tuan,OUTPATIENT,E11.9,1608,0,REJECTED,2024-03-24,2024-03-29,Pranee Srisuwan,FWD Group,Vietnam
CLM-00509,POL-00486,Vu Ngoc Anh,OUTPATIENT,J06.9,4423,3874,APPROVED,2024-08-14,2024-08-25,Tran Van Minh,Prudential Life,Vietnam
CLM-00510,POL-01938,Vu Ngoc Anh,OUTPATIENT,M54.5,45249,0,REJECTED,2024-01-19,2024-02-06,Wong Ka Ming,Prudential Life,Vietnam
CLM-00511,POL-01552,Hoang Duc Thang,OUTPATIENT,H10.9,500,453,APPROVED,2024-07-13,2024-07-17,Somchai Wattana,Prudential Life,Vietnam
CLM-00512,POL-01285,Leung Ka Ming,OUTPATIENT,L30.9,10519,9026,APPROVED,2024-09-22,2024-09-25,Wong Ka Ming,Prudential Life,Hong Kong
CLM-00513,POL-00189,Lee Chi Keung,OUTPATIENT,K21.0,1933,0,REJECTED,2024-04-19,2024-05-02,Tran Van Minh,AIA Insurance,Hong Kong
CLM-00514,POL-01539,Leung Siu Fung,DENTAL,K08.9,3339,2440,APPROVED,2024-01-08,2024-01-10,Pranee Srisuwan,FWD Group,Hong Kong
CLM-00515,POL-01023,Hoang Duc Thang,INPATIENT,J18.9,79571,77371,APPROVED,2024-02-21,2024-02-26,Nguyen Thi Lan,AIA Insurance,Vietnam
CLM-00516,POL-00560,Somchai Chaiyasit,OUTPATIENT,I10,7426,5540,APPROVED,2024-02-11,2024-02-19,Tran Van Minh,AIA Insurance,Thailand
CLM-00517,POL-01784,Hoang Duc Thang,OUTPATIENT,J06.9,3188,0,REJECTED,2024-06-24,2024-06-26,Nguyen Thi Lan,AIA Insurance,Vietnam
CLM-00518,POL-01523,Ngo Thi Thu,OUTPATIENT,K21.0,3926,3661,APPROVED,2024-10-22,2024-10-25,Tran Van Minh,Prudential Life,Vietnam
CLM-00519,POL-01244,Chaiwat Boonmee,DENTAL,K05.10,6081,0,PENDING,2024-10-10,,Wong Ka Ming,FWD Group,Thailand
CLM-00520,POL-00293,Niran Chaiyasit,OUTPATIENT,I10,1709,0,IN_REVIEW,2024-12-05,2024-12-12,Somchai Wattana,FWD Group,Thailand
CLM-00521,POL-00568,Dang Quoc Bao,OUTPATIENT,A90,727,511,APPROVED,2024-05-01,2024-05-07,Tran Van Minh,FWD Group,Vietnam
CLM-00522,POL-00965,Somchai Saetang,OUTPATIENT,I10,5553,4422,APPROVED,2024-01-20,2024-01-22,Wong Ka Ming,Prudential Life,Thailand
CLM-00523,POL-01913,Vu Ngoc Anh,OUTPATIENT,N39.0,1960,1695,APPROVED,2024-08-04,2024-08-07,Nguyen Thi Lan,AIA Insurance,Vietnam
CLM-00524,POL-00126,Siriporn Srisuwan,OUTPATIENT,L30.9,4992,3497,APPROVED,2024-04-15,2024-04-25,Somchai Wattana,FWD Group,Thailand
CLM-00525,POL-01329,Cheung Mei Ling,OUTPATIENT,J06.9,7700,0,IN_REVIEW,2024-06-11,2024-07-11,Somchai Wattana,FWD Group,Hong Kong
CLM-00526,POL-02350,Chaiwat Rattanaporn,MATERNITY,O80,65413,57083,APPROVED,2024-05-10,2024-05-16,Pranee Srisuwan,AIA Insurance,Thailand
CLM-00527,POL-01250,Siriporn Phongpanich,OUTPATIENT,I10,2006,1433,APPROVED,2024-01-16,2024-01-25,Wong Ka Ming,FWD Group,Thailand
CLM-00528,POL-01686,Niran Srisuwan,OUTPATIENT,A90,818,634,APPROVED,2024-02-23,2024-02-26,Somchai Wattana,AIA Insurance,Thailand
CLM-00529,POL-01642,Prasert Phongpanich,INPATIENT,A09,113626,0,REJECTED,2024-07-15,2024-07-18,Pranee Srisuwan,Prudential Life,Thailand
CLM-00530,POL-02024,Pranee Thongdee,MATERNITY,O82,19919,17847,APPROVED,2024-02-03,2024-02-19,Nguyen Thi Lan,AIA Insurance,Thailand
CLM-00531,POL-01356,Kittisak Wattana,OUTPATIENT,M54.5,2464,0,PENDING,2024-06-15,,Pranee Srisuwan,Prudential Life,Thailand
CLM-00532,POL-01026,Ngo Thi Thu,DENTAL,K05.10,11759,0,IN_REVIEW,2024-10-21,2024-10-26,Tran Van Minh,AIA Insurance,Vietnam
CLM-00533,POL-00384,Lee Tsz Ching,OUTPATIENT,J45.909,24445,22915,APPROVED,2024-12-26,2025-01-04,Somchai Wattana,FWD Group,Hong Kong
CLM-00534,POL-00014,Pham Thu Huong,OUTPATIENT,A09,5651,5128,APPROVED,2024-01-18,2024-01-22,Pranee Srisuwan,FWD Group,Vietnam
CLM-00535,POL-00119,Prasert Rattanaporn,DENTAL,K08.9,2399,1692,APPROVED,2024-10-13,2024-10-20,Somchai Wattana,AIA Insurance,Thailand
CLM-00536,POL-00982,Kanya Phongpanich,OUTPATIENT,A90,2365,0,REJECTED,2024-03-16,2024-03-18,Tran Van Minh,AIA Insurance,Thailand
CLM-00537,POL-00708,Tran Thi Mai,OUTPATIENT,J45.909,3670,0,REJECTED,2024-01-12,2024-01-16,Tran Van Minh,Prudential Life,Vietnam
CLM-00538,POL-00879,Pranee Srisuwan,DENTAL,K04.7,2309,2239,APPROVED,2024-02-25,2024-03-06,Somchai Wattana,FWD Group,Thailand
CLM-00539,POL-00285,Kittisak Srisuwan,OUTPATIENT,M54.5,5004,3967,APPROVED,2024-04-30,2024-05-05,Nguyen Thi Lan,Prudential Life,Thailand
CLM-00540,POL-00596,Siriporn Wattana,MATERNITY,O80,86793,74329,APPROVED,2024-09-19,2024-09-23,Nguyen Thi Lan,AIA Insurance,Thailand
CLM-00541,POL-00760,Ng Mei Ling,OUTPATIENT,K21.0,7547,6278,APPROVED,2024-07-02,2024-07-12,Tran Van Minh,FWD Group,Hong Kong
CLM-00542,POL-00950,Tran Thi Mai,OUTPATIENT,I10,6793,6324,APPROVED,2024-06-22,2024-06-26,Wong Ka Ming,Prudential Life,Vietnam
CLM-00543,POL-02291,Hoang Duc Thang,OUTPATIENT,J06.9,3684,0,IN_REVIEW,2024-04-14,2024-04-18,Wong Ka Ming,FWD Group,Vietnam
CLM-00544,POL-01501,Ng Siu Fung,DENTAL,K02.9,8840,7570,APPROVED,2024-12-25,2024-12-29,Nguyen Thi Lan,AIA Insurance,Hong Kong
CLM-00545,POL-00954,Somchai Srisuwan,OUTPATIENT,N39.0,1964,1637,APPROVED,2024-10-02,2024-10-17,Pranee Srisuwan,FWD Group,Thailand
CLM-00546,POL-00700,Siriporn Saetang,OUTPATIENT,I10,3928,3442,APPROVED,2024-10-30,2024-11-08,Wong Ka Ming,AIA Insurance,Thailand
CLM-00547,POL-01347,Ngo Thi Thu,OUTPATIENT,J06.9,3056,2934,APPROVED,2024-08-27,2024-09-02,Wong Ka Ming,AIA Insurance,Vietnam
CLM-00548,POL-01714,Niran Thongdee,DENTAL,K02.9,2422,0,IN_REVIEW,2024-03-14,2024-03-23,Somchai Wattana,FWD Group,Thailand
CLM-00549,POL-00516,Chaiwat Saetang,OUTPATIENT,E11.9,3032,2677,APPROVED,2024-02-26,2024-03-01,Pranee Srisuwan,AIA Insurance,Thailand
CLM-00550,POL-00218,Ho Mei Ling,OUTPATIENT,E11.9,4377,4247,APPROVED,2024-01-14,2024-02-07,Wong Ka Ming,AIA Insurance,Hong Kong
CLM-00551,POL-00694,Malee Chaiyasit,MATERNITY,O82,93187,92219,APPROVED,2024-07-28,2024-08-01,Pranee Srisuwan,FWD Group,Thailand
CLM-00552,POL-02254,Kittisak Wattana,OUTPATIENT,K21.0,7601,7161,APPROVED,2024-03-07,2024-03-09,Wong Ka Ming,FWD Group,Thailand
CLM-00553,POL-01639,Hoang Duc Thang,DENTAL,K08.9,7365,0,PENDING,2024-02-06,,Somchai Wattana,AIA Insurance,Vietnam
CLM-00554,POL-01807,Malee Phongpanich,OUTPATIENT,H10.9,1167,0,PENDING,2024-11-19,,Wong Ka Ming,AIA Insurance,Thailand
CLM-00555,POL-01547,Lee Yuen Man,INPATIENT,S72.001A,40674,32501,APPROVED,2024-07-02,2024-07-09,Wong Ka Ming,Prudential Life,Hong Kong
CLM-00556,POL-00263,Ho Sau Lan,OUTPATIENT,L30.9,3149,2643,APPROVED,2024-10-01,2024-10-07,Nguyen Thi Lan,AIA Insurance,Hong Kong
CLM-00557,POL-00446,Nguyen Van An,DENTAL,K04.7,3661,3023,APPROVED,2024-01-29,2024-02-04,Somchai Wattana,Prudential Life,Vietnam
CLM-00558,POL-01570,Kittisak Srisuwan,OUTPATIENT,I10,1041,0,PENDING,2024-07-07,,Pranee Srisuwan,Prudential Life,Thailand
CLM-00559,POL-01608,Tran Thi Mai,OUTPATIENT,M54.5,5612,4473,APPROVED,2024-01-16,2024-01-25,Wong Ka Ming,AIA Insurance,Vietnam
CLM-00560,POL-01016,Lee Sau Lan,OUTPATIENT,J06.9,1700,1547,APPROVED,2024-05-01,2024-05-03,Wong Ka Ming,AIA Insurance,Hong Kong
CLM-00561,POL-00559,Ng Ho Yin,OUTPATIENT,E11.9,7469,6779,APPROVED,2024-10-29,2024-11-04,Nguyen Thi Lan,AIA Insurance,Hong Kong
CLM-00562,POL-01475,Chaiwat Chaiyasit,OUTPATIENT,M54.5,3364,0,REJECTED,2024-02-27,2024-03-03,Somchai Wattana,AIA Insurance,Thailand
CLM-00563,POL-01659,Wong Ka Ming,OUTPATIENT,N39.0,3834,3195,APPROVED,2024-08-01,2024-08-18,Pranee Srisuwan,Prudential Life,Hong Kong
CLM-00564,POL-02226,Lee Tsz Ching,INPATIENT,N39.0,17822,12970,APPROVED,2024-08-04,2024-08-07,Nguyen Thi Lan,AIA Insurance,Hong Kong
CLM-00565,POL-00628,Ng Mei Ling,OUTPATIENT,J45.909,2371,1811,APPROVED,2024-12-26,2024-12-29,Pranee Srisuwan,AIA Insurance,Hong Kong
CLM-00566,POL-01104,Tran Thi Mai,DENTAL,K04.7,9970,7912,APPROVED,2024-10-06,2024-10-13,Wong Ka Ming,Prudential Life,Vietnam
CLM-00567,POL-01774,Lau Sau Lan,MATERNITY,O82,65680,56518,APPROVED,2024-01-05,2024-01-06,Somchai Wattana,AIA Insurance,Hong Kong
CLM-00568,POL-00270,Nguyen Van An,INPATIENT,K35.80,84464,0,REJECTED,2024-07-20,2024-07-26,Tran Van Minh,AIA Insurance,Vietnam
CLM-00569,POL-00839,Kittisak Srisuwan,OUTPATIENT,N39.0,1594,1386,APPROVED,2024-11-06,2024-11-09,Nguyen Thi Lan,AIA Insurance,Thailand
CLM-00570,POL-00490,Do Van Long,OUTPATIENT,A90,4956,0,REJECTED,2024-05-23,2024-05-29,Somchai Wattana,FWD Group,Vietnam
CLM-00571,POL-01554,Nguyen Van An,OUTPATIENT,J06.9,527,0,PENDING,2024-12-06,,Wong Ka Ming,FWD Group,Vietnam
CLM-00572,POL-00481,Prasert Srisuwan,OUTPATIENT,I10,6538,0,PENDING,2024-11-06,,Wong Ka Ming,FWD Group,Thailand
CLM-00573,POL-00562,Prasert Rattanaporn,OUTPATIENT,J45.909,5257,0,IN_REVIEW,2024-11-18,2024-11-22,Nguyen Thi Lan,Prudential Life,Thailand
CLM-00574,POL-00257,Pranee Boonmee,OUTPATIENT,A09,4487,0,REJECTED,2024-10-22,2024-10-31,Wong Ka Ming,FWD Group,Thailand
CLM-00575,POL-00610,Nguyen Van An,INPATIENT,E11.9,83824,63075,APPROVED,2024-03-18,2024-03-20,Tran Van Minh,Prudential Life,Vietnam
CLM-00576,POL-00272,Chaiwat Rattanaporn,OUTPATIENT,A09,2722,2382,APPROVED,2024-03-08,2024-03-17,Tran Van Minh,AIA Insurance,Thailand
CLM-00577,POL-01731,Malee Phongpanich,INPATIENT,A09,183117,0,IN_REVIEW,2024-09-13,2024-09-27,Wong Ka Ming,AIA Insurance,Thailand
CLM-00578,POL-00170,Chaiwat Saetang,OUTPATIENT,K21.0,3535,2896,APPROVED,2024-04-12,2024-04-22,Tran Van Minh,AIA Insurance,Thailand
CLM-00579,POL-01241,Chaiwat Wattana,INPATIENT,J18.9,560142,480402,APPROVED,2024-12-27,2025-01-06,Somchai Wattana,FWD Group,Thailand
CLM-00580,POL-00345,Malee Chaiyasit,OUTPATIENT,I10,764,660,APPROVED,2024-12-23,2024-12-25,Tran Van Minh,FWD Group,Thailand
CLM-00581,POL-01707,Dang Quoc Bao,OUTPATIENT,E11.9,6384,6086,APPROVED,2024-06-03,2024-06-12,Somchai Wattana,Prudential Life,Vietnam
CLM-00582,POL-01365,Dang Quoc Bao,OUTPATIENT,M54.5,1307,1125,APPROVED,2024-02-23,2024-03-05,Somchai Wattana,AIA Insurance,Vietnam
CLM-00583,POL-00763,Somchai Saetang,OUTPATIENT,K21.0,1196,0,REJECTED,2024-02-12,2024-02-18,Wong Ka Ming,Prudential Life,Thailand
CLM-00584,POL-02355,Ho Kwok Wah,INPATIENT,N39.0,77954,59855,APPROVED,2024-05-27,2024-06-05,Somchai Wattana,Prudential Life,Hong Kong
CLM-00585,POL-00015,Tran Thi Mai,OUTPATIENT,I10,4364,3661,APPROVED,2024-12-23,2024-12-27,Somchai Wattana,FWD Group,Vietnam
CLM-00586,POL-00079,Ngo Thi Thu,OUTPATIENT,N39.0,792,652,APPROVED,2024-10-08,2024-10-15,Wong Ka Ming,Prudential Life,Vietnam
CLM-00587,POL-02174,Somchai Phongpanich,OUTPATIENT,N39.0,4164,3283,APPROVED,2024-05-04,2024-05-16,Somchai Wattana,AIA Insurance,Thailand
CLM-00588,POL-01578,Malee Rattanaporn,OUTPATIENT,J06.9,2774,2070,APPROVED,2024-03-24,2024-04-05,Wong Ka Ming,Prudential Life,Thailand
CLM-00589,POL-01442,Pham Thu Huong,MATERNITY,O80,40147,0,REJECTED,2024-07-14,2024-07-17,Tran Van Minh,AIA Insurance,Vietnam
CLM-00590,POL-02344,Pranee Chaiyasit,DENTAL,K05.10,3673,0,IN_REVIEW,2024-07-03,2024-07-12,Wong Ka Ming,AIA Insurance,Thailand
CLM-00591,POL-01622,Niran Saetang,OUTPATIENT,N39.0,3883,0,REJECTED,2024-10-24,2024-10-29,Wong Ka Ming,Prudential Life,Thailand
CLM-00592,POL-00938,Pham Thu Huong,DENTAL,K02.9,6213,6102,APPROVED,2024-07-02,2024-07-12,Nguyen Thi Lan,Prudential Life,Vietnam
CLM-00593,POL-01722,Siriporn Phongpanich,OUTPATIENT,N39.0,10018,7567,APPROVED,2024-04-04,2024-04-11,Wong Ka Ming,Prudential Life,Thailand
CLM-00594,POL-00284,Hoang Duc Thang,MATERNITY,O80,47486,0,PENDING,2024-02-29,,Pranee Srisuwan,FWD Group,Vietnam
CLM-00595,POL-00983,Anong Rattanaporn,OUTPATIENT,J06.9,15748,0,REJECTED,2024-03-11,2024-03-22,Pranee Srisuwan,AIA Insurance,Thailand
CLM-00596,POL-02149,Wong Mei Ling,OUTPATIENT,J45.909,500,0,PENDING,2024-12-31,,Wong Ka Ming,Prudential Life,Hong Kong
CLM-00597,POL-01905,Leung Sau Lan,INPATIENT,S72.001A,124926,121973,APPROVED,2024-02-18,2024-02-25,Tran Van Minh,FWD Group,Hong Kong
CLM-00598,POL-00399,Lee Mei Ling,DENTAL,K05.10,6067,4854,APPROVED,2024-12-23,2024-12-25,Somchai Wattana,AIA Insurance,Hong Kong
CLM-00599,POL-00429,Dang Quoc Bao,OUTPATIENT,A90,2585,1927,APPROVED,2024-12-17,2024-12-29,Somchai Wattana,Prudential Life,Vietnam
CLM-00600,POL-01624,Vu Ngoc Anh,OUTPATIENT,J06.9,1014,0,REJECTED,2024-12-27,2025-01-04,Tran Van Minh,Prudential Life,Vietnam
CLM-00601,POL-02384,Vu Ngoc Anh,OUTPATIENT,J06.9,4916,4540,APPROVED,2024-10-21,2024-10-28,Nguyen Thi Lan,AIA Insurance,Vietnam
CLM-00602,POL-01275,Le Minh Tuan,OUTPATIENT,L30.9,2706,2028,APPROVED,2024-11-09,2024-11-13,Tran Van Minh,Prudential Life,Vietnam
CLM-00603,POL-01691,Nguyen Van An,MATERNITY,O82,170929,0,REJECTED,2024-08-05,2024-08-19,Somchai Wattana,Prudential Life,Vietnam
CLM-00604,POL-01477,Pranee Phongpanich,OUTPATIENT,J06.9,5597,0,PENDING,2024-01-24,,Nguyen Thi Lan,AIA Insurance,Thailand
CLM-00605,POL-01848,Kanya Wattana,OUTPATIENT,J06.9,1496,0,REJECTED,2024-02-21,2024-03-01,Nguyen Thi Lan,Prudential Life,Thailand
CLM-00606,POL-01523,Ngo Thi Thu,MATERNITY,O80,62729,52701,APPROVED,2024-09-14,2024-09-17,Pranee Srisuwan,Prudential Life,Vietnam
CLM-00607,POL-00677,Lau Sau Lan,OUTPATIENT,H10.9,1476,1432,APPROVED,2024-09-22,2024-09-29,Somchai Wattana,AIA Insurance,Hong Kong
CLM-00608,POL-01645,Malee Boonmee,OUTPATIENT,E11.9,3731,0,IN_REVIEW,2024-01-20,2024-01-30,Tran Van Minh,Prudential Life,Thailand
CLM-00609,POL-01054,Do Van Long,OUTPATIENT,N39.0,20910,19969,APPROVED,2024-12-26,2024-12-30,Wong Ka Ming,Prudential Life,Vietnam
CLM-00610,POL-00906,Wong Wai Yan,DENTAL,K08.9,1275,0,REJECTED,2024-11-27,2024-12-04,Wong Ka Ming,AIA Insurance,Hong Kong
CLM-00611,POL-00534,Ho Mei Ling,OUTPATIENT,I10,927,748,APPROVED,2024-01-01,2024-01-03,Somchai Wattana,Prudential Life,Hong Kong
CLM-00612,POL-00001,Vu Ngoc Anh,OUTPATIENT,N39.0,21082,0,REJECTED,2024-05-09,2024-05-13,Wong Ka Ming,AIA Insurance,Vietnam
CLM-00613,POL-00756,Lau Sau Lan,MATERNITY,O80,79894,0,IN_REVIEW,2024-10-11,2024-10-20,Wong Ka Ming,FWD Group,Hong Kong
CLM-00614,POL-01950,Le Minh Tuan,DENTAL,K04.7,7014,0,PENDING,2024-08-13,,Nguyen Thi Lan,Prudential Life,Vietnam
CLM-00615,POL-01406,Ngo Thi Thu,OUTPATIENT,A90,1923,0,IN_REVIEW,2024-07-27,2024-07-30,Wong Ka Ming,Prudential Life,Vietnam
CLM-00616,POL-01400,Vu Ngoc Anh,DENTAL,K04.7,2783,0,PENDING,2024-12-02,,Wong Ka Ming,Prudential Life,Vietnam
CLM-00617,POL-00366,Hoang Duc Thang,OUTPATIENT,H10.9,7392,6028,APPROVED,2024-05-19,2024-05-25,Nguyen Thi Lan,FWD Group,Vietnam
CLM-00618,POL-00650,Kittisak Srisuwan,INPATIENT,A09,369568,0,IN_REVIEW,2024-02-24,2024-02-26,Nguyen Thi Lan,AIA Insurance,Thailand
CLM-00619,POL-00248,Pranee Thongdee,INPATIENT,J45.909,22528,20106,APPROVED,2024-09-29,2024-10-06,Tran Van Minh,AIA Insurance,Thailand
CLM-00620,POL-00699,Ho Mei Ling,INPATIENT,J18.9,174172,124365,APPROVED,2024-06-10,2024-06-15,Wong Ka Ming,FWD Group,Hong Kong
CLM-00621,POL-00621,Anong Boonmee,OUTPATIENT,K21.0,5837,0,IN_REVIEW,2024-11-11,2024-11-17,Pranee Srisuwan,FWD Group,Thailand
CLM-00622,POL-01849,Cheung Wai Yan,DENTAL,K05.10,25686,24990,APPROVED,2024-03-03,2024-03-09,Pranee Srisuwan,Prudential Life,Hong Kong
CLM-00623,POL-00629,Lee Chi Keung,OUTPATIENT,A09,6760,0,PENDING,2024-02-04,,Wong Ka Ming,AIA Insurance,Hong Kong
CLM-00624,POL-00616,Bui Thanh Ha,MATERNITY,O82,36076,27969,APPROVED,2024-02-14,2024-02-17,Somchai Wattana,AIA Insurance,Vietnam
CLM-00625,POL-02364,Siriporn Chaiyasit,INPATIENT,J18.9,11717,0,IN_REVIEW,2024-04-15,2024-04-17,Nguyen Thi Lan,AIA Insurance,Thailand
CLM-00626,POL-01541,Anong Chaiyasit,INPATIENT,E11.9,15801,0,IN_REVIEW,2024-01-05,2024-01-07,Pranee Srisuwan,FWD Group,Thailand
CLM-00627,POL-00687,Siriporn Rattanaporn,DENTAL,K05.10,9018,0,REJECTED,2024-12-23,2024-12-28,Somchai Wattana,FWD Group,Thailand
CLM-00628,POL-02278,Prasert Saetang,OUTPATIENT,I10,6126,4486,APPROVED,2024-04-11,2024-04-21,Pranee Srisuwan,Prudential Life,Thailand
CLM-00629,POL-02118,Vu Ngoc Anh,DENTAL,K02.9,5213,4974,APPROVED,2024-02-28,2024-03-02,Tran Van Minh,AIA Insurance,Vietnam
CLM-00630,POL-00177,Hoang Duc Thang,MATERNITY,O80,70017,0,IN_REVIEW,2024-12-10,2024-12-16,Pranee Srisuwan,FWD Group,Vietnam
CLM-00631,POL-01589,Le Minh Tuan,OUTPATIENT,A09,4770,4495,APPROVED,2024-07-15,2024-07-18,Wong Ka Ming,FWD Group,Vietnam
CLM-00632,POL-01052,Lee Tsz Ching,OUTPATIENT,N39.0,3797,3160,APPROVED,2024-08-01,2024-08-07,Nguyen Thi Lan,AIA Insurance,Hong Kong
CLM-00633,POL-00778,Wong Ka Ming,OUTPATIENT,M54.5,1080,0,REJECTED,2024-10-17,2024-10-31,Pranee Srisuwan,AIA Insurance,Hong Kong
CLM-00634,POL-00042,Wong Yuen Man,OUTPATIENT,K21.0,1605,0,PENDING,2024-01-29,,Somchai Wattana,Prudential Life,Hong Kong
CLM-00635,POL-02218,Malee Rattanaporn,OUTPATIENT,I10,3505,3431,APPROVED,2024-10-24,2024-11-03,Nguyen Thi Lan,Prudential Life,Thailand
CLM-00636,POL-01758,Siriporn Thongdee,MATERNITY,O82,112262,0,PENDING,2024-03-28,,Nguyen Thi Lan,Prudential Life,Thailand
CLM-00637,POL-01258,Pham Thu Huong,DENTAL,K05.10,11835,9704,APPROVED,2024-11-24,2024-12-04,Pranee Srisuwan,AIA Insurance,Vietnam
CLM-00638,POL-01980,Lau Wai Yan,OUTPATIENT,I10,3291,2728,APPROVED,2024-08-21,2024-08-26,Nguyen Thi Lan,AIA Insurance,Hong Kong
CLM-00639,POL-02031,Siriporn Saetang,MATERNITY,O82,87169,76010,APPROVED,2024-08-26,2024-09-04,Nguyen Thi Lan,Prudential Life,Thailand
CLM-00640,POL-00517,Siriporn Chaiyasit,DENTAL,K02.9,4964,4321,APPROVED,2024-05-19,2024-05-28,Nguyen Thi Lan,FWD Group,Thailand
CLM-00641,POL-00239,Tran Thi Mai,OUTPATIENT,J06.9,2183,1964,APPROVED,2024-12-31,2025-01-13,Wong Ka Ming,Prudential Life,Vietnam
CLM-00642,POL-02352,Cheung Yuen Man,OUTPATIENT,J45.909,2053,1482,APPROVED,2024-11-09,2024-11-16,Somchai Wattana,AIA Insurance,Hong Kong
CLM-00643,POL-00844,Nguyen Van An,DENTAL,K08.9,5389,0,IN_REVIEW,2024-10-23,2024-11-05,Tran Van Minh,Prudential Life,Vietnam
CLM-00644,POL-00328,Leung Tsz Ching,OUTPATIENT,K21.0,1868,0,IN_REVIEW,2024-05-12,2024-05-17,Nguyen Thi Lan,FWD Group,Hong Kong
CLM-00645,POL-00342,Ho Chi Keung,OUTPATIENT,A09,3976,3123,APPROVED,2024-08-14,2024-08-23,Nguyen Thi Lan,AIA Insurance,Hong Kong
CLM-00646,POL-00476,Do Van Long,OUTPATIENT,J45.909,8430,7408,APPROVED,2024-01-14,2024-01-22,Wong Ka Ming,Prudential Life,Vietnam
CLM-00647,POL-02009,Somchai Chaiyasit,OUTPATIENT,I10,2650,0,PENDING,2024-08-15,,Nguyen Thi Lan,Prudential Life,Thailand
CLM-00648,POL-00550,Pham Thu Huong,OUTPATIENT,J06.9,2754,0,IN_REVIEW,2024-07-05,2024-07-14,Nguyen Thi Lan,FWD Group,Vietnam
CLM-00649,POL-00085,Anong Saetang,DENTAL,K04.7,4104,3308,APPROVED,2024-01-14,2024-01-21,Pranee Srisuwan,FWD Group,Thailand
CLM-00650,POL-00471,Anong Chaiyasit,OUTPATIENT,K21.0,2000,1430,APPROVED,2024-11-30,2024-12-03,Nguyen Thi Lan,Prudential Life,Thailand
CLM-00651,POL-01176,Hoang Duc Thang,OUTPATIENT,H10.9,8070,0,PENDING,2024-11-15,,Somchai Wattana,AIA Insurance,Vietnam
CLM-00652,POL-01336,Chaiwat Saetang,DENTAL,K02.9,3233,0,PENDING,2024-11-09,,Pranee Srisuwan,Prudential Life,Thailand
CLM-00653,POL-00029,Malee Wattana,OUTPATIENT,K21.0,4821,0,PENDING,2024-07-26,,Somchai Wattana,Prudential Life,Thailand
CLM-00654,POL-00533,Wong Ka Ming,OUTPATIENT,N39.0,1152,1030,APPROVED,2024-11-09,2024-11-15,Somchai Wattana,FWD Group,Hong Kong
CLM-00655,POL-00437,Chaiwat Rattanaporn,MATERNITY,O80,65826,54639,APPROVED,2024-02-14,2024-02-17,Somchai Wattana,Prudential Life,Thailand
CLM-00656,POL-00492,Somchai Wattana,INPATIENT,E11.9,12840,0,REJECTED,2024-05-26,2024-05-30,Somchai Wattana,AIA Insurance,Thailand
CLM-00657,POL-01413,Do Van Long,DENTAL,K04.7,3611,0,REJECTED,2024-10-22,2024-10-26,Tran Van Minh,AIA Insurance,Vietnam
CLM-00658,POL-01421,Malee Srisuwan,OUTPATIENT,H10.9,815,0,IN_REVIEW,2024-02-15,2024-02-22,Nguyen Thi Lan,Prudential Life,Thailand
CLM-00659,POL-02263,Ho Yuen Man,OUTPATIENT,J06.9,9727,7989,APPROVED,2024-02-11,2024-02-14,Somchai Wattana,FWD Group,Hong Kong
CLM-00660,POL-01540,Wong Kwok Wah,OUTPATIENT,M54.5,36772,0,REJECTED,2024-03-21,2024-04-02,Pranee Srisuwan,AIA Insurance,Hong Kong
CLM-00661,POL-00296,Hoang Duc Thang,OUTPATIENT,J45.909,1576,1273,APPROVED,2024-01-12,2024-01-15,Somchai Wattana,AIA Insurance,Vietnam
CLM-00662,POL-02104,Wong Siu Fung,OUTPATIENT,H10.9,3965,2891,APPROVED,2024-06-23,2024-06-27,Nguyen Thi Lan,AIA Insurance,Hong Kong
CLM-00663,POL-01846,Ng Sau Lan,OUTPATIENT,J06.9,10034,8435,APPROVED,2024-06-24,2024-07-18,Nguyen Thi Lan,Prudential Life,Hong Kong
CLM-00664,POL-02190,Ng Ho Yin,DENTAL,K02.9,2885,0,REJECTED,2024-11-03,2024-11-13,Wong Ka Ming,Prudential Life,Hong Kong
CLM-00665,POL-00931,Chan Chi Keung,OUTPATIENT,E11.9,7118,0,REJECTED,2024-11-30,2024-12-21,Tran Van Minh,Prudential Life,Hong Kong
CLM-00666,POL-02134,Do Van Long,MATERNITY,O82,55700,51410,APPROVED,2024-07-20,2024-07-23,Somchai Wattana,FWD Group,Vietnam
CLM-00667,POL-01618,Anong Saetang,OUTPATIENT,I10,2294,2116,APPROVED,2024-01-03,2024-01-06,Wong Ka Ming,AIA Insurance,Thailand
CLM-00668,POL-00413,Nguyen Van An,OUTPATIENT,A09,3008,2390,APPROVED,2024-06-03,2024-06-10,Somchai Wattana,FWD Group,Vietnam
CLM-00669,POL-00902,Chaiwat Boonmee,OUTPATIENT,L30.9,15541,13951,APPROVED,2024-05-28,2024-06-04,Somchai Wattana,AIA Insurance,Thailand
CLM-00670,POL-02136,Le Minh Tuan,OUTPATIENT,J06.9,2729,2209,APPROVED,2024-10-30,2024-11-02,Tran Van Minh,Prudential Life,Vietnam
CLM-00671,POL-00931,Chan Chi Keung,INPATIENT,J45.909,50184,35989,APPROVED,2024-08-01,2024-08-14,Wong Ka Ming,Prudential Life,Hong Kong
CLM-00672,POL-02168,Prasert Boonmee,OUTPATIENT,H10.9,17565,12465,APPROVED,2024-09-25,2024-10-01,Somchai Wattana,Prudential Life,Thailand
CLM-00673,POL-00134,Niran Saetang,INPATIENT,J18.9,53645,0,PENDING,2024-11-26,,Pranee Srisuwan,AIA Insurance,Thailand
CLM-00674,POL-01696,Somchai Srisuwan,DENTAL,K08.9,2070,0,PENDING,2024-08-09,,Wong Ka Ming,AIA Insurance,Thailand
CLM-00675,POL-01558,Leung Mei Ling,DENTAL,K04.7,2466,2094,APPROVED,2024-11-21,2024-11-25,Wong Ka Ming,AIA Insurance,Hong Kong
CLM-00676,POL-01899,Tran Thi Mai,INPATIENT,J18.9,393211,0,REJECTED,2024-06-07,2024-06-10,Wong Ka Ming,Prudential Life,Vietnam
CLM-00677,POL-01211,Chaiwat Wattana,OUTPATIENT,J45.909,9505,7261,APPROVED,2024-11-08,2024-11-17,Wong Ka Ming,Prudential Life,Thailand
CLM-00678,POL-01867,Kittisak Wattana,MATERNITY,O80,92642,83547,APPROVED,2024-11-12,2024-11-25,Tran Van Minh,AIA Insurance,Thailand
CLM-00679,POL-00243,Leung Sau Lan,OUTPATIENT,A09,1590,1415,APPROVED,2024-05-10,2024-05-15,Somchai Wattana,AIA Insurance,Hong Kong
CLM-00680,POL-00075,Le Minh Tuan,INPATIENT,A09,104385,73864,APPROVED,2024-12-13,2025-01-05,Wong Ka Ming,AIA Insurance,Vietnam
CLM-00681,POL-00354,Tran Thi Mai,OUTPATIENT,N39.0,1172,839,APPROVED,2024-12-15,2024-12-25,Wong Ka Ming,AIA Insurance,Vietnam
CLM-00682,POL-00876,Vu Ngoc Anh,OUTPATIENT,M54.5,6603,5815,APPROVED,2024-09-28,2024-10-13,Wong Ka Ming,FWD Group,Vietnam
CLM-00683,POL-00907,Leung Chi Keung,INPATIENT,A90,134258,109175,APPROVED,2024-12-06,2025-01-03,Nguyen Thi Lan,AIA Insurance,Hong Kong
CLM-00684,POL-01360,Lau Kwok Wah,OUTPATIENT,L30.9,500,480,APPROVED,2024-11-20,2024-12-01,Tran Van Minh,AIA Insurance,Hong Kong
CLM-00685,POL-00309,Bui Thanh Ha,OUTPATIENT,L30.9,2195,1700,APPROVED,2024-06-15,2024-06-27,Somchai Wattana,FWD Group,Vietnam
CLM-00686,POL-01123,Lee Wai Yan,OUTPATIENT,J06.9,24383,21401,APPROVED,2024-03-15,2024-03-17,Nguyen Thi Lan,FWD Group,Hong Kong
CLM-00687,POL-01677,Nguyen Van An,OUTPATIENT,L30.9,3183,2600,APPROVED,2024-03-22,2024-04-03,Tran Van Minh,Prudential Life,Vietnam
CLM-00688,POL-01532,Ng Mei Ling,OUTPATIENT,A90,3251,2367,APPROVED,2024-11-12,2024-11-18,Pranee Srisuwan,Prudential Life,Hong Kong
CLM-00689,POL-00601,Vu Ngoc Anh,OUTPATIENT,M54.5,935,0,REJECTED,2024-12-12,2024-12-14,Nguyen Thi Lan,Prudential Life,Vietnam
CLM-00690,POL-00685,Do Van Long,MATERNITY,O80,107629,87063,APPROVED,2024-05-01,2024-05-12,Somchai Wattana,Prudential Life,Vietnam
CLM-00691,POL-00486,Vu Ngoc Anh,OUTPATIENT,L30.9,931,0,IN_REVIEW,2024-04-20,2024-04-25,Pranee Srisuwan,Prudential Life,Vietnam
CLM-00692,POL-01168,Nguyen Van An,DENTAL,K04.7,10407,8325,APPROVED,2024-09-03,2024-09-05,Pranee Srisuwan,AIA Insurance,Vietnam
CLM-00693,POL-00144,Pranee Chaiyasit,OUTPATIENT,J06.9,13904,13224,APPROVED,2024-03-27,2024-04-01,Somchai Wattana,Prudential Life,Thailand
CLM-00694,POL-01994,Ng Siu Fung,OUTPATIENT,M54.5,1667,0,PENDING,2024-10-04,,Somchai Wattana,Prudential Life,Hong Kong
CLM-00695,POL-02353,Tran Thi Mai,OUTPATIENT,H10.9,2906,2117,APPROVED,2024-10-22,2024-10-25,Pranee Srisuwan,AIA Insurance,Vietnam
CLM-00696,POL-01810,Ho Kwok Wah,OUTPATIENT,H10.9,2540,2464,APPROVED,2024-09-02,2024-09-16,Pranee Srisuwan,Prudential Life,Hong Kong
CLM-00697,POL-01192,Somchai Srisuwan,OUTPATIENT,E11.9,608,461,APPROVED,2024-04-29,2024-05-05,Somchai Wattana,FWD Group,Thailand
CLM-00698,POL-00467,Pham Thu Huong,OUTPATIENT,J45.909,9631,8110,APPROVED,2024-08-06,2024-08-11,Nguyen Thi Lan,Prudential Life,Vietnam
CLM-00699,POL-00204,Dang Quoc Bao,DENTAL,K02.9,3004,0,PENDING,2024-01-07,,Nguyen Thi Lan,Prudential Life,Vietnam
CLM-00700,POL-00564,Pranee Thongdee,OUTPATIENT,N39.0,2489,0,IN_REVIEW,2024-06-18,2024-06-27,Nguyen Thi Lan,Prudential Life,Thailand
CLM-00701,POL-00387,Prasert Phongpanich,OUTPATIENT,K21.0,2294,2011,APPROVED,2024-03-04,2024-03-07,Tran Van Minh,FWD Group,Thailand
CLM-00702,POL-01932,Bui Thanh Ha,OUTPATIENT,E11.9,3214,0,REJECTED,2024-04-21,2024-04-24,Pranee Srisuwan,AIA Insurance,Vietnam
CLM-00703,POL-01408,Siriporn Rattanaporn,INPATIENT,A90,78304,70423,APPROVED,2024-09-18,2024-09-22,Wong Ka Ming,AIA Insurance,Thailand
CLM-00704,POL-01358,Hoang Duc Thang,OUTPATIENT,A09,2715,2186,APPROVED,2024-07-10,2024-07-18,Wong Ka Ming,AIA Insurance,Vietnam
CLM-00705,POL-00092,Pranee Srisuwan,OUTPATIENT,J06.9,2226,0,REJECTED,2024-09-18,2024-09-29,Nguyen Thi Lan,AIA Insurance,Thailand
CLM-00706,POL-00317,Kanya Chaiyasit,OUTPATIENT,J06.9,1873,0,PENDING,2024-04-14,,Pranee Srisuwan,Prudential Life,Thailand
CLM-00707,POL-00550,Pham Thu Huong,OUTPATIENT,J06.9,5641,0,IN_REVIEW,2024-09-18,2024-09-23,Somchai Wattana,FWD Group,Vietnam
CLM-00708,POL-00891,Pham Thu Huong,OUTPATIENT,N39.0,3200,3108,APPROVED,2024-07-12,2024-07-17,Tran Van Minh,AIA Insurance,Vietnam
CLM-00709,POL-02194,Tran Thi Mai,DENTAL,K08.9,12871,9858,APPROVED,2024-10-14,2024-10-21,Wong Ka Ming,AIA Insurance,Vietnam
CLM-00710,POL-00292,Prasert Phongpanich,OUTPATIENT,J06.9,1191,1056,APPROVED,2024-06-01,2024-06-05,Pranee Srisuwan,Prudential Life,Thailand
CLM-00711,POL-02334,Ngo Thi Thu,DENTAL,K02.9,7791,0,IN_REVIEW,2024-04-07,2024-04-11,Wong Ka Ming,Prudential Life,Vietnam
CLM-00712,POL-01269,Ho Siu Fung,OUTPATIENT,E11.9,2182,0,IN_REVIEW,2024-01-22,2024-01-26,Tran Van Minh,FWD Group,Hong Kong
CLM-00713,POL-00338,Bui Thanh Ha,DENTAL,K05.10,2079,0,IN_REVIEW,2024-12-30,2025-01-04,Wong Ka Ming,AIA Insurance,Vietnam
CLM-00714,POL-00234,Tran Thi Mai,INPATIENT,E11.9,79312,60007,APPROVED,2024-12-24,2025-01-10,Pranee Srisuwan,FWD Group,Vietnam
CLM-00715,POL-00924,Kanya Wattana,INPATIENT,E11.9,308692,295247,APPROVED,2024-02-23,2024-03-01,Nguyen Thi Lan,FWD Group,Thailand
CLM-00716,POL-00974,Tran Thi Mai,OUTPATIENT,J06.9,2694,2578,APPROVED,2024-02-23,2024-02-29,Tran Van Minh,AIA Insurance,Vietnam
CLM-00717,POL-01538,Bui Thanh Ha,OUTPATIENT,M54.5,5720,5430,APPROVED,2024-12-09,2024-12-13,Wong Ka Ming,Prudential Life,Vietnam
CLM-00718,POL-00565,Nguyen Van An,OUTPATIENT,I10,3624,0,IN_REVIEW,2024-05-27,2024-06-06,Somchai Wattana,AIA Insurance,Vietnam
CLM-00719,POL-00092,Pranee Srisuwan,DENTAL,K02.9,8267,0,IN_REVIEW,2024-03-16,2024-03-19,Somchai Wattana,AIA Insurance,Thailand
CLM-00720,POL-01554,Nguyen Van An,OUTPATIENT,I10,1119,955,APPROVED,2024-12-10,2024-12-19,Somchai Wattana,FWD Group,Vietnam
CLM-00721,POL-00567,Nguyen Van An,MATERNITY,O80,53414,0,IN_REVIEW,2024-04-24,2024-05-05,Tran Van Minh,AIA Insurance,Vietnam
CLM-00722,POL-01419,Somchai Phongpanich,OUTPATIENT,K21.0,10329,10203,APPROVED,2024-09-29,2024-10-11,Pranee Srisuwan,AIA Insurance,Thailand
CLM-00723,POL-01873,Ho Wai Yan,INPATIENT,J18.9,181209,0,REJECTED,2024-03-31,2024-04-05,Somchai Wattana,FWD Group,Hong Kong
CLM-00724,POL-00335,Nguyen Van An,OUTPATIENT,L30.9,1014,0,REJECTED,2024-11-28,2024-12-07,Nguyen Thi Lan,Prudential Life,Vietnam
CLM-00725,POL-00104,Malee Wattana,INPATIENT,A09,712154,0,IN_REVIEW,2024-07-07,2024-07-18,Pranee Srisuwan,FWD Group,Thailand
CLM-00726,POL-01282,Leung Mei Ling,DENTAL,K02.9,9583,0,IN_REVIEW,2024-11-18,2024-11-28,Nguyen Thi Lan,Prudential Life,Hong Kong
CLM-00727,POL-02181,Niran Saetang,OUTPATIENT,I10,2919,0,REJECTED,2024-08-13,2024-08-23,Wong Ka Ming,AIA Insurance,Thailand
CLM-00728,POL-01537,Lau Tsz Ching,INPATIENT,A09,42728,32791,APPROVED,2024-03-25,2024-04-02,Nguyen Thi Lan,Prudential Life,Hong Kong
CLM-00729,POL-02364,Siriporn Chaiyasit,OUTPATIENT,E11.9,3324,0,REJECTED,2024-01-04,2024-01-09,Somchai Wattana,AIA Insurance,Thailand
CLM-00730,POL-02148,Cheung Wai Yan,DENTAL,K05.10,3423,2644,APPROVED,2024-02-22,2024-02-24,Wong Ka Ming,AIA Insurance,Hong Kong
CLM-00731,POL-00296,Hoang Duc Thang,OUTPATIENT,A90,3591,0,REJECTED,2024-09-22,2024-09-26,Wong Ka Ming,AIA Insurance,Vietnam
CLM-00732,POL-00002,Malee Thongdee,DENTAL,K08.9,10177,0,IN_REVIEW,2024-08-09,2024-08-17,Wong Ka Ming,Prudential Life,Thailand
CLM-00733,POL-02249,Niran Rattanaporn,DENTAL,K02.9,980,722,APPROVED,2024-03-20,2024-03-29,Pranee Srisuwan,AIA Insurance,Thailand
CLM-00734,POL-01779,Do Van Long,OUTPATIENT,E11.9,5776,0,PENDING,2024-09-18,,Pranee Srisuwan,FWD Group,Vietnam
CLM-00735,POL-01993,Chaiwat Thongdee,OUTPATIENT,J45.909,3109,3024,APPROVED,2024-07-12,2024-07-18,Wong Ka Ming,AIA Insurance,Thailand
CLM-00736,POL-00748,Pham Thu Huong,OUTPATIENT,M54.5,2363,2056,APPROVED,2024-09-19,2024-09-26,Tran Van Minh,AIA Insurance,Vietnam
CLM-00737,POL-02252,Pranee Saetang,INPATIENT,N39.0,121303,0,REJECTED,2024-08-30,2024-09-05,Nguyen Thi Lan,Prudential Life,Thailand
CLM-00738,POL-00288,Chan Ho Yin,OUTPATIENT,J06.9,21217,0,PENDING,2024-02-08,,Nguyen Thi Lan,AIA Insurance,Hong Kong
CLM-00739,POL-00269,Do Van Long,MATERNITY,O80,43674,0,IN_REVIEW,2024-05-26,2024-05-31,Pranee Srisuwan,AIA Insurance,Vietnam
CLM-00740,POL-02147,Ngo Thi Thu,INPATIENT,E11.9,13398,11531,APPROVED,2024-06-25,2024-07-01,Somchai Wattana,AIA Insurance,Vietnam
CLM-00741,POL-00533,Wong Ka Ming,MATERNITY,O80,177423,136978,APPROVED,2024-02-04,2024-02-12,Tran Van Minh,FWD Group,Hong Kong
CLM-00742,POL-01139,Pham Thu Huong,OUTPATIENT,K21.0,5258,4860,APPROVED,2024-05-03,2024-05-11,Nguyen Thi Lan,FWD Group,Vietnam
CLM-00743,POL-00693,Prasert Saetang,OUTPATIENT,M54.5,5291,0,REJECTED,2024-07-15,2024-07-22,Pranee Srisuwan,AIA Insurance,Thailand
CLM-00744,POL-01582,Le Minh Tuan,INPATIENT,E11.9,216851,180340,APPROVED,2024-05-07,2024-05-09,Somchai Wattana,AIA Insurance,Vietnam
CLM-00745,POL-01753,Anong Wattana,OUTPATIENT,M54.5,2520,0,IN_REVIEW,2024-11-27,2024-12-17,Pranee Srisuwan,Prudential Life,Thailand
CLM-00746,POL-01027,Somchai Wattana,DENTAL,K02.9,13229,11827,APPROVED,2024-11-07,2024-11-22,Somchai Wattana,Prudential Life,Thailand
CLM-00747,POL-01986,Ngo Thi Thu,OUTPATIENT,A09,5336,5220,APPROVED,2024-02-11,2024-02-15,Somchai Wattana,AIA Insurance,Vietnam
CLM-00748,POL-00055,Pham Thu Huong,DENTAL,K08.9,2214,1718,APPROVED,2024-07-27,2024-07-31,Pranee Srisuwan,FWD Group,Vietnam
CLM-00749,POL-00388,Le Minh Tuan,DENTAL,K02.9,4636,0,IN_REVIEW,2024-08-22,2024-09-02,Pranee Srisuwan,AIA Insurance,Vietnam
CLM-00750,POL-01882,Lau Tsz Ching,OUTPATIENT,I10,1396,1190,APPROVED,2024-11-06,2024-11-09,Somchai Wattana,FWD Group,Hong Kong
CLM-00751,POL-00634,Pranee Rattanaporn,OUTPATIENT,J06.9,1138,0,IN_REVIEW,2024-02-18,2024-02-23,Somchai Wattana,AIA Insurance,Thailand
CLM-00752,POL-02120,Wong Chi Keung,OUTPATIENT,I10,6171,6161,APPROVED,2024-04-24,2024-05-11,Wong Ka Ming,AIA Insurance,Hong Kong
CLM-00753,POL-00110,Nguyen Van An,OUTPATIENT,J06.9,1917,1852,APPROVED,2024-07-30,2024-08-03,Somchai Wattana,FWD Group,Vietnam
CLM-00754,POL-00156,Anong Phongpanich,OUTPATIENT,M54.5,1237,0,IN_REVIEW,2024-06-13,2024-06-20,Wong Ka Ming,AIA Insurance,Thailand
CLM-00755,POL-01122,Cheung Wai Yan,OUTPATIENT,J06.9,2386,2219,APPROVED,2024-12-12,2024-12-19,Tran Van Minh,AIA Insurance,Hong Kong
CLM-00756,POL-00556,Dang Quoc Bao,INPATIENT,E11.9,167769,121627,APPROVED,2024-06-06,2024-06-17,Tran Van Minh,FWD Group,Vietnam
CLM-00757,POL-02205,Niran Srisuwan,OUTPATIENT,I10,1526,1362,APPROVED,2024-03-02,2024-03-07,Tran Van Minh,AIA Insurance,Thailand
CLM-00758,POL-01664,Somchai Wattana,OUTPATIENT,J45.909,15080,11456,APPROVED,2024-07-24,2024-07-31,Somchai Wattana,AIA Insurance,Thailand
CLM-00759,POL-01147,Nguyen Van An,DENTAL,K02.9,13752,10889,APPROVED,2024-09-21,2024-10-01,Somchai Wattana,AIA Insurance,Vietnam
CLM-00760,POL-02243,Somchai Chaiyasit,OUTPATIENT,I10,1450,1042,APPROVED,2024-01-09,2024-01-20,Nguyen Thi Lan,AIA Insurance,Thailand
CLM-00761,POL-01509,Do Van Long,OUTPATIENT,A09,3206,0,PENDING,2024-05-14,,Pranee Srisuwan,Prudential Life,Vietnam
CLM-00762,POL-01494,Prasert Boonmee,OUTPATIENT,I10,12172,0,REJECTED,2024-01-24,2024-01-30,Nguyen Thi Lan,AIA Insurance,Thailand
CLM-00763,POL-00039,Ho Kwok Wah,INPATIENT,J45.909,140815,103793,APPROVED,2024-09-30,2024-10-06,Nguyen Thi Lan,AIA Insurance,Hong Kong
CLM-00764,POL-00579,Prasert Rattanaporn,MATERNITY,O82,84205,63434,APPROVED,2024-03-02,2024-03-18,Somchai Wattana,Prudential Life,Thailand
CLM-00765,POL-01716,Le Minh Tuan,MATERNITY,O82,41127,0,REJECTED,2024-01-14,2024-01-17,Nguyen Thi Lan,Prudential Life,Vietnam
CLM-00766,POL-00189,Lee Chi Keung,OUTPATIENT,E11.9,4034,3560,APPROVED,2024-05-10,2024-05-18,Pranee Srisuwan,AIA Insurance,Hong Kong
CLM-00767,POL-01579,Dang Quoc Bao,OUTPATIENT,J06.9,3056,2952,APPROVED,2024-03-17,2024-03-22,Pranee Srisuwan,AIA Insurance,Vietnam
CLM-00768,POL-01285,Leung Ka Ming,OUTPATIENT,N39.0,562,535,APPROVED,2024-07-13,2024-07-17,Tran Van Minh,Prudential Life,Hong Kong
CLM-00769,POL-02242,Do Van Long,OUTPATIENT,H10.9,2391,1942,APPROVED,2024-09-01,2024-09-05,Somchai Wattana,FWD Group,Vietnam
CLM-00770,POL-00741,Anong Thongdee,DENTAL,K08.9,10629,9106,APPROVED,2024-11-30,2024-12-06,Nguyen Thi Lan,FWD Group,Thailand
CLM-00771,POL-01133,Bui Thanh Ha,INPATIENT,E11.9,91516,82619,APPROVED,2024-09-15,2024-09-18,Tran Van Minh,AIA Insurance,Vietnam
CLM-00772,POL-00704,Pranee Rattanaporn,DENTAL,K05.10,5097,0,REJECTED,2024-02-04,2024-02-06,Wong Ka Ming,Prudential Life,Thailand
CLM-00773,POL-01055,Chaiwat Wattana,OUTPATIENT,N39.0,2654,0,IN_REVIEW,2024-03-29,2024-04-02,Nguyen Thi Lan,AIA Insurance,Thailand
CLM-00774,POL-01122,Cheung Wai Yan,OUTPATIENT,E11.9,2463,2022,APPROVED,2024-05-03,2024-05-06,Pranee Srisuwan,AIA Insurance,Hong Kong
CLM-00775,POL-02329,Cheung Siu Fung,DENTAL,K04.7,3217,2935,APPROVED,2024-03-12,2024-03-18,Somchai Wattana,AIA Insurance,Hong Kong
CLM-00776,POL-00831,Nguyen Van An,OUTPATIENT,E11.9,3625,3623,APPROVED,2024-12-17,2024-12-23,Pranee Srisuwan,Prudential Life,Vietnam
CLM-00777,POL-00099,Lee Kwok Wah,DENTAL,K05.10,1600,0,IN_REVIEW,2024-02-19,2024-02-26,Nguyen Thi Lan,Prudential Life,Hong Kong
CLM-00778,POL-00323,Leung Ho Yin,OUTPATIENT,A90,3223,2536,APPROVED,2024-09-12,2024-09-14,Tran Van Minh,FWD Group,Hong Kong
CLM-00779,POL-01258,Pham Thu Huong,INPATIENT,A09,79169,74423,APPROVED,2024-12-14,2024-12-21,Nguyen Thi Lan,AIA Insurance,Vietnam
CLM-00780,POL-01575,Le Minh Tuan,OUTPATIENT,I10,987,0,IN_REVIEW,2024-11-23,2024-12-04,Wong Ka Ming,AIA Insurance,Vietnam
CLM-00781,POL-01531,Lee Kwok Wah,OUTPATIENT,E11.9,4412,0,PENDING,2024-01-20,,Tran Van Minh,AIA Insurance,Hong Kong
CLM-00782,POL-02054,Vu Ngoc Anh,INPATIENT,J45.909,263825,255722,APPROVED,2024-03-23,2024-04-04,Tran Van Minh,AIA Insurance,Vietnam
CLM-00783,POL-01468,Lee Mei Ling,OUTPATIENT,M54.5,1584,1495,APPROVED,2024-03-20,2024-03-26,Wong Ka Ming,Prudential Life,Hong Kong
CLM-00784,POL-00886,Wong Wai Yan,INPATIENT,J45.909,107201,0,REJECTED,2024-10-11,2024-10-18,Nguyen Thi Lan,AIA Insurance,Hong Kong
CLM-00785,POL-02167,Nguyen Van An,OUTPATIENT,M54.5,812,697,APPROVED,2024-12-09,2024-12-16,Wong Ka Ming,FWD Group,Vietnam
CLM-00786,POL-00650,Kittisak Srisuwan,OUTPATIENT,M54.5,1016,0,REJECTED,2024-10-19,2024-10-25,Nguyen Thi Lan,AIA Insurance,Thailand
CLM-00787,POL-00849,Do Van Long,OUTPATIENT,K21.0,6857,5591,APPROVED,2024-07-20,2024-07-24,Nguyen Thi Lan,Prudential Life,Vietnam
CLM-00788,POL-00722,Pham Thu Huong,INPATIENT,N39.0,193282,153822,APPROVED,2024-04-12,2024-04-17,Wong Ka Ming,AIA Insurance,Vietnam
CLM-00789,POL-02164,Do Van Long,OUTPATIENT,E11.9,2338,2184,APPROVED,2024-12-31,2025-01-10,Tran Van Minh,FWD Group,Vietnam
CLM-00790,POL-00286,Niran Wattana,OUTPATIENT,A90,1379,1239,APPROVED,2024-11-18,2024-11-25,Nguyen Thi Lan,AIA Insurance,Thailand
CLM-00791,POL-00013,Vu Ngoc Anh,INPATIENT,J18.9,103337,0,REJECTED,2024-05-22,2024-05-28,Tran Van Minh,AIA Insurance,Vietnam
CLM-00792,POL-01657,Malee Phongpanich,OUTPATIENT,A90,8218,7451,APPROVED,2024-07-07,2024-07-11,Pranee Srisuwan,Prudential Life,Thailand
CLM-00793,POL-00630,Le Minh Tuan,DENTAL,K02.9,4462,4100,APPROVED,2024-11-26,2024-12-06,Wong Ka Ming,AIA Insurance,Vietnam
CLM-00794,POL-00613,Lau Chi Keung,OUTPATIENT,M54.5,6933,6352,APPROVED,2024-07-08,2024-07-18,Somchai Wattana,FWD Group,Hong Kong
CLM-00795,POL-02099,Malee Saetang,DENTAL,K02.9,9364,8159,APPROVED,2024-06-19,2024-06-22,Tran Van Minh,AIA Insurance,Thailand
CLM-00796,POL-02186,Anong Rattanaporn,DENTAL,K02.9,1272,932,APPROVED,2024-06-22,2024-06-29,Somchai Wattana,AIA Insurance,Thailand
CLM-00797,POL-00938,Pham Thu Huong,OUTPATIENT,M54.5,5305,4879,APPROVED,2024-05-21,2024-05-30,Wong Ka Ming,Prudential Life,Vietnam
CLM-00798,POL-02167,Nguyen Van An,OUTPATIENT,E11.9,7271,0,REJECTED,2024-08-14,2024-09-11,Wong Ka Ming,FWD Group,Vietnam
CLM-00799,POL-01379,Nguyen Van An,OUTPATIENT,E11.9,1525,0,PENDING,2024-03-20,,Tran Van Minh,AIA Insurance,Vietnam
CLM-00800,POL-00061,Hoang Duc Thang,DENTAL,K02.9,2752,2046,APPROVED,2024-05-10,2024-05-19,Nguyen Thi Lan,AIA Insurance,Vietnam
CLM-00801,POL-02387,Malee Wattana,DENTAL,K02.9,16905,12713,APPROVED,2024-10-29,2024-11-07,Nguyen Thi Lan,FWD Group,Thailand
CLM-00802,POL-01196,Ng Mei Ling,OUTPATIENT,A09,4867,4026,APPROVED,2024-12-21,2024-12-28,Somchai Wattana,Prudential Life,Hong Kong
CLM-00803,POL-01628,Tran Thi Mai,OUTPATIENT,N39.0,7131,0,IN_REVIEW,2024-12-08,2024-12-17,Nguyen Thi Lan,Prudential Life,Vietnam
CLM-00804,POL-01430,Malee Chaiyasit,INPATIENT,S72.001A,74063,61383,APPROVED,2024-11-01,2024-11-07,Pranee Srisuwan,FWD Group,Thailand
CLM-00805,POL-00279,Cheung Mei Ling,OUTPATIENT,M54.5,1891,1613,APPROVED,2024-06-17,2024-06-24,Nguyen Thi Lan,AIA Insurance,Hong Kong
CLM-00806,POL-01133,Bui Thanh Ha,DENTAL,K05.10,3839,3689,APPROVED,2024-12-24,2024-12-26,Somchai Wattana,AIA Insurance,Vietnam
CLM-00807,POL-00894,Prasert Phongpanich,DENTAL,K02.9,1777,1323,APPROVED,2024-11-30,2024-12-06,Tran Van Minh,AIA Insurance,Thailand
CLM-00808,POL-01635,Anong Saetang,DENTAL,K02.9,21953,0,REJECTED,2024-09-20,2024-09-30,Nguyen Thi Lan,AIA Insurance,Thailand
CLM-00809,POL-02066,Pham Thu Huong,DENTAL,K02.9,6091,0,REJECTED,2024-04-04,2024-04-06,Somchai Wattana,AIA Insurance,Vietnam
CLM-00810,POL-02141,Do Van Long,OUTPATIENT,J06.9,8052,7338,APPROVED,2024-10-04,2024-10-09,Pranee Srisuwan,AIA Insurance,Vietnam
CLM-00811,POL-02270,Dang Quoc Bao,INPATIENT,A09,179022,132273,APPROVED,2024-05-01,2024-05-17,Pranee Srisuwan,AIA Insurance,Vietnam
CLM-00812,POL-01304,Chaiwat Srisuwan,DENTAL,K02.9,6287,0,IN_REVIEW,2024-11-26,2024-11-29,Somchai Wattana,FWD Group,Thailand
CLM-00813,POL-01967,Malee Srisuwan,OUTPATIENT,L30.9,19069,13988,APPROVED,2024-12-10,2024-12-15,Somchai Wattana,AIA Insurance,Thailand
CLM-00814,POL-01250,Siriporn Phongpanich,OUTPATIENT,J45.909,1041,0,REJECTED,2024-03-05,2024-03-09,Nguyen Thi Lan,FWD Group,Thailand
CLM-00815,POL-02014,Anong Rattanaporn,OUTPATIENT,J06.9,6378,4635,APPROVED,2024-04-29,2024-05-01,Tran Van Minh,FWD Group,Thailand
CLM-00816,POL-00120,Wong Yuen Man,INPATIENT,A90,242390,0,REJECTED,2024-01-03,2024-01-07,Somchai Wattana,FWD Group,Hong Kong
CLM-00817,POL-01389,Lau Mei Ling,DENTAL,K02.9,7944,6568,APPROVED,2024-03-29,2024-04-02,Pranee Srisuwan,Prudential Life,Hong Kong
CLM-00818,POL-01855,Somchai Srisuwan,OUTPATIENT,H10.9,760,0,PENDING,2024-06-08,,Nguyen Thi Lan,FWD Group,Thailand
CLM-00819,POL-01971,Leung Yuen Man,OUTPATIENT,A90,2845,0,PENDING,2024-12-18,,Wong Ka Ming,AIA Insurance,Hong Kong
CLM-00820,POL-02136,Le Minh Tuan,OUTPATIENT,J06.9,3362,3063,APPROVED,2024-01-20,2024-01-29,Wong Ka Ming,Prudential Life,Vietnam
CLM-00821,POL-00178,Vu Ngoc Anh,MATERNITY,O80,32261,0,REJECTED,2024-01-09,2024-01-16,Pranee Srisuwan,AIA Insurance,Vietnam
CLM-00822,POL-00829,Lau Wai Yan,DENTAL,K08.9,1307,1068,APPROVED,2024-08-03,2024-08-16,Somchai Wattana,AIA Insurance,Hong Kong
CLM-00823,POL-01142,Vu Ngoc Anh,OUTPATIENT,E11.9,17156,12615,APPROVED,2024-10-19,2024-10-22,Somchai Wattana,Prudential Life,Vietnam
CLM-00824,POL-02316,Niran Boonmee,DENTAL,K04.7,4217,3189,APPROVED,2024-11-06,2024-11-17,Somchai Wattana,Prudential Life,Thailand
CLM-00825,POL-00597,Prasert Srisuwan,OUTPATIENT,E11.9,1394,1215,APPROVED,2024-04-16,2024-05-02,Nguyen Thi Lan,FWD Group,Thailand
CLM-00826,POL-00377,Ngo Thi Thu,OUTPATIENT,J06.9,1307,924,APPROVED,2024-10-04,2024-10-15,Pranee Srisuwan,FWD Group,Vietnam
CLM-00827,POL-00455,Ho Siu Fung,DENTAL,K08.9,6052,5685,APPROVED,2024-11-16,2024-11-20,Nguyen Thi Lan,Prudential Life,Hong Kong
CLM-00828,POL-01228,Wong Ka Ming,OUTPATIENT,E11.9,2369,2154,APPROVED,2024-05-16,2024-05-19,Tran Van Minh,Prudential Life,Hong Kong
CLM-00829,POL-01403,Tran Thi Mai,DENTAL,K05.10,12188,11906,APPROVED,2024-12-25,2025-01-05,Wong Ka Ming,FWD Group,Vietnam
CLM-00830,POL-01527,Do Van Long,OUTPATIENT,E11.9,960,913,APPROVED,2024-02-16,2024-02-26,Wong Ka Ming,Prudential Life,Vietnam
CLM-00831,POL-02237,Nguyen Van An,OUTPATIENT,I10,10949,9173,APPROVED,2024-08-14,2024-08-16,Pranee Srisuwan,AIA Insurance,Vietnam
CLM-00832,POL-01268,Prasert Wattana,OUTPATIENT,E11.9,1645,0,IN_REVIEW,2024-07-06,2024-07-22,Nguyen Thi Lan,FWD Group,Thailand
CLM-00833,POL-01053,Anong Boonmee,DENTAL,K05.10,1280,1096,APPROVED,2024-12-12,2024-12-16,Nguyen Thi Lan,Prudential Life,Thailand
CLM-00834,POL-00408,Vu Ngoc Anh,OUTPATIENT,M54.5,3312,0,IN_REVIEW,2024-12-14,2024-12-17,Wong Ka Ming,Prudential Life,Vietnam
CLM-00835,POL-00471,Anong Chaiyasit,OUTPATIENT,K21.0,4427,3932,APPROVED,2024-08-11,2024-08-27,Nguyen Thi Lan,Prudential Life,Thailand
CLM-00836,POL-01854,Pham Thu Huong,DENTAL,K02.9,4862,0,REJECTED,2024-03-10,2024-03-18,Nguyen Thi Lan,AIA Insurance,Vietnam
CLM-00837,POL-00901,Pranee Phongpanich,OUTPATIENT,E11.9,2791,0,PENDING,2024-04-11,,Wong Ka Ming,FWD Group,Thailand
CLM-00838,POL-00649,Somchai Srisuwan,INPATIENT,A09,76266,0,IN_REVIEW,2024-05-06,2024-05-21,Pranee Srisuwan,Prudential Life,Thailand
CLM-00839,POL-00072,Nguyen Van An,MATERNITY,O80,159673,0,PENDING,2024-04-17,,Somchai Wattana,Prudential Life,Vietnam
CLM-00840,POL-02112,Do Van Long,INPATIENT,A09,32797,32091,APPROVED,2024-01-12,2024-01-17,Tran Van Minh,Prudential Life,Vietnam
CLM-00841,POL-02177,Somchai Srisuwan,OUTPATIENT,J06.9,1928,0,IN_REVIEW,2024-05-03,2024-05-16,Somchai Wattana,Prudential Life,Thailand
CLM-00842,POL-01564,Kittisak Phongpanich,MATERNITY,O82,18354,13335,APPROVED,2024-01-07,2024-01-13,Nguyen Thi Lan,AIA Insurance,Thailand
CLM-00843,POL-01427,Nguyen Van An,DENTAL,K05.10,4491,4063,APPROVED,2024-01-08,2024-01-14,Nguyen Thi Lan,AIA Insurance,Vietnam
CLM-00844,POL-01476,Hoang Duc Thang,DENTAL,K02.9,10607,9511,APPROVED,2024-09-17,2024-09-23,Pranee Srisuwan,AIA Insurance,Vietnam
CLM-00845,POL-00656,Vu Ngoc Anh,OUTPATIENT,M54.5,5379,4554,APPROVED,2024-01-01,2024-01-04,Somchai Wattana,FWD Group,Vietnam
CLM-00846,POL-00076,Le Minh Tuan,OUTPATIENT,H10.9,5881,5365,APPROVED,2024-02-07,2024-02-09,Tran Van Minh,Prudential Life,Vietnam
CLM-00847,POL-01781,Prasert Phongpanich,INPATIENT,N39.0,100415,0,PENDING,2024-06-30,,Wong Ka Ming,AIA Insurance,Thailand
CLM-00848,POL-00382,Siriporn Wattana,MATERNITY,O80,107075,87362,APPROVED,2024-09-09,2024-09-17,Tran Van Minh,AIA Insurance,Thailand
CLM-00849,POL-00213,Siriporn Chaiyasit,DENTAL,K02.9,2147,0,REJECTED,2024-09-07,2024-09-18,Nguyen Thi Lan,Prudential Life,Thailand
CLM-00850,POL-02004,Leung Sau Lan,INPATIENT,A09,19822,0,REJECTED,2024-11-30,2024-12-06,Tran Van Minh,AIA Insurance,Hong Kong
CLM-00851,POL-01604,Niran Boonmee,INPATIENT,J18.9,65234,0,IN_REVIEW,2024-12-28,2024-12-30,Nguyen Thi Lan,FWD Group,Thailand
CLM-00852,POL-00305,Wong Wai Yan,INPATIENT,A90,295098,0,REJECTED,2024-11-09,2024-11-15,Wong Ka Ming,AIA Insurance,Hong Kong
CLM-00853,POL-02040,Somchai Srisuwan,MATERNITY,O82,41190,0,PENDING,2024-10-26,,Somchai Wattana,AIA Insurance,Thailand
CLM-00854,POL-01893,Hoang Duc Thang,OUTPATIENT,K21.0,5393,0,IN_REVIEW,2024-03-15,2024-03-25,Wong Ka Ming,Prudential Life,Vietnam
CLM-00855,POL-01878,Ngo Thi Thu,OUTPATIENT,L30.9,1827,1488,APPROVED,2024-02-28,2024-03-04,Somchai Wattana,AIA Insurance,Vietnam
CLM-00856,POL-00816,Ho Kwok Wah,OUTPATIENT,J45.909,2558,1932,APPROVED,2024-10-14,2024-10-18,Wong Ka Ming,FWD Group,Hong Kong
CLM-00857,POL-01847,Niran Boonmee,OUTPATIENT,M54.5,500,467,APPROVED,2024-02-28,2024-03-04,Pranee Srisuwan,Prudential Life,Thailand
CLM-00858,POL-01832,Ng Mei Ling,OUTPATIENT,A90,569,417,APPROVED,2024-03-04,2024-03-06,Tran Van Minh,AIA Insurance,Hong Kong
CLM-00859,POL-02023,Wong Mei Ling,OUTPATIENT,E11.9,3924,3355,APPROVED,2024-02-08,2024-02-23,Wong Ka Ming,AIA Insurance,Hong Kong
CLM-00860,POL-01813,Ho Kwok Wah,INPATIENT,J18.9,16917,0,IN_REVIEW,2024-12-12,2024-12-15,Nguyen Thi Lan,AIA Insurance,Hong Kong
CLM-00861,POL-02047,Do Van Long,OUTPATIENT,J06.9,2515,0,IN_REVIEW,2024-04-21,2024-04-24,Nguyen Thi Lan,Prudential Life,Vietnam
CLM-00862,POL-01239,Ho Ho Yin,OUTPATIENT,I10,585,0,IN_REVIEW,2024-12-29,2025-01-10,Somchai Wattana,AIA Insurance,Hong Kong
CLM-00863,POL-01062,Wong Tsz Ching,OUTPATIENT,A09,2137,2085,APPROVED,2024-09-15,2024-09-17,Nguyen Thi Lan,FWD Group,Hong Kong
CLM-00864,POL-00922,Lau Wai Yan,MATERNITY,O80,77280,76209,APPROVED,2024-05-14,2024-05-17,Somchai Wattana,FWD Group,Hong Kong
CLM-00865,POL-00653,Ngo Thi Thu,DENTAL,K02.9,4323,4238,APPROVED,2024-10-28,2024-11-05,Tran Van Minh,AIA Insurance,Vietnam
CLM-00866,POL-00612,Kittisak Saetang,OUTPATIENT,J45.909,3196,3005,APPROVED,2024-06-27,2024-07-20,Wong Ka Ming,Prudential Life,Thailand
CLM-00867,POL-00287,Kittisak Wattana,OUTPATIENT,A09,6904,6297,APPROVED,2024-12-09,2024-12-15,Wong Ka Ming,FWD Group,Thailand
CLM-00868,POL-00148,Siriporn Wattana,OUTPATIENT,J45.909,3964,3767,APPROVED,2024-05-22,2024-05-31,Pranee Srisuwan,AIA Insurance,Thailand
CLM-00869,POL-02301,Dang Quoc Bao,OUTPATIENT,J06.9,1813,1742,APPROVED,2024-03-19,2024-03-23,Tran Van Minh,AIA Insurance,Vietnam
CLM-00870,POL-00354,Tran Thi Mai,OUTPATIENT,I10,1102,0,PENDING,2024-09-19,,Wong Ka Ming,AIA Insurance,Vietnam
CLM-00871,POL-00106,Ng Siu Fung,OUTPATIENT,M54.5,4342,4118,APPROVED,2024-07-10,2024-07-14,Pranee Srisuwan,FWD Group,Hong Kong
CLM-00872,POL-00464,Ho Wai Yan,OUTPATIENT,A09,2056,0,PENDING,2024-08-04,,Wong Ka Ming,Prudential Life,Hong Kong
CLM-00873,POL-00509,Ho Ho Yin,OUTPATIENT,J45.909,9058,0,PENDING,2024-09-11,,Somchai Wattana,Prudential Life,Hong Kong
CLM-00874,POL-01742,Lee Kwok Wah,OUTPATIENT,I10,526,0,PENDING,2024-02-18,,Somchai Wattana,AIA Insurance,Hong Kong
CLM-00875,POL-01179,Ho Sau Lan,OUTPATIENT,A09,4857,0,REJECTED,2024-08-03,2024-08-10,Tran Van Minh,Prudential Life,Hong Kong
CLM-00876,POL-00949,Siriporn Boonmee,DENTAL,K02.9,7936,7117,APPROVED,2024-05-31,2024-06-01,Tran Van Minh,Prudential Life,Thailand
CLM-00877,POL-02177,Somchai Srisuwan,OUTPATIENT,H10.9,517,483,APPROVED,2024-06-11,2024-06-16,Somchai Wattana,Prudential Life,Thailand
CLM-00878,POL-01166,Hoang Duc Thang,OUTPATIENT,A90,10847,0,IN_REVIEW,2024-09-19,2024-09-22,Somchai Wattana,AIA Insurance,Vietnam
CLM-00879,POL-01199,Pranee Rattanaporn,DENTAL,K05.10,14062,0,REJECTED,2024-12-03,2024-12-10,Wong Ka Ming,Prudential Life,Thailand
CLM-00880,POL-02365,Kittisak Saetang,INPATIENT,K35.80,11758,10304,APPROVED,2024-12-10,2024-12-13,Tran Van Minh,AIA Insurance,Thailand
CLM-00881,POL-01228,Wong Ka Ming,OUTPATIENT,I10,11288,9762,APPROVED,2024-12-05,2024-12-10,Somchai Wattana,Prudential Life,Hong Kong
CLM-00882,POL-02035,Ng Yuen Man,OUTPATIENT,I10,3541,0,IN_REVIEW,2024-03-09,2024-03-14,Tran Van Minh,Prudential Life,Hong Kong
CLM-00883,POL-02254,Kittisak Wattana,MATERNITY,O80,16567,13575,APPROVED,2024-01-12,2024-01-18,Somchai Wattana,FWD Group,Thailand
CLM-00884,POL-02201,Lau Yuen Man,OUTPATIENT,L30.9,2631,2613,APPROVED,2024-06-19,2024-06-30,Wong Ka Ming,AIA Insurance,Hong Kong
CLM-00885,POL-01217,Somchai Rattanaporn,OUTPATIENT,A09,3513,3038,APPROVED,2024-02-24,2024-02-27,Wong Ka Ming,FWD Group,Thailand
CLM-00886,POL-00665,Niran Saetang,INPATIENT,E11.9,212651,184654,APPROVED,2024-10-22,2024-11-11,Somchai Wattana,AIA Insurance,Thailand
CLM-00887,POL-02348,Do Van Long,OUTPATIENT,J45.909,11438,9915,APPROVED,2024-02-01,2024-02-05,Wong Ka Ming,FWD Group,Vietnam
CLM-00888,POL-02112,Do Van Long,DENTAL,K02.9,21893,0,PENDING,2024-06-01,,Nguyen Thi Lan,Prudential Life,Vietnam
CLM-00889,POL-00211,Prasert Srisuwan,OUTPATIENT,K21.0,2359,2266,APPROVED,2024-09-08,2024-09-11,Pranee Srisuwan,AIA Insurance,Thailand
CLM-00890,POL-01754,Siriporn Phongpanich,DENTAL,K05.10,6041,5079,APPROVED,2024-09-19,2024-09-23,Wong Ka Ming,FWD Group,Thailand
CLM-00891,POL-00322,Dang Quoc Bao,INPATIENT,K35.80,526197,444222,APPROVED,2024-02-07,2024-02-16,Wong Ka Ming,AIA Insurance,Vietnam
CLM-00892,POL-01738,Chaiwat Rattanaporn,INPATIENT,J45.909,86510,0,REJECTED,2024-10-24,2024-11-01,Nguyen Thi Lan,FWD Group,Thailand
CLM-00893,POL-01821,Siriporn Phongpanich,DENTAL,K05.10,19368,0,REJECTED,2024-01-01,2024-01-03,Pranee Srisuwan,FWD Group,Thailand
CLM-00894,POL-01293,Niran Thongdee,INPATIENT,J45.909,48556,39820,APPROVED,2024-12-30,2025-01-06,Nguyen Thi Lan,AIA Insurance,Thailand
CLM-00895,POL-01135,Ngo Thi Thu,MATERNITY,O80,52385,0,REJECTED,2024-04-16,2024-04-19,Nguyen Thi Lan,Prudential Life,Vietnam
CLM-00896,POL-01164,Wong Tsz Ching,MATERNITY,O80,173268,0,PENDING,2024-11-30,,Nguyen Thi Lan,AIA Insurance,Hong Kong
CLM-00897,POL-00445,Ho Yuen Man,INPATIENT,E11.9,33231,23543,APPROVED,2024-11-01,2024-11-13,Tran Van Minh,Prudential Life,Hong Kong
CLM-00898,POL-00531,Le Minh Tuan,DENTAL,K05.10,6020,0,PENDING,2024-05-24,,Wong Ka Ming,Prudential Life,Vietnam
CLM-00899,POL-00410,Vu Ngoc Anh,DENTAL,K05.10,2818,2675,APPROVED,2024-09-08,2024-09-15,Wong Ka Ming,FWD Group,Vietnam
CLM-00900,POL-02186,Anong Rattanaporn,OUTPATIENT,J06.9,560,481,APPROVED,2024-12-19,2024-12-27,Nguyen Thi Lan,AIA Insurance,Thailand
CLM-00901,POL-02343,Lau Sau Lan,OUTPATIENT,J06.9,2609,2287,APPROVED,2024-07-22,2024-07-29,Tran Van Minh,AIA Insurance,Hong Kong
CLM-00902,POL-01323,Hoang Duc Thang,INPATIENT,N39.0,53226,0,REJECTED,2024-01-11,2024-01-17,Pranee Srisuwan,AIA Insurance,Vietnam
CLM-00903,POL-01799,Bui Thanh Ha,OUTPATIENT,J45.909,1496,1354,APPROVED,2024-12-21,2024-12-29,Pranee Srisuwan,FWD Group,Vietnam
CLM-00904,POL-00083,Ho Ka Ming,DENTAL,K05.10,4788,0,PENDING,2024-11-24,,Tran Van Minh,Prudential Life,Hong Kong
CLM-00905,POL-00477,Cheung Siu Fung,OUTPATIENT,M54.5,10580,0,REJECTED,2024-09-26,2024-09-29,Nguyen Thi Lan,AIA Insurance,Hong Kong
CLM-00906,POL-01388,Siriporn Srisuwan,MATERNITY,O82,42127,39732,APPROVED,2024-11-17,2024-12-05,Nguyen Thi Lan,FWD Group,Thailand
CLM-00907,POL-00453,Kanya Chaiyasit,OUTPATIENT,A09,6223,5153,APPROVED,2024-12-03,2024-12-08,Nguyen Thi Lan,Prudential Life,Thailand
CLM-00908,POL-01995,Nguyen Van An,OUTPATIENT,J06.9,3200,0,IN_REVIEW,2024-08-05,2024-08-14,Pranee Srisuwan,Prudential Life,Vietnam
CLM-00909,POL-00876,Vu Ngoc Anh,OUTPATIENT,I10,821,0,REJECTED,2024-11-08,2024-11-15,Pranee Srisuwan,FWD Group,Vietnam
CLM-00910,POL-01460,Leung Sau Lan,DENTAL,K04.7,3777,0,IN_REVIEW,2024-12-02,2024-12-06,Nguyen Thi Lan,AIA Insurance,Hong Kong
CLM-00911,POL-01855,Somchai Srisuwan,OUTPATIENT,J06.9,8630,7642,APPROVED,2024-02-07,2024-02-11,Pranee Srisuwan,FWD Group,Thailand
CLM-00912,POL-00144,Pranee Chaiyasit,DENTAL,K08.9,2700,2020,APPROVED,2024-03-08,2024-03-16,Nguyen Thi Lan,Prudential Life,Thailand
CLM-00913,POL-01723,Prasert Chaiyasit,MATERNITY,O80,61079,0,IN_REVIEW,2024-11-08,2024-11-13,Somchai Wattana,AIA Insurance,Thailand
CLM-00914,POL-01562,Somchai Thongdee,OUTPATIENT,A09,1976,0,REJECTED,2024-07-18,2024-07-31,Tran Van Minh,AIA Insurance,Thailand
CLM-00915,POL-00288,Chan Ho Yin,INPATIENT,N39.0,73407,56891,APPROVED,2024-07-20,2024-08-08,Nguyen Thi Lan,AIA Insurance,Hong Kong
CLM-00916,POL-01994,Ng Siu Fung,OUTPATIENT,M54.5,574,419,APPROVED,2024-11-29,2024-12-13,Pranee Srisuwan,Prudential Life,Hong Kong
CLM-00917,POL-00121,Lau Yuen Man,INPATIENT,A90,56248,0,IN_REVIEW,2024-12-23,2024-12-27,Somchai Wattana,Prudential Life,Hong Kong
CLM-00918,POL-01381,Somchai Chaiyasit,MATERNITY,O80,52022,47466,APPROVED,2024-09-12,2024-09-19,Wong Ka Ming,Prudential Life,Thailand
CLM-00919,POL-02229,Cheung Kwok Wah,OUTPATIENT,M54.5,1541,0,REJECTED,2024-03-13,2024-03-17,Nguyen Thi Lan,AIA Insurance,Hong Kong
CLM-00920,POL-00631,Somchai Phongpanich,INPATIENT,A09,39222,0,REJECTED,2024-07-20,2024-07-29,Pranee Srisuwan,AIA Insurance,Thailand
CLM-00921,POL-02238,Bui Thanh Ha,OUTPATIENT,N39.0,1499,1459,APPROVED,2024-01-30,2024-02-15,Nguyen Thi Lan,FWD Group,Vietnam
CLM-00922,POL-00851,Lau Chi Keung,OUTPATIENT,I10,1251,1147,APPROVED,2024-11-02,2024-11-06,Pranee Srisuwan,Prudential Life,Hong Kong
CLM-00923,POL-01783,Wong Wai Yan,DENTAL,K05.10,23491,18862,APPROVED,2024-04-14,2024-04-25,Pranee Srisuwan,Prudential Life,Hong Kong
CLM-00924,POL-00015,Tran Thi Mai,OUTPATIENT,K21.0,3219,0,PENDING,2024-10-30,,Tran Van Minh,FWD Group,Vietnam
CLM-00925,POL-00086,Ngo Thi Thu,OUTPATIENT,I10,500,0,IN_REVIEW,2024-12-26,2025-01-10,Wong Ka Ming,AIA Insurance,Vietnam
CLM-00926,POL-01057,Wong Ho Yin,OUTPATIENT,N39.0,1009,935,APPROVED,2024-12-26,2024-12-30,Pranee Srisuwan,Prudential Life,Hong Kong
CLM-00927,POL-01691,Nguyen Van An,OUTPATIENT,J06.9,6781,5137,APPROVED,2024-06-25,2024-06-28,Tran Van Minh,Prudential Life,Vietnam
CLM-00928,POL-01359,Lee Yuen Man,DENTAL,K05.10,1798,0,PENDING,2024-07-25,,Tran Van Minh,AIA Insurance,Hong Kong
CLM-00929,POL-00379,Ho Mei Ling,MATERNITY,O80,51165,0,REJECTED,2024-12-09,2024-12-25,Tran Van Minh,AIA Insurance,Hong Kong
CLM-00930,POL-01421,Malee Srisuwan,DENTAL,K02.9,11181,0,PENDING,2024-03-18,,Nguyen Thi Lan,Prudential Life,Thailand
CLM-00931,POL-00537,Vu Ngoc Anh,OUTPATIENT,E11.9,9250,7096,APPROVED,2024-02-29,2024-03-07,Pranee Srisuwan,FWD Group,Vietnam
CLM-00932,POL-02348,Do Van Long,OUTPATIENT,K21.0,7919,6368,APPROVED,2024-04-25,2024-04-30,Pranee Srisuwan,FWD Group,Vietnam
CLM-00933,POL-00995,Pranee Chaiyasit,OUTPATIENT,E11.9,3205,2491,APPROVED,2024-10-01,2024-10-07,Tran Van Minh,FWD Group,Thailand
CLM-00934,POL-00721,Bui Thanh Ha,MATERNITY,O80,190428,143496,APPROVED,2024-02-15,2024-02-19,Wong Ka Ming,FWD Group,Vietnam
CLM-00935,POL-01232,Lau Mei Ling,INPATIENT,E11.9,55892,47759,APPROVED,2024-05-12,2024-05-17,Tran Van Minh,Prudential Life,Hong Kong
CLM-00936,POL-02241,Chan Sau Lan,INPATIENT,A09,54530,0,REJECTED,2024-08-06,2024-08-12,Somchai Wattana,Prudential Life,Hong Kong
CLM-00937,POL-00458,Dang Quoc Bao,OUTPATIENT,K21.0,882,0,PENDING,2024-03-13,,Tran Van Minh,AIA Insurance,Vietnam
CLM-00938,POL-02328,Pham Thu Huong,INPATIENT,A09,44531,0,IN_REVIEW,2024-08-28,2024-09-01,Wong Ka Ming,Prudential Life,Vietnam
CLM-00939,POL-01224,Vu Ngoc Anh,OUTPATIENT,J06.9,6486,0,REJECTED,2024-05-11,2024-05-22,Somchai Wattana,Prudential Life,Vietnam
CLM-00940,POL-01758,Siriporn Thongdee,OUTPATIENT,L30.9,2191,2125,APPROVED,2024-09-25,2024-09-29,Tran Van Minh,Prudential Life,Thailand
CLM-00941,POL-01190,Malee Wattana,OUTPATIENT,J06.9,2027,1661,APPROVED,2024-07-21,2024-07-29,Tran Van Minh,Prudential Life,Thailand
CLM-00942,POL-01017,Siriporn Phongpanich,DENTAL,K04.7,8036,0,REJECTED,2024-04-11,2024-04-14,Wong Ka Ming,FWD Group,Thailand
CLM-00943,POL-00030,Anong Thongdee,OUTPATIENT,M54.5,1451,1304,APPROVED,2024-02-05,2024-02-15,Pranee Srisuwan,Prudential Life,Thailand
CLM-00944,POL-01453,Siriporn Thongdee,OUTPATIENT,M54.5,4519,0,IN_REVIEW,2024-07-14,2024-07-23,Tran Van Minh,Prudential Life,Thailand
CLM-00945,POL-01973,Siriporn Wattana,OUTPATIENT,J06.9,1027,1016,APPROVED,2024-07-17,2024-07-18,Nguyen Thi Lan,FWD Group,Thailand
CLM-00946,POL-00466,Nguyen Van An,DENTAL,K02.9,2948,0,IN_REVIEW,2024-12-29,2025-01-21,Somchai Wattana,AIA Insurance,Vietnam
CLM-00947,POL-00389,Dang Quoc Bao,INPATIENT,E11.9,168916,125899,APPROVED,2024-05-12,2024-05-16,Wong Ka Ming,Prudential Life,Vietnam
CLM-00948,POL-00079,Ngo Thi Thu,OUTPATIENT,J06.9,3526,3350,APPROVED,2024-06-01,2024-06-06,Nguyen Thi Lan,Prudential Life,Vietnam
CLM-00949,POL-00827,Ho Chi Keung,OUTPATIENT,A09,11062,9510,APPROVED,2024-07-14,2024-07-23,Wong Ka Ming,AIA Insurance,Hong Kong
CLM-00950,POL-00218,Ho Mei Ling,DENTAL,K02.9,3807,3430,APPROVED,2024-08-19,2024-08-31,Somchai Wattana,AIA Insurance,Hong Kong
CLM-00951,POL-00118,Vu Ngoc Anh,OUTPATIENT,K21.0,5022,0,PENDING,2024-12-15,,Somchai Wattana,FWD Group,Vietnam
CLM-00952,POL-00181,Lee Wai Yan,OUTPATIENT,E11.9,1911,1580,APPROVED,2024-06-08,2024-06-13,Pranee Srisuwan,Prudential Life,Hong Kong
CLM-00953,POL-00900,Le Minh Tuan,MATERNITY,O80,39285,32111,APPROVED,2024-11-28,2024-12-05,Somchai Wattana,Prudential Life,Vietnam
CLM-00954,POL-01288,Leung Tsz Ching,INPATIENT,A09,157423,151550,APPROVED,2024-07-10,2024-07-18,Pranee Srisuwan,FWD Group,Hong Kong
CLM-00955,POL-01542,Somchai Saetang,DENTAL,K05.10,1662,1448,APPROVED,2024-01-05,2024-01-09,Tran Van Minh,FWD Group,Thailand
CLM-00956,POL-01653,Dang Quoc Bao,OUTPATIENT,M54.5,3737,2718,APPROVED,2024-02-25,2024-03-05,Pranee Srisuwan,FWD Group,Vietnam
CLM-00957,POL-01890,Tran Thi Mai,OUTPATIENT,J06.9,23839,18477,APPROVED,2024-01-07,2024-01-17,Nguyen Thi Lan,FWD Group,Vietnam
CLM-00958,POL-01329,Cheung Mei Ling,OUTPATIENT,J06.9,13326,11947,APPROVED,2024-05-01,2024-05-09,Pranee Srisuwan,FWD Group,Hong Kong
CLM-00959,POL-01524,Lau Ka Ming,DENTAL,K02.9,8550,0,REJECTED,2024-04-30,2024-05-09,Somchai Wattana,AIA Insurance,Hong Kong
CLM-00960,POL-02106,Niran Phongpanich,DENTAL,K08.9,6028,5707,APPROVED,2024-04-09,2024-04-17,Somchai Wattana,AIA Insurance,Thailand
CLM-00961,POL-01274,Niran Boonmee,OUTPATIENT,E11.9,1459,1092,APPROVED,2024-05-24,2024-06-07,Wong Ka Ming,Prudential Life,Thailand
CLM-00962,POL-00150,Chaiwat Boonmee,OUTPATIENT,N39.0,11164,8650,APPROVED,2024-11-10,2024-11-17,Wong Ka Ming,AIA Insurance,Thailand
CLM-00963,POL-01727,Pham Thu Huong,OUTPATIENT,H10.9,19252,16286,APPROVED,2024-03-21,2024-03-27,Somchai Wattana,Prudential Life,Vietnam
CLM-00964,POL-02022,Pranee Srisuwan,INPATIENT,A09,189280,0,REJECTED,2024-12-05,2024-12-11,Nguyen Thi Lan,AIA Insurance,Thailand
CLM-00965,POL-01468,Lee Mei Ling,OUTPATIENT,K21.0,1349,1029,APPROVED,2024-01-19,2024-01-21,Somchai Wattana,Prudential Life,Hong Kong
CLM-00966,POL-02062,Ng Wai Yan,OUTPATIENT,H10.9,1761,1424,APPROVED,2024-09-18,2024-09-25,Wong Ka Ming,Prudential Life,Hong Kong
CLM-00967,POL-01645,Malee Boonmee,OUTPATIENT,J45.909,3650,0,REJECTED,2024-01-23,2024-01-31,Tran Van Minh,Prudential Life,Thailand
CLM-00968,POL-00481,Prasert Srisuwan,DENTAL,K02.9,2818,0,PENDING,2024-10-21,,Wong Ka Ming,FWD Group,Thailand
CLM-00969,POL-01679,Ngo Thi Thu,OUTPATIENT,J06.9,5893,0,IN_REVIEW,2024-09-03,2024-09-28,Somchai Wattana,AIA Insurance,Vietnam
CLM-00970,POL-00917,Ho Sau Lan,OUTPATIENT,E11.9,5709,5659,APPROVED,2024-03-04,2024-03-10,Wong Ka Ming,AIA Insurance,Hong Kong
CLM-00971,POL-02204,Ngo Thi Thu,OUTPATIENT,E11.9,20912,15549,APPROVED,2024-10-16,2024-11-06,Somchai Wattana,AIA Insurance,Vietnam
CLM-00972,POL-01332,Cheung Mei Ling,INPATIENT,J18.9,31890,0,IN_REVIEW,2024-06-21,2024-06-24,Wong Ka Ming,AIA Insurance,Hong Kong
CLM-00973,POL-01652,Ho Tsz Ching,OUTPATIENT,J06.9,8100,7697,APPROVED,2024-05-04,2024-05-10,Pranee Srisuwan,FWD Group,Hong Kong
CLM-00974,POL-00969,Cheung Tsz Ching,MATERNITY,O80,17985,0,PENDING,2024-01-06,,Somchai Wattana,AIA Insurance,Hong Kong
CLM-00975,POL-01995,Nguyen Van An,MATERNITY,O82,10632,10359,APPROVED,2024-08-28,2024-09-02,Tran Van Minh,Prudential Life,Vietnam
CLM-00976,POL-01116,Bui Thanh Ha,OUTPATIENT,L30.9,617,0,IN_REVIEW,2024-07-21,2024-07-26,Somchai Wattana,AIA Insurance,Vietnam
CLM-00977,POL-00312,Pham Thu Huong,DENTAL,K02.9,2026,1842,APPROVED,2024-11-05,2024-11-15,Nguyen Thi Lan,FWD Group,Vietnam
CLM-00978,POL-01638,Pranee Phongpanich,OUTPATIENT,A09,1432,1248,APPROVED,2024-01-04,2024-01-09,Somchai Wattana,Prudential Life,Thailand
CLM-00979,POL-00772,Niran Rattanaporn,OUTPATIENT,J06.9,13832,13596,APPROVED,2024-12-01,2024-12-06,Wong Ka Ming,FWD Group,Thailand
CLM-00980,POL-00167,Bui Thanh Ha,OUTPATIENT,K21.0,836,669,APPROVED,2024-07-27,2024-08-09,Tran Van Minh,Prudential Life,Vietnam
CLM-00981,POL-00392,Chan Sau Lan,OUTPATIENT,K21.0,2260,0,REJECTED,2024-07-08,2024-07-14,Wong Ka Ming,Prudential Life,Hong Kong
CLM-00982,POL-00322,Dang Quoc Bao,INPATIENT,J45.909,187359,0,REJECTED,2024-04-18,2024-04-27,Somchai Wattana,AIA Insurance,Vietnam
CLM-00983,POL-02316,Niran Boonmee,DENTAL,K04.7,3134,0,PENDING,2024-10-05,,Tran Van Minh,Prudential Life,Thailand
CLM-00984,POL-01325,Lee Kwok Wah,OUTPATIENT,E11.9,5980,0,IN_REVIEW,2024-05-26,2024-06-07,Pranee Srisuwan,FWD Group,Hong Kong
CLM-00985,POL-00652,Malee Thongdee,OUTPATIENT,A09,4489,0,REJECTED,2024-01-11,2024-02-03,Nguyen Thi Lan,AIA Insurance,Thailand
CLM-00986,POL-01668,Leung Mei Ling,DENTAL,K05.10,953,675,APPROVED,2024-07-18,2024-07-28,Pranee Srisuwan,FWD Group,Hong Kong
CLM-00987,POL-00504,Tran Thi Mai,MATERNITY,O82,31625,27435,APPROVED,2024-01-25,2024-01-30,Pranee Srisuwan,Prudential Life,Vietnam
CLM-00988,POL-01953,Le Minh Tuan,OUTPATIENT,L30.9,2138,0,PENDING,2024-05-22,,Somchai Wattana,FWD Group,Vietnam
CLM-00989,POL-00931,Chan Chi Keung,DENTAL,K05.10,2419,0,REJECTED,2024-06-03,2024-06-10,Pranee Srisuwan,Prudential Life,Hong Kong
CLM-00990,POL-00310,Dang Quoc Bao,OUTPATIENT,J06.9,1466,0,PENDING,2024-11-10,,Nguyen Thi Lan,FWD Group,Vietnam
CLM-00991,POL-02182,Pranee Wattana,OUTPATIENT,J06.9,695,0,REJECTED,2024-09-13,2024-09-17,Nguyen Thi Lan,FWD Group,Thailand
CLM-00992,POL-01272,Niran Srisuwan,OUTPATIENT,J06.9,2447,1793,APPROVED,2024-08-12,2024-08-16,Pranee Srisuwan,AIA Insurance,Thailand
CLM-00993,POL-01941,Kanya Thongdee,OUTPATIENT,J06.9,6836,0,PENDING,2024-05-21,,Nguyen Thi Lan,AIA Insurance,Thailand
CLM-00994,POL-02320,Leung Wai Yan,OUTPATIENT,A09,12249,0,REJECTED,2024-01-06,2024-01-20,Tran Van Minh,AIA Insurance,Hong Kong
CLM-00995,POL-00597,Prasert Srisuwan,DENTAL,K02.9,12888,11813,APPROVED,2024-05-20,2024-05-30,Pranee Srisuwan,FWD Group,Thailand
CLM-00996,POL-00006,Malee Rattanaporn,OUTPATIENT,I10,2561,0,IN_REVIEW,2024-11-08,2024-11-13,Nguyen Thi Lan,AIA Insurance,Thailand
CLM-00997,POL-01758,Siriporn Thongdee,OUTPATIENT,J06.9,3316,2714,APPROVED,2024-05-16,2024-05-21,Pranee Srisuwan,Prudential Life,Thailand
CLM-00998,POL-01920,Nguyen Van An,OUTPATIENT,A09,1248,1229,APPROVED,2024-02-16,2024-02-19,Wong Ka Ming,AIA Insurance,Vietnam
CLM-00999,POL-00320,Anong Saetang,DENTAL,K05.10,24006,18739,APPROVED,2024-11-30,2024-12-04,Pranee Srisuwan,Prudential Life,Thailand
CLM-01000,POL-00387,Prasert Phongpanich,OUTPATIENT,J06.9,2990,2167,APPROVED,2024-02-17,2024-02-23,Tran Van Minh,FWD Group,Thailand
CLM-01001,POL-01774,Lau Sau Lan,OUTPATIENT,J06.9,1741,0,PENDING,2024-04-20,,Somchai Wattana,AIA Insurance,Hong Kong
CLM-01002,POL-01533,Do Van Long,DENTAL,K04.7,1618,1571,APPROVED,2024-04-09,2024-04-11,Wong Ka Ming,Prudential Life,Vietnam
CLM-01003,POL-01514,Hoang Duc Thang,OUTPATIENT,M54.5,659,0,IN_REVIEW,2024-12-09,2024-12-28,Nguyen Thi Lan,FWD Group,Vietnam
CLM-01004,POL-00060,Wong Chi Keung,MATERNITY,O82,72601,0,REJECTED,2024-06-17,2024-06-24,Pranee Srisuwan,AIA Insurance,Hong Kong
CLM-01005,POL-02147,Ngo Thi Thu,OUTPATIENT,J06.9,1826,0,REJECTED,2024-01-28,2024-02-08,Tran Van Minh,AIA Insurance,Vietnam
CLM-01006,POL-01546,Le Minh Tuan,INPATIENT,A09,96286,74992,APPROVED,2024-07-04,2024-07-06,Wong Ka Ming,FWD Group,Vietnam
CLM-01007,POL-00635,Do Van Long,OUTPATIENT,E11.9,4334,4135,APPROVED,2024-01-21,2024-02-02,Nguyen Thi Lan,FWD Group,Vietnam
CLM-01008,POL-00755,Chan Ho Yin,OUTPATIENT,M54.5,825,0,REJECTED,2024-07-09,2024-07-16,Pranee Srisuwan,Prudential Life,Hong Kong
CLM-01009,POL-02028,Le Minh Tuan,INPATIENT,A90,172443,171282,APPROVED,2024-07-11,2024-07-28,Somchai Wattana,FWD Group,Vietnam
CLM-01010,POL-01920,Nguyen Van An,OUTPATIENT,J45.909,2436,1870,APPROVED,2024-08-10,2024-08-18,Pranee Srisuwan,AIA Insurance,Vietnam
CLM-01011,POL-00053,Le Minh Tuan,DENTAL,K04.7,1941,1853,APPROVED,2024-04-20,2024-04-22,Tran Van Minh,Prudential Life,Vietnam
CLM-01012,POL-00170,Chaiwat Saetang,DENTAL,K04.7,13000,11222,APPROVED,2024-07-11,2024-07-15,Wong Ka Ming,AIA Insurance,Thailand
CLM-01013,POL-00825,Dang Quoc Bao,DENTAL,K02.9,10438,8365,APPROVED,2024-05-17,2024-05-20,Wong Ka Ming,Prudential Life,Vietnam
CLM-01014,POL-00929,Do Van Long,DENTAL,K04.7,12846,11980,APPROVED,2024-03-18,2024-03-28,Tran Van Minh,FWD Group,Vietnam
CLM-01015,POL-01958,Chaiwat Saetang,OUTPATIENT,E11.9,5719,5346,APPROVED,2024-10-29,2024-11-03,Somchai Wattana,FWD Group,Thailand
CLM-01016,POL-01934,Lau Kwok Wah,OUTPATIENT,J06.9,1252,0,IN_REVIEW,2024-04-04,2024-04-17,Somchai Wattana,Prudential Life,Hong Kong
CLM-01017,POL-01101,Vu Ngoc Anh,OUTPATIENT,J06.9,7938,5617,APPROVED,2024-08-20,2024-08-24,Pranee Srisuwan,Prudential Life,Vietnam
CLM-01018,POL-02113,Bui Thanh Ha,INPATIENT,J45.909,136752,127229,APPROVED,2024-11-07,2024-11-16,Somchai Wattana,FWD Group,Vietnam
CLM-01019,POL-00160,Somchai Rattanaporn,DENTAL,K05.10,3259,0,IN_REVIEW,2024-04-15,2024-04-16,Nguyen Thi Lan,Prudential Life,Thailand
CLM-01020,POL-01176,Hoang Duc Thang,OUTPATIENT,A09,1129,0,IN_REVIEW,2024-09-17,2024-09-23,Nguyen Thi Lan,AIA Insurance,Vietnam
CLM-01021,POL-00453,Kanya Chaiyasit,OUTPATIENT,J06.9,3937,3268,APPROVED,2024-12-22,2025-01-01,Wong Ka Ming,Prudential Life,Thailand
CLM-01022,POL-00543,Bui Thanh Ha,OUTPATIENT,E11.9,4149,3190,APPROVED,2024-12-03,2024-12-23,Nguyen Thi Lan,Prudential Life,Vietnam
CLM-01023,POL-00783,Nguyen Van An,OUTPATIENT,N39.0,2851,2696,APPROVED,2024-07-14,2024-07-22,Pranee Srisuwan,AIA Insurance,Vietnam
CLM-01024,POL-00997,Le Minh Tuan,OUTPATIENT,M54.5,3161,2930,APPROVED,2024-11-08,2024-11-13,Tran Van Minh,AIA Insurance,Vietnam
CLM-01025,POL-01046,Lee Kwok Wah,DENTAL,K04.7,1573,1440,APPROVED,2024-11-06,2024-11-09,Nguyen Thi Lan,AIA Insurance,Hong Kong
CLM-01026,POL-01120,Vu Ngoc Anh,DENTAL,K02.9,3613,3599,APPROVED,2024-02-25,2024-03-02,Tran Van Minh,Prudential Life,Vietnam
CLM-01027,POL-02249,Niran Rattanaporn,OUTPATIENT,A09,9823,6933,APPROVED,2024-07-15,2024-07-18,Tran Van Minh,AIA Insurance,Thailand
CLM-01028,POL-01496,Pranee Boonmee,OUTPATIENT,K21.0,1985,0,REJECTED,2024-08-07,2024-08-18,Tran Van Minh,FWD Group,Thailand
CLM-01029,POL-02069,Bui Thanh Ha,OUTPATIENT,M54.5,1334,0,REJECTED,2024-09-27,2024-10-18,Wong Ka Ming,FWD Group,Vietnam
CLM-01030,POL-02244,Pham Thu Huong,DENTAL,K02.9,6676,6543,APPROVED,2024-05-25,2024-06-05,Somchai Wattana,FWD Group,Vietnam
CLM-01031,POL-00914,Do Van Long,OUTPATIENT,A09,3073,2596,APPROVED,2024-03-07,2024-03-17,Tran Van Minh,AIA Insurance,Vietnam
CLM-01032,POL-02275,Lee Kwok Wah,OUTPATIENT,J06.9,7822,6825,APPROVED,2024-07-18,2024-07-23,Somchai Wattana,AIA Insurance,Hong Kong
CLM-01033,POL-02083,Ho Yuen Man,OUTPATIENT,A90,500,0,REJECTED,2024-01-24,2024-01-28,Wong Ka Ming,FWD Group,Hong Kong
CLM-01034,POL-01481,Ho Ho Yin,DENTAL,K05.10,18156,13019,APPROVED,2024-10-25,2024-10-29,Somchai Wattana,Prudential Life,Hong Kong
CLM-01035,POL-01424,Dang Quoc Bao,DENTAL,K05.10,904,808,APPROVED,2024-02-17,2024-02-26,Nguyen Thi Lan,Prudential Life,Vietnam
CLM-01036,POL-00442,Pham Thu Huong,DENTAL,K02.9,1209,0,REJECTED,2024-01-26,2024-02-04,Somchai Wattana,AIA Insurance,Vietnam
CLM-01037,POL-01284,Vu Ngoc Anh,OUTPATIENT,J06.9,1082,0,PENDING,2024-07-28,,Tran Van Minh,FWD Group,Vietnam
CLM-01038,POL-00866,Dang Quoc Bao,OUTPATIENT,J06.9,5414,0,IN_REVIEW,2024-01-30,2024-02-14,Wong Ka Ming,Prudential Life,Vietnam
CLM-01039,POL-01586,Leung Chi Keung,OUTPATIENT,I10,1298,1161,APPROVED,2024-10-10,2024-10-13,Pranee Srisuwan,Prudential Life,Hong Kong
CLM-01040,POL-00099,Lee Kwok Wah,OUTPATIENT,J06.9,1508,0,REJECTED,2024-01-05,2024-01-11,Nguyen Thi Lan,Prudential Life,Hong Kong
CLM-01041,POL-01563,Somchai Phongpanich,OUTPATIENT,A09,3055,0,PENDING,2024-10-04,,Pranee Srisuwan,Prudential Life,Thailand
CLM-01042,POL-02097,Dang Quoc Bao,OUTPATIENT,E11.9,1757,0,IN_REVIEW,2024-11-24,2024-12-05,Nguyen Thi Lan,AIA Insurance,Vietnam
CLM-01043,POL-01032,Kanya Phongpanich,OUTPATIENT,E11.9,2595,2011,APPROVED,2024-08-12,2024-08-23,Pranee Srisuwan,AIA Insurance,Thailand
CLM-01044,POL-01804,Tran Thi Mai,INPATIENT,A09,116794,92665,APPROVED,2024-05-19,2024-06-06,Tran Van Minh,Prudential Life,Vietnam
CLM-01045,POL-00344,Pranee Chaiyasit,OUTPATIENT,I10,3223,2577,APPROVED,2024-07-26,2024-07-28,Somchai Wattana,Prudential Life,Thailand
CLM-01046,POL-00004,Somchai Rattanaporn,OUTPATIENT,J06.9,1291,1046,APPROVED,2024-10-18,2024-10-25,Nguyen Thi Lan,FWD Group,Thailand
CLM-01047,POL-00081,Kittisak Chaiyasit,DENTAL,K04.7,8778,0,REJECTED,2024-09-13,2024-09-15,Pranee Srisuwan,AIA Insurance,Thailand
CLM-01048,POL-00469,Somchai Phongpanich,MATERNITY,O82,53323,49596,APPROVED,2024-02-07,2024-02-11,Wong Ka Ming,AIA Insurance,Thailand
CLM-01049,POL-01910,Chan Mei Ling,OUTPATIENT,J06.9,15855,15211,APPROVED,2024-01-22,2024-01-29,Somchai Wattana,AIA Insurance,Hong Kong
CLM-01050,POL-01270,Somchai Boonmee,OUTPATIENT,E11.9,9121,0,PENDING,2024-08-20,,Tran Van Minh,AIA Insurance,Thailand
CLM-01051,POL-00322,Dang Quoc Bao,MATERNITY,O82,73426,0,REJECTED,2024-02-20,2024-02-25,Somchai Wattana,AIA Insurance,Vietnam
CLM-01052,POL-01412,Kanya Phongpanich,OUTPATIENT,J06.9,19800,0,REJECTED,2024-03-19,2024-03-24,Tran Van Minh,AIA Insurance,Thailand
CLM-01053,POL-00366,Hoang Duc Thang,OUTPATIENT,E11.9,2989,2774,APPROVED,2024-02-05,2024-02-16,Somchai Wattana,FWD Group,Vietnam
CLM-01054,POL-02182,Pranee Wattana,DENTAL,K08.9,25840,0,PENDING,2024-10-06,,Nguyen Thi Lan,FWD Group,Thailand
CLM-01055,POL-01064,Ngo Thi Thu,DENTAL,K04.7,4371,3609,APPROVED,2024-05-17,2024-05-21,Wong Ka Ming,FWD Group,Vietnam
CLM-01056,POL-01932,Bui Thanh Ha,DENTAL,K04.7,1526,1218,APPROVED,2024-09-15,2024-09-24,Tran Van Minh,AIA Insurance,Vietnam
CLM-01057,POL-02347,Le Minh Tuan,DENTAL,K08.9,3873,3062,APPROVED,2024-02-18,2024-03-05,Pranee Srisuwan,Prudential Life,Vietnam
CLM-01058,POL-01460,Leung Sau Lan,OUTPATIENT,H10.9,5345,5255,APPROVED,2024-03-21,2024-04-01,Tran Van Minh,AIA Insurance,Hong Kong
CLM-01059,POL-00230,Anong Srisuwan,OUTPATIENT,H10.9,7233,6136,APPROVED,2024-11-19,2024-12-05,Wong Ka Ming,AIA Insurance,Thailand
CLM-01060,POL-00870,Chaiwat Phongpanich,OUTPATIENT,I10,5554,4068,APPROVED,2024-07-19,2024-07-26,Pranee Srisuwan,AIA Insurance,Thailand
CLM-01061,POL-00689,Anong Wattana,DENTAL,K02.9,3368,2893,APPROVED,2024-01-31,2024-02-08,Wong Ka Ming,AIA Insurance,Thailand
CLM-01062,POL-00743,Pham Thu Huong,OUTPATIENT,I10,8503,6978,APPROVED,2024-08-31,2024-09-07,Nguyen Thi Lan,FWD Group,Vietnam
CLM-01063,POL-00443,Siriporn Chaiyasit,OUTPATIENT,M54.5,1190,973,APPROVED,2024-05-16,2024-05-30,Somchai Wattana,AIA Insurance,Thailand
CLM-01064,POL-01199,Pranee Rattanaporn,OUTPATIENT,H10.9,16705,13356,APPROVED,2024-06-03,2024-06-06,Nguyen Thi Lan,Prudential Life,Thailand
CLM-01065,POL-01468,Lee Mei Ling,INPATIENT,E11.9,63432,51571,APPROVED,2024-11-09,2024-11-13,Somchai Wattana,Prudential Life,Hong Kong
CLM-01066,POL-02171,Hoang Duc Thang,OUTPATIENT,L30.9,4578,3235,APPROVED,2024-07-12,2024-07-17,Somchai Wattana,AIA Insurance,Vietnam
CLM-01067,POL-01913,Vu Ngoc Anh,OUTPATIENT,E11.9,8120,0,IN_REVIEW,2024-04-24,2024-04-27,Tran Van Minh,AIA Insurance,Vietnam
CLM-01068,POL-01368,Chan Ho Yin,OUTPATIENT,M54.5,733,596,APPROVED,2024-08-27,2024-09-03,Nguyen Thi Lan,FWD Group,Hong Kong
CLM-01069,POL-00399,Lee Mei Ling,OUTPATIENT,J06.9,18174,14703,APPROVED,2024-01-15,2024-01-21,Tran Van Minh,AIA Insurance,Hong Kong
CLM-01070,POL-01102,Pranee Phongpanich,OUTPATIENT,J06.9,3254,0,REJECTED,2024-04-15,2024-04-24,Wong Ka Ming,Prudential Life,Thailand
CLM-01071,POL-00504,Tran Thi Mai,DENTAL,K05.10,3919,0,IN_REVIEW,2024-11-30,2024-12-08,Somchai Wattana,Prudential Life,Vietnam
CLM-01072,POL-00994,Prasert Chaiyasit,DENTAL,K02.9,4661,4160,APPROVED,2024-11-05,2024-11-13,Wong Ka Ming,Prudential Life,Thailand
CLM-01073,POL-02055,Hoang Duc Thang,MATERNITY,O80,20899,15810,APPROVED,2024-03-28,2024-04-10,Nguyen Thi Lan,AIA Insurance,Vietnam
CLM-01074,POL-01556,Le Minh Tuan,DENTAL,K04.7,1461,1235,APPROVED,2024-11-24,2024-11-28,Somchai Wattana,AIA Insurance,Vietnam
CLM-01075,POL-01237,Malee Wattana,OUTPATIENT,I10,9737,0,PENDING,2024-09-30,,Wong Ka Ming,FWD Group,Thailand
CLM-01076,POL-00738,Lee Sau Lan,OUTPATIENT,J06.9,500,350,APPROVED,2024-12-20,2024-12-24,Somchai Wattana,Prudential Life,Hong Kong
CLM-01077,POL-00230,Anong Srisuwan,MATERNITY,O80,36395,34110,APPROVED,2024-02-29,2024-03-03,Pranee Srisuwan,AIA Insurance,Thailand
CLM-01078,POL-01362,Siriporn Boonmee,DENTAL,K04.7,14873,14138,APPROVED,2024-05-01,2024-05-06,Somchai Wattana,Prudential Life,Thailand
CLM-01079,POL-01993,Chaiwat Thongdee,DENTAL,K05.10,2389,1949,APPROVED,2024-05-04,2024-05-07,Tran Van Minh,AIA Insurance,Thailand
CLM-01080,POL-01383,Wong Ka Ming,OUTPATIENT,H10.9,1424,0,REJECTED,2024-03-09,2024-03-14,Wong Ka Ming,AIA Insurance,Hong Kong
CLM-01081,POL-02170,Niran Thongdee,OUTPATIENT,I10,10879,0,IN_REVIEW,2024-06-12,2024-06-17,Wong Ka Ming,FWD Group,Thailand
CLM-01082,POL-01715,Chaiwat Srisuwan,OUTPATIENT,I10,14365,13387,APPROVED,2024-07-12,2024-07-14,Nguyen Thi Lan,FWD Group,Thailand
CLM-01083,POL-01125,Lau Kwok Wah,MATERNITY,O80,29576,22327,APPROVED,2024-02-29,2024-03-02,Tran Van Minh,AIA Insurance,Hong Kong
CLM-01084,POL-01406,Ngo Thi Thu,OUTPATIENT,H10.9,1695,1500,APPROVED,2024-09-24,2024-09-30,Tran Van Minh,Prudential Life,Vietnam
CLM-01085,POL-00781,Dang Quoc Bao,OUTPATIENT,A09,6167,4442,APPROVED,2024-10-25,2024-10-31,Nguyen Thi Lan,Prudential Life,Vietnam
CLM-01086,POL-01755,Malee Boonmee,DENTAL,K05.10,44021,0,IN_REVIEW,2024-11-06,2024-11-22,Tran Van Minh,Prudential Life,Thailand
CLM-01087,POL-01403,Tran Thi Mai,DENTAL,K02.9,3259,0,IN_REVIEW,2024-12-07,2024-12-14,Somchai Wattana,FWD Group,Vietnam
CLM-01088,POL-01707,Dang Quoc Bao,OUTPATIENT,J06.9,6524,5988,APPROVED,2024-04-11,2024-04-17,Tran Van Minh,Prudential Life,Vietnam
CLM-01089,POL-01464,Somchai Rattanaporn,DENTAL,K04.7,6115,5139,APPROVED,2024-09-03,2024-09-12,Pranee Srisuwan,FWD Group,Thailand
CLM-01090,POL-01784,Hoang Duc Thang,OUTPATIENT,I10,6972,5096,APPROVED,2024-10-21,2024-10-27,Pranee Srisuwan,AIA Insurance,Vietnam
CLM-01091,POL-02392,Leung Ka Ming,OUTPATIENT,N39.0,21135,18460,APPROVED,2024-06-25,2024-07-08,Nguyen Thi Lan,Prudential Life,Hong Kong
CLM-01092,POL-01984,Niran Saetang,OUTPATIENT,A90,4482,3919,APPROVED,2024-09-21,2024-10-12,Somchai Wattana,Prudential Life,Thailand
CLM-01093,POL-00906,Wong Wai Yan,OUTPATIENT,K21.0,3906,0,IN_REVIEW,2024-11-05,2024-11-10,Somchai Wattana,AIA Insurance,Hong Kong
CLM-01094,POL-02252,Pranee Saetang,OUTPATIENT,J06.9,7870,0,REJECTED,2024-12-04,2024-12-14,Wong Ka Ming,Prudential Life,Thailand
CLM-01095,POL-00371,Le Minh Tuan,OUTPATIENT,E11.9,613,499,APPROVED,2024-02-03,2024-02-13,Wong Ka Ming,Prudential Life,Vietnam
CLM-01096,POL-01241,Chaiwat Wattana,DENTAL,K08.9,13301,10158,APPROVED,2024-02-18,2024-02-23,Pranee Srisuwan,FWD Group,Thailand
CLM-01097,POL-01501,Ng Siu Fung,OUTPATIENT,J06.9,1859,0,REJECTED,2024-11-07,2024-11-12,Nguyen Thi Lan,AIA Insurance,Hong Kong
CLM-01098,POL-00084,Le Minh Tuan,OUTPATIENT,M54.5,2930,2532,APPROVED,2024-04-25,2024-05-08,Tran Van Minh,FWD Group,Vietnam
CLM-01099,POL-00476,Do Van Long,OUTPATIENT,K21.0,10627,9924,APPROVED,2024-03-21,2024-03-30,Wong Ka Ming,Prudential Life,Vietnam
CLM-01100,POL-00127,Lee Tsz Ching,OUTPATIENT,J06.9,6670,0,IN_REVIEW,2024-11-05,2024-11-09,Tran Van Minh,AIA Insurance,Hong Kong
CLM-01101,POL-00293,Niran Chaiyasit,DENTAL,K04.7,4821,4423,APPROVED,2024-11-07,2024-11-13,Tran Van Minh,FWD Group,Thailand
CLM-01102,POL-02070,Pranee Phongpanich,OUTPATIENT,A09,5934,0,REJECTED,2024-02-16,2024-02-25,Pranee Srisuwan,Prudential Life,Thailand
CLM-01103,POL-01126,Niran Phongpanich,MATERNITY,O80,58085,46655,APPROVED,2024-04-04,2024-04-19,Wong Ka Ming,Prudential Life,Thailand
CLM-01104,POL-01438,Ng Tsz Ching,INPATIENT,A09,52085,0,REJECTED,2024-02-26,2024-03-09,Somchai Wattana,FWD Group,Hong Kong
CLM-01105,POL-00624,Kittisak Boonmee,MATERNITY,O82,17866,15145,APPROVED,2024-11-13,2024-11-17,Nguyen Thi Lan,AIA Insurance,Thailand
CLM-01106,POL-02328,Pham Thu Huong,OUTPATIENT,M54.5,11142,10396,APPROVED,2024-01-09,2024-01-22,Tran Van Minh,Prudential Life,Vietnam
CLM-01107,POL-01674,Cheung Sau Lan,DENTAL,K05.10,6412,0,REJECTED,2024-04-03,2024-04-07,Wong Ka Ming,Prudential Life,Hong Kong
CLM-01108,POL-01390,Somchai Saetang,INPATIENT,E11.9,60565,0,REJECTED,2024-12-05,2024-12-10,Tran Van Minh,Prudential Life,Thailand
CLM-01109,POL-00931,Chan Chi Keung,INPATIENT,N39.0,37040,31235,APPROVED,2024-10-29,2024-11-06,Nguyen Thi Lan,Prudential Life,Hong Kong
CLM-01110,POL-01389,Lau Mei Ling,OUTPATIENT,I10,1542,0,PENDING,2024-08-03,,Wong Ka Ming,Prudential Life,Hong Kong
CLM-01111,POL-00967,Lee Wai Yan,MATERNITY,O82,42252,40201,APPROVED,2024-11-20,2024-11-25,Somchai Wattana,AIA Insurance,Hong Kong
CLM-01112,POL-01555,Pranee Rattanaporn,OUTPATIENT,J06.9,8373,6423,APPROVED,2024-06-23,2024-07-06,Tran Van Minh,FWD Group,Thailand
CLM-01113,POL-02007,Pham Thu Huong,DENTAL,K05.10,7786,6534,APPROVED,2024-09-01,2024-09-16,Wong Ka Ming,Prudential Life,Vietnam
CLM-01114,POL-00846,Malee Thongdee,MATERNITY,O82,71368,0,PENDING,2024-07-04,,Nguyen Thi Lan,AIA Insurance,Thailand
CLM-01115,POL-00758,Vu Ngoc Anh,OUTPATIENT,J06.9,4598,0,PENDING,2024-06-10,,Tran Van Minh,AIA Insurance,Vietnam
CLM-01116,POL-01051,Niran Wattana,OUTPATIENT,H10.9,7604,6736,APPROVED,2024-03-13,2024-03-21,Pranee Srisuwan,Prudential Life,Thailand
CLM-01117,POL-02004,Leung Sau Lan,OUTPATIENT,A09,775,0,REJECTED,2024-06-10,2024-06-19,Wong Ka Ming,AIA Insurance,Hong Kong
CLM-01118,POL-02046,Chan Mei Ling,INPATIENT,A90,119026,0,REJECTED,2024-09-25,2024-10-09,Nguyen Thi Lan,AIA Insurance,Hong Kong
CLM-01119,POL-01272,Niran Srisuwan,DENTAL,K02.9,2703,2062,APPROVED,2024-03-02,2024-03-04,Wong Ka Ming,AIA Insurance,Thailand
CLM-01120,POL-02143,Chan Mei Ling,OUTPATIENT,J45.909,1104,0,REJECTED,2024-09-12,2024-09-16,Somchai Wattana,Prudential Life,Hong Kong
CLM-01121,POL-01244,Chaiwat Boonmee,INPATIENT,J18.9,81443,59467,APPROVED,2024-08-27,2024-09-03,Nguyen Thi Lan,FWD Group,Thailand
CLM-01122,POL-00611,Leung Kwok Wah,OUTPATIENT,J45.909,4158,3680,APPROVED,2024-03-07,2024-03-24,Wong Ka Ming,FWD Group,Hong Kong
CLM-01123,POL-01149,Somchai Srisuwan,INPATIENT,A09,67994,0,IN_REVIEW,2024-01-05,2024-01-17,Nguyen Thi Lan,FWD Group,Thailand
CLM-01124,POL-00953,Lee Ho Yin,OUTPATIENT,J06.9,46709,36354,APPROVED,2024-12-17,2024-12-22,Tran Van Minh,AIA Insurance,Hong Kong
CLM-01125,POL-02233,Cheung Tsz Ching,OUTPATIENT,A09,3197,2396,APPROVED,2024-01-02,2024-01-11,Tran Van Minh,FWD Group,Hong Kong
CLM-01126,POL-01676,Dang Quoc Bao,OUTPATIENT,J06.9,19305,15235,APPROVED,2024-11-28,2024-12-02,Tran Van Minh,AIA Insurance,Vietnam
CLM-01127,POL-00215,Siriporn Saetang,DENTAL,K05.10,3695,3099,APPROVED,2024-08-23,2024-08-28,Tran Van Minh,Prudential Life,Thailand
CLM-01128,POL-00744,Wong Mei Ling,INPATIENT,J45.909,192274,0,REJECTED,2024-04-19,2024-04-24,Wong Ka Ming,Prudential Life,Hong Kong
CLM-01129,POL-01815,Chan Sau Lan,OUTPATIENT,J45.909,7052,5647,APPROVED,2024-01-17,2024-01-20,Pranee Srisuwan,AIA Insurance,Hong Kong
CLM-01130,POL-01098,Kittisak Wattana,OUTPATIENT,L30.9,2100,0,REJECTED,2024-10-22,2024-10-26,Tran Van Minh,AIA Insurance,Thailand
CLM-01131,POL-01364,Chaiwat Chaiyasit,OUTPATIENT,K21.0,5025,4754,APPROVED,2024-10-04,2024-10-11,Pranee Srisuwan,FWD Group,Thailand
CLM-01132,POL-02306,Kittisak Boonmee,OUTPATIENT,E11.9,4909,0,IN_REVIEW,2024-12-30,2025-01-10,Pranee Srisuwan,Prudential Life,Thailand
CLM-01133,POL-00595,Ngo Thi Thu,OUTPATIENT,K21.0,2314,0,PENDING,2024-02-18,,Nguyen Thi Lan,Prudential Life,Vietnam
CLM-01134,POL-01788,Bui Thanh Ha,INPATIENT,E11.9,107249,100371,APPROVED,2024-02-12,2024-02-14,Wong Ka Ming,AIA Insurance,Vietnam
CLM-01135,POL-02029,Pham Thu Huong,OUTPATIENT,I10,7985,7424,APPROVED,2024-07-19,2024-08-01,Nguyen Thi Lan,Prudential Life,Vietnam
CLM-01136,POL-00085,Anong Saetang,OUTPATIENT,J06.9,11064,10077,APPROVED,2024-05-13,2024-05-27,Tran Van Minh,FWD Group,Thailand
CLM-01137,POL-00590,Somchai Thongdee,OUTPATIENT,A09,3125,0,REJECTED,2024-03-10,2024-03-14,Tran Van Minh,FWD Group,Thailand
CLM-01138,POL-01713,Lee Yuen Man,OUTPATIENT,J45.909,500,396,APPROVED,2024-04-13,2024-04-15,Wong Ka Ming,Prudential Life,Hong Kong
CLM-01139,POL-01537,Lau Tsz Ching,OUTPATIENT,A09,3176,2687,APPROVED,2024-03-18,2024-03-30,Pranee Srisuwan,Prudential Life,Hong Kong
CLM-01140,POL-00358,Somchai Rattanaporn,MATERNITY,O80,41822,36794,APPROVED,2024-09-03,2024-09-05,Nguyen Thi Lan,Prudential Life,Thailand
CLM-01141,POL-01473,Le Minh Tuan,OUTPATIENT,I10,2348,2146,APPROVED,2024-02-05,2024-02-12,Tran Van Minh,FWD Group,Vietnam
CLM-01142,POL-01405,Chaiwat Saetang,OUTPATIENT,A09,1707,0,IN_REVIEW,2024-11-15,2024-11-18,Nguyen Thi Lan,FWD Group,Thailand
CLM-01143,POL-01543,Ho Tsz Ching,DENTAL,K04.7,2926,2768,APPROVED,2024-11-21,2024-11-30,Somchai Wattana,Prudential Life,Hong Kong
CLM-01144,POL-00063,Leung Sau Lan,OUTPATIENT,K21.0,3519,0,REJECTED,2024-08-18,2024-08-31,Wong Ka Ming,Prudential Life,Hong Kong
CLM-01145,POL-02249,Niran Rattanaporn,OUTPATIENT,J06.9,731,656,APPROVED,2024-07-09,2024-07-19,Somchai Wattana,AIA Insurance,Thailand
CLM-01146,POL-00870,Chaiwat Phongpanich,INPATIENT,K35.80,186184,168586,APPROVED,2024-06-23,2024-07-03,Nguyen Thi Lan,AIA Insurance,Thailand
CLM-01147,POL-01913,Vu Ngoc Anh,OUTPATIENT,L30.9,6304,5833,APPROVED,2024-11-20,2024-11-23,Nguyen Thi Lan,AIA Insurance,Vietnam
CLM-01148,POL-00952,Dang Quoc Bao,OUTPATIENT,E11.9,511,0,PENDING,2024-01-22,,Tran Van Minh,Prudential Life,Vietnam
CLM-01149,POL-01898,Le Minh Tuan,OUTPATIENT,J06.9,5910,4266,APPROVED,2024-08-07,2024-08-27,Tran Van Minh,AIA Insurance,Vietnam
CLM-01150,POL-00072,Nguyen Van An,INPATIENT,A90,174685,168476,APPROVED,2024-11-28,2024-12-11,Tran Van Minh,Prudential Life,Vietnam
CLM-01151,POL-02108,Malee Phongpanich,OUTPATIENT,E11.9,664,578,APPROVED,2024-09-09,2024-09-16,Tran Van Minh,Prudential Life,Thailand
CLM-01152,POL-01316,Ngo Thi Thu,OUTPATIENT,E11.9,2477,2306,APPROVED,2024-09-04,2024-09-09,Pranee Srisuwan,AIA Insurance,Vietnam
CLM-01153,POL-00258,Kanya Srisuwan,OUTPATIENT,L30.9,1843,0,PENDING,2024-11-26,,Nguyen Thi Lan,FWD Group,Thailand
CLM-01154,POL-00475,Le Minh Tuan,DENTAL,K05.10,6692,4926,APPROVED,2024-12-26,2025-01-07,Tran Van Minh,Prudential Life,Vietnam
CLM-01155,POL-01843,Kittisak Boonmee,OUTPATIENT,J06.9,1722,0,IN_REVIEW,2024-08-23,2024-08-28,Wong Ka Ming,Prudential Life,Thailand
CLM-01156,POL-00004,Somchai Rattanaporn,OUTPATIENT,A90,2391,2327,APPROVED,2024-04-26,2024-05-03,Wong Ka Ming,FWD Group,Thailand
CLM-01157,POL-01197,Wong Chi Keung,DENTAL,K08.9,7284,6355,APPROVED,2024-09-17,2024-09-23,Wong Ka Ming,AIA Insurance,Hong Kong
CLM-01158,POL-01806,Chaiwat Rattanaporn,OUTPATIENT,I10,1819,0,PENDING,2024-03-24,,Pranee Srisuwan,AIA Insurance,Thailand
CLM-01159,POL-00402,Chan Mei Ling,OUTPATIENT,H10.9,1493,1088,APPROVED,2024-03-04,2024-03-07,Nguyen Thi Lan,Prudential Life,Hong Kong
CLM-01160,POL-01383,Wong Ka Ming,OUTPATIENT,J06.9,3096,3036,APPROVED,2024-01-17,2024-01-26,Nguyen Thi Lan,AIA Insurance,Hong Kong
CLM-01161,POL-02004,Leung Sau Lan,OUTPATIENT,J45.909,1034,826,APPROVED,2024-07-18,2024-07-23,Nguyen Thi Lan,AIA Insurance,Hong Kong
CLM-01162,POL-01215,Hoang Duc Thang,OUTPATIENT,E11.9,2963,0,IN_REVIEW,2024-12-21,2024-12-27,Tran Van Minh,Prudential Life,Vietnam
CLM-01163,POL-02161,Do Van Long,DENTAL,K08.9,2207,2200,APPROVED,2024-10-11,2024-10-16,Nguyen Thi Lan,FWD Group,Vietnam
CLM-01164,POL-01200,Prasert Thongdee,OUTPATIENT,I10,764,0,PENDING,2024-10-12,,Somchai Wattana,AIA Insurance,Thailand
CLM-01165,POL-01752,Malee Saetang,OUTPATIENT,A09,2090,1472,APPROVED,2024-01-28,2024-01-30,Pranee Srisuwan,AIA Insurance,Thailand
CLM-01166,POL-01793,Prasert Phongpanich,OUTPATIENT,I10,1279,957,APPROVED,2024-07-13,2024-07-18,Somchai Wattana,Prudential Life,Thailand
CLM-01167,POL-01308,Niran Saetang,OUTPATIENT,A09,3041,2972,APPROVED,2024-07-03,2024-07-05,Nguyen Thi Lan,Prudential Life,Thailand
CLM-01168,POL-01944,Anong Thongdee,OUTPATIENT,M54.5,3711,3111,APPROVED,2024-02-19,2024-02-26,Pranee Srisuwan,FWD Group,Thailand
CLM-01169,POL-01258,Pham Thu Huong,INPATIENT,S72.001A,36308,27285,APPROVED,2024-11-07,2024-11-12,Somchai Wattana,AIA Insurance,Vietnam
CLM-01170,POL-01978,Dang Quoc Bao,INPATIENT,J45.909,96334,76119,APPROVED,2024-06-15,2024-06-21,Somchai Wattana,AIA Insurance,Vietnam
CLM-01171,POL-00565,Nguyen Van An,DENTAL,K05.10,836,706,APPROVED,2024-01-03,2024-01-06,Nguyen Thi Lan,AIA Insurance,Vietnam
CLM-01172,POL-00882,Chaiwat Chaiyasit,DENTAL,K05.10,1563,0,PENDING,2024-03-02,,Wong Ka Ming,Prudential Life,Thailand
CLM-01173,POL-01076,Hoang Duc Thang,MATERNITY,O80,71640,0,REJECTED,2024-03-29,2024-04-10,Pranee Srisuwan,Prudential Life,Vietnam
CLM-01174,POL-01589,Le Minh Tuan,INPATIENT,A09,592516,0,PENDING,2024-03-07,,Tran Van Minh,FWD Group,Vietnam
CLM-01175,POL-00600,Hoang Duc Thang,OUTPATIENT,I10,18132,17439,APPROVED,2024-11-18,2024-11-24,Somchai Wattana,AIA Insurance,Vietnam
CLM-01176,POL-00266,Prasert Phongpanich,OUTPATIENT,M54.5,2751,0,IN_REVIEW,2024-12-13,2024-12-28,Tran Van Minh,AIA Insurance,Thailand
CLM-01177,POL-00210,Hoang Duc Thang,DENTAL,K02.9,11007,7827,APPROVED,2024-09-25,2024-09-27,Pranee Srisuwan,AIA Insurance,Vietnam
CLM-01178,POL-00235,Leung Wai Yan,OUTPATIENT,A09,1620,0,PENDING,2024-12-01,,Somchai Wattana,Prudential Life,Hong Kong
CLM-01179,POL-00718,Kittisak Srisuwan,MATERNITY,O80,86602,75095,APPROVED,2024-09-14,2024-09-23,Tran Van Minh,Prudential Life,Thailand
CLM-01180,POL-00984,Ngo Thi Thu,OUTPATIENT,E11.9,698,0,IN_REVIEW,2024-11-10,2024-11-16,Somchai Wattana,FWD Group,Vietnam
CLM-01181,POL-01383,Wong Ka Ming,INPATIENT,J45.909,65786,64827,APPROVED,2024-10-26,2024-11-05,Wong Ka Ming,AIA Insurance,Hong Kong
CLM-01182,POL-01907,Niran Chaiyasit,OUTPATIENT,J06.9,4444,4025,APPROVED,2024-06-02,2024-06-10,Tran Van Minh,Prudential Life,Thailand
CLM-01183,POL-00610,Nguyen Van An,OUTPATIENT,M54.5,5853,0,REJECTED,2024-04-29,2024-05-11,Tran Van Minh,Prudential Life,Vietnam
CLM-01184,POL-02014,Anong Rattanaporn,OUTPATIENT,A09,9812,0,PENDING,2024-01-16,,Somchai Wattana,FWD Group,Thailand
CLM-01185,POL-02089,Prasert Saetang,INPATIENT,A09,231638,164752,APPROVED,2024-11-09,2024-11-14,Pranee Srisuwan,AIA Insurance,Thailand
CLM-01186,POL-00009,Chaiwat Boonmee,OUTPATIENT,I10,500,421,APPROVED,2024-10-30,2024-11-04,Wong Ka Ming,Prudential Life,Thailand
CLM-01187,POL-02103,Anong Srisuwan,OUTPATIENT,K21.0,617,0,REJECTED,2024-01-12,2024-01-21,Wong Ka Ming,AIA Insurance,Thailand
CLM-01188,POL-00796,Bui Thanh Ha,MATERNITY,O80,48345,0,REJECTED,2024-02-04,2024-02-10,Pranee Srisuwan,AIA Insurance,Vietnam
CLM-01189,POL-01440,Prasert Wattana,OUTPATIENT,M54.5,3420,0,REJECTED,2024-01-16,2024-01-21,Somchai Wattana,Prudential Life,Thailand
CLM-01190,POL-00180,Nguyen Van An,OUTPATIENT,J06.9,5615,0,PENDING,2024-09-14,,Nguyen Thi Lan,AIA Insurance,Vietnam
CLM-01191,POL-01361,Ngo Thi Thu,OUTPATIENT,I10,1629,1376,APPROVED,2024-07-23,2024-07-26,Somchai Wattana,FWD Group,Vietnam
CLM-01192,POL-00527,Hoang Duc Thang,OUTPATIENT,K21.0,7575,0,IN_REVIEW,2024-01-13,2024-01-15,Somchai Wattana,Prudential Life,Vietnam
CLM-01193,POL-01289,Wong Sau Lan,OUTPATIENT,J06.9,12298,9992,APPROVED,2024-06-11,2024-06-16,Somchai Wattana,AIA Insurance,Hong Kong
CLM-01194,POL-00759,Tran Thi Mai,OUTPATIENT,N39.0,500,0,IN_REVIEW,2024-12-27,2025-01-01,Somchai Wattana,FWD Group,Vietnam
CLM-01195,POL-00883,Ho Wai Yan,INPATIENT,J18.9,100458,78503,APPROVED,2024-11-24,2024-11-30,Somchai Wattana,Prudential Life,Hong Kong
CLM-01196,POL-01770,Le Minh Tuan,OUTPATIENT,N39.0,3091,2178,APPROVED,2024-11-26,2024-11-29,Wong Ka Ming,FWD Group,Vietnam
CLM-01197,POL-01834,Nguyen Van An,OUTPATIENT,A09,1855,1501,APPROVED,2024-05-13,2024-05-24,Somchai Wattana,Prudential Life,Vietnam
CLM-01198,POL-00640,Malee Saetang,DENTAL,K04.7,6576,4987,APPROVED,2024-07-19,2024-07-26,Nguyen Thi Lan,AIA Insurance,Thailand
CLM-01199,POL-00139,Malee Phongpanich,OUTPATIENT,A90,619,561,APPROVED,2024-12-17,2024-12-20,Pranee Srisuwan,AIA Insurance,Thailand
CLM-01200,POL-00497,Pranee Srisuwan,OUTPATIENT,J45.909,18340,16448,APPROVED,2024-12-13,2024-12-19,Pranee Srisuwan,AIA Insurance,Thailand
CLM-01201,POL-01356,Kittisak Wattana,OUTPATIENT,J06.9,1831,1359,APPROVED,2024-05-29,2024-06-01,Wong Ka Ming,Prudential Life,Thailand
CLM-01202,POL-01113,Hoang Duc Thang,OUTPATIENT,H10.9,5849,0,IN_REVIEW,2024-06-15,2024-06-19,Tran Van Minh,Prudential Life,Vietnam
CLM-01203,POL-01696,Somchai Srisuwan,INPATIENT,A90,54190,38879,APPROVED,2024-07-01,2024-07-18,Nguyen Thi Lan,AIA Insurance,Thailand
CLM-01204,POL-00962,Kanya Srisuwan,DENTAL,K02.9,4292,3494,APPROVED,2024-12-13,2024-12-24,Wong Ka Ming,FWD Group,Thailand
CLM-01205,POL-01473,Le Minh Tuan,OUTPATIENT,A90,7074,0,PENDING,2024-07-17,,Somchai Wattana,FWD Group,Vietnam
CLM-01206,POL-00027,Dang Quoc Bao,OUTPATIENT,H10.9,4921,0,IN_REVIEW,2024-02-10,2024-02-13,Somchai Wattana,AIA Insurance,Vietnam
CLM-01207,POL-00425,Pranee Boonmee,OUTPATIENT,E11.9,3608,0,REJECTED,2024-11-10,2024-11-23,Tran Van Minh,AIA Insurance,Thailand
CLM-01208,POL-01140,Ho Siu Fung,DENTAL,K04.7,4454,3553,APPROVED,2024-12-30,2025-01-07,Somchai Wattana,FWD Group,Hong Kong
CLM-01209,POL-01127,Chaiwat Thongdee,OUTPATIENT,K21.0,2763,0,REJECTED,2024-12-10,2024-12-20,Wong Ka Ming,FWD Group,Thailand
CLM-01210,POL-00522,Prasert Phongpanich,OUTPATIENT,L30.9,1829,1419,APPROVED,2024-01-02,2024-01-14,Pranee Srisuwan,Prudential Life,Thailand
CLM-01211,POL-01758,Siriporn Thongdee,OUTPATIENT,J06.9,1269,953,APPROVED,2024-03-09,2024-03-17,Somchai Wattana,Prudential Life,Thailand
CLM-01212,POL-01114,Ngo Thi Thu,INPATIENT,J18.9,53687,47551,APPROVED,2024-12-11,2024-12-14,Pranee Srisuwan,FWD Group,Vietnam
CLM-01213,POL-01178,Nguyen Van An,OUTPATIENT,J06.9,3114,0,REJECTED,2024-02-13,2024-02-18,Nguyen Thi Lan,AIA Insurance,Vietnam
CLM-01214,POL-00315,Chan Ka Ming,OUTPATIENT,J06.9,13283,12362,APPROVED,2024-04-09,2024-04-13,Pranee Srisuwan,FWD Group,Hong Kong
CLM-01215,POL-02184,Pranee Saetang,OUTPATIENT,N39.0,2590,2510,APPROVED,2024-10-05,2024-10-11,Wong Ka Ming,AIA Insurance,Thailand
CLM-01216,POL-01151,Niran Thongdee,DENTAL,K02.9,13643,0,REJECTED,2024-11-09,2024-11-17,Tran Van Minh,AIA Insurance,Thailand
CLM-01217,POL-02093,Somchai Boonmee,OUTPATIENT,M54.5,1349,1281,APPROVED,2024-07-01,2024-07-04,Wong Ka Ming,Prudential Life,Thailand
CLM-01218,POL-00882,Chaiwat Chaiyasit,OUTPATIENT,H10.9,9620,8862,APPROVED,2024-12-13,2024-12-14,Tran Van Minh,Prudential Life,Thailand
CLM-01219,POL-01011,Chan Wai Yan,OUTPATIENT,L30.9,3575,2589,APPROVED,2024-01-24,2024-02-08,Somchai Wattana,FWD Group,Hong Kong
CLM-01220,POL-00199,Hoang Duc Thang,MATERNITY,O80,61826,0,REJECTED,2024-12-23,2025-01-05,Somchai Wattana,FWD Group,Vietnam
CLM-01221,POL-01716,Le Minh Tuan,DENTAL,K02.9,500,0,REJECTED,2024-11-21,2024-11-26,Nguyen Thi Lan,Prudential Life,Vietnam
CLM-01222,POL-00025,Anong Boonmee,INPATIENT,A09,58025,0,REJECTED,2024-06-04,2024-06-06,Nguyen Thi Lan,FWD Group,Thailand
CLM-01223,POL-01539,Leung Siu Fung,OUTPATIENT,E11.9,1766,1452,APPROVED,2024-08-13,2024-08-20,Tran Van Minh,FWD Group,Hong Kong
CLM-01224,POL-01670,Bui Thanh Ha,OUTPATIENT,M54.5,4546,4107,APPROVED,2024-12-21,2024-12-27,Nguyen Thi Lan,FWD Group,Vietnam
CLM-01225,POL-00947,Le Minh Tuan,OUTPATIENT,J06.9,28147,21710,APPROVED,2024-11-22,2024-11-27,Wong Ka Ming,Prudential Life,Vietnam
CLM-01226,POL-00609,Bui Thanh Ha,OUTPATIENT,A90,1389,1275,APPROVED,2024-02-04,2024-02-06,Nguyen Thi Lan,Prudential Life,Vietnam
CLM-01227,POL-01637,Tran Thi Mai,OUTPATIENT,H10.9,2222,1847,APPROVED,2024-03-02,2024-03-10,Pranee Srisuwan,Prudential Life,Vietnam
CLM-01228,POL-00012,Tran Thi Mai,DENTAL,K04.7,1099,878,APPROVED,2024-12-04,2024-12-08,Tran Van Minh,Prudential Life,Vietnam
CLM-01229,POL-01014,Malee Wattana,OUTPATIENT,A09,4892,0,IN_REVIEW,2024-04-16,2024-04-24,Wong Ka Ming,AIA Insurance,Thailand
CLM-01230,POL-01234,Wong Kwok Wah,OUTPATIENT,A09,1307,1064,APPROVED,2024-12-31,2025-01-02,Pranee Srisuwan,FWD Group,Hong Kong
CLM-01231,POL-01573,Siriporn Wattana,OUTPATIENT,N39.0,1501,0,REJECTED,2024-05-16,2024-05-24,Nguyen Thi Lan,AIA Insurance,Thailand
CLM-01232,POL-02083,Ho Yuen Man,OUTPATIENT,M54.5,4119,3311,APPROVED,2024-08-15,2024-09-04,Pranee Srisuwan,FWD Group,Hong Kong
CLM-01233,POL-00984,Ngo Thi Thu,OUTPATIENT,J06.9,5795,5222,APPROVED,2024-10-25,2024-11-01,Tran Van Minh,FWD Group,Vietnam
CLM-01234,POL-01708,Malee Wattana,OUTPATIENT,I10,11059,9531,APPROVED,2024-04-16,2024-04-21,Wong Ka Ming,AIA Insurance,Thailand
CLM-01235,POL-02025,Ng Mei Ling,INPATIENT,A09,20434,0,IN_REVIEW,2024-07-05,2024-07-08,Tran Van Minh,Prudential Life,Hong Kong
CLM-01236,POL-00760,Ng Mei Ling,OUTPATIENT,M54.5,17141,12375,APPROVED,2024-01-19,2024-01-26,Somchai Wattana,FWD Group,Hong Kong
CLM-01237,POL-01215,Hoang Duc Thang,OUTPATIENT,I10,4246,0,IN_REVIEW,2024-01-10,2024-01-18,Wong Ka Ming,Prudential Life,Vietnam
CLM-01238,POL-01980,Lau Wai Yan,OUTPATIENT,J06.9,2050,0,REJECTED,2024-04-07,2024-04-11,Tran Van Minh,AIA Insurance,Hong Kong
CLM-01239,POL-01908,Vu Ngoc Anh,DENTAL,K05.10,2541,1878,APPROVED,2024-01-25,2024-01-31,Somchai Wattana,Prudential Life,Vietnam
CLM-01240,POL-00268,Siriporn Wattana,OUTPATIENT,N39.0,4375,0,PENDING,2024-10-27,,Pranee Srisuwan,AIA Insurance,Thailand
CLM-01241,POL-00090,Leung Kwok Wah,OUTPATIENT,K21.0,17156,0,PENDING,2024-06-07,,Tran Van Minh,AIA Insurance,Hong Kong
CLM-01242,POL-01438,Ng Tsz Ching,OUTPATIENT,J06.9,4368,3310,APPROVED,2024-01-24,2024-01-29,Pranee Srisuwan,FWD Group,Hong Kong
CLM-01243,POL-02148,Cheung Wai Yan,OUTPATIENT,M54.5,5174,3947,APPROVED,2024-08-25,2024-09-01,Tran Van Minh,AIA Insurance,Hong Kong
CLM-01244,POL-01980,Lau Wai Yan,DENTAL,K05.10,2663,2535,APPROVED,2024-01-21,2024-02-01,Tran Van Minh,AIA Insurance,Hong Kong
CLM-01245,POL-00357,Pranee Saetang,OUTPATIENT,H10.9,4822,4345,APPROVED,2024-03-10,2024-03-17,Pranee Srisuwan,AIA Insurance,Thailand
CLM-01246,POL-00546,Wong Tsz Ching,DENTAL,K02.9,17952,0,IN_REVIEW,2024-04-16,2024-04-20,Somchai Wattana,AIA Insurance,Hong Kong
CLM-01247,POL-00789,Hoang Duc Thang,OUTPATIENT,K21.0,704,504,APPROVED,2024-10-10,2024-10-12,Tran Van Minh,Prudential Life,Vietnam
CLM-01248,POL-01600,Ho Yuen Man,OUTPATIENT,E11.9,8618,0,REJECTED,2024-03-24,2024-03-29,Nguyen Thi Lan,Prudential Life,Hong Kong
CLM-01249,POL-00155,Ngo Thi Thu,OUTPATIENT,J45.909,2203,0,REJECTED,2024-08-12,2024-08-16,Pranee Srisuwan,AIA Insurance,Vietnam
CLM-01250,POL-01408,Siriporn Rattanaporn,OUTPATIENT,A09,11265,0,REJECTED,2024-01-15,2024-01-25,Nguyen Thi Lan,AIA Insurance,Thailand
CLM-01251,POL-01737,Kanya Boonmee,OUTPATIENT,L30.9,5656,5253,APPROVED,2024-09-03,2024-09-13,Pranee Srisuwan,Prudential Life,Thailand
CLM-01252,POL-00139,Malee Phongpanich,DENTAL,K08.9,9394,7640,APPROVED,2024-08-18,2024-08-23,Tran Van Minh,AIA Insurance,Thailand
CLM-01253,POL-02232,Tran Thi Mai,OUTPATIENT,A09,1468,1416,APPROVED,2024-01-26,2024-01-30,Wong Ka Ming,Prudential Life,Vietnam
CLM-01254,POL-01869,Kittisak Phongpanich,OUTPATIENT,K21.0,1526,1176,APPROVED,2024-02-29,2024-03-06,Pranee Srisuwan,AIA Insurance,Thailand
CLM-01255,POL-01123,Lee Wai Yan,OUTPATIENT,I10,5994,0,IN_REVIEW,2024-10-05,2024-10-08,Nguyen Thi Lan,FWD Group,Hong Kong
CLM-01256,POL-02105,Malee Phongpanich,OUTPATIENT,M54.5,3975,3580,APPROVED,2024-11-17,2024-11-24,Wong Ka Ming,Prudential Life,Thailand
CLM-01257,POL-01882,Lau Tsz Ching,MATERNITY,O82,89964,88459,APPROVED,2024-04-06,2024-04-14,Wong Ka Ming,FWD Group,Hong Kong
CLM-01258,POL-01653,Dang Quoc Bao,MATERNITY,O80,192803,0,PENDING,2024-06-14,,Somchai Wattana,FWD Group,Vietnam
CLM-01259,POL-00946,Prasert Thongdee,MATERNITY,O80,54981,52368,APPROVED,2024-09-25,2024-10-01,Nguyen Thi Lan,AIA Insurance,Thailand
CLM-01260,POL-01363,Chan Siu Fung,OUTPATIENT,M54.5,3136,2962,APPROVED,2024-11-04,2024-11-09,Wong Ka Ming,AIA Insurance,Hong Kong
CLM-01261,POL-01388,Siriporn Srisuwan,DENTAL,K02.9,7145,0,REJECTED,2024-10-19,2024-10-21,Somchai Wattana,FWD Group,Thailand
CLM-01262,POL-00228,Vu Ngoc Anh,OUTPATIENT,L30.9,700,0,PENDING,2024-11-08,,Wong Ka Ming,Prudential Life,Vietnam
CLM-01263,POL-01310,Kanya Wattana,OUTPATIENT,M54.5,1563,1242,APPROVED,2024-06-10,2024-06-22,Nguyen Thi Lan,FWD Group,Thailand
CLM-01264,POL-02193,Le Minh Tuan,OUTPATIENT,E11.9,908,638,APPROVED,2024-04-27,2024-05-05,Pranee Srisuwan,Prudential Life,Vietnam
CLM-01265,POL-00336,Ng Kwok Wah,OUTPATIENT,N39.0,34215,0,IN_REVIEW,2024-02-15,2024-02-21,Tran Van Minh,AIA Insurance,Hong Kong
CLM-01266,POL-01353,Chan Mei Ling,OUTPATIENT,I10,3642,3331,APPROVED,2024-11-10,2024-11-15,Pranee Srisuwan,FWD Group,Hong Kong
CLM-01267,POL-01386,Kanya Thongdee,OUTPATIENT,H10.9,5419,4727,APPROVED,2024-01-26,2024-01-28,Wong Ka Ming,AIA Insurance,Thailand
CLM-01268,POL-00799,Bui Thanh Ha,OUTPATIENT,J06.9,3429,3260,APPROVED,2024-09-21,2024-09-27,Pranee Srisuwan,AIA Insurance,Vietnam
CLM-01269,POL-01528,Somchai Saetang,DENTAL,K08.9,2336,1953,APPROVED,2024-10-31,2024-11-09,Tran Van Minh,AIA Insurance,Thailand
CLM-01270,POL-02360,Anong Srisuwan,OUTPATIENT,J06.9,1896,1482,APPROVED,2024-03-17,2024-03-20,Pranee Srisuwan,FWD Group,Thailand
CLM-01271,POL-00657,Siriporn Boonmee,OUTPATIENT,E11.9,2120,1534,APPROVED,2024-12-05,2024-12-06,Nguyen Thi Lan,Prudential Life,Thailand
CLM-01272,POL-02331,Le Minh Tuan,OUTPATIENT,E11.9,3297,0,PENDING,2024-02-26,,Nguyen Thi Lan,FWD Group,Vietnam
CLM-01273,POL-01366,Malee Chaiyasit,OUTPATIENT,J45.909,2154,2086,APPROVED,2024-01-23,2024-02-02,Somchai Wattana,AIA Insurance,Thailand
CLM-01274,POL-02174,Somchai Phongpanich,OUTPATIENT,J45.909,9782,0,REJECTED,2024-05-21,2024-05-25,Wong Ka Ming,AIA Insurance,Thailand
CLM-01275,POL-00135,Pranee Boonmee,OUTPATIENT,A90,4511,0,IN_REVIEW,2024-04-19,2024-04-26,Tran Van Minh,AIA Insurance,Thailand
CLM-01276,POL-01299,Prasert Thongdee,INPATIENT,J18.9,60509,58346,APPROVED,2024-12-16,2024-12-19,Wong Ka Ming,FWD Group,Thailand
CLM-01277,POL-00569,Leung Ka Ming,INPATIENT,A09,140339,110412,APPROVED,2024-02-08,2024-02-16,Tran Van Minh,Prudential Life,Hong Kong
CLM-01278,POL-00577,Dang Quoc Bao,OUTPATIENT,N39.0,8815,8359,APPROVED,2024-09-16,2024-09-19,Nguyen Thi Lan,AIA Insurance,Vietnam
CLM-01279,POL-02162,Pranee Saetang,DENTAL,K04.7,2861,2084,APPROVED,2024-12-24,2025-01-02,Tran Van Minh,Prudential Life,Thailand
CLM-01280,POL-01712,Nguyen Van An,OUTPATIENT,J06.9,2111,0,REJECTED,2024-01-25,2024-02-15,Pranee Srisuwan,AIA Insurance,Vietnam
CLM-01281,POL-00110,Nguyen Van An,DENTAL,K08.9,11056,0,REJECTED,2024-05-24,2024-05-28,Wong Ka Ming,FWD Group,Vietnam
CLM-01282,POL-01265,Wong Chi Keung,OUTPATIENT,K21.0,5363,5132,APPROVED,2024-03-12,2024-03-20,Somchai Wattana,AIA Insurance,Hong Kong
CLM-01283,POL-02314,Lee Sau Lan,OUTPATIENT,K21.0,3497,2944,APPROVED,2024-03-02,2024-03-17,Tran Van Minh,AIA Insurance,Hong Kong
CLM-01284,POL-02141,Do Van Long,OUTPATIENT,A09,5362,0,PENDING,2024-01-22,,Somchai Wattana,AIA Insurance,Vietnam
CLM-01285,POL-00988,Siriporn Rattanaporn,OUTPATIENT,J06.9,1082,1025,APPROVED,2024-03-03,2024-03-05,Nguyen Thi Lan,Prudential Life,Thailand
CLM-01286,POL-02092,Chan Chi Keung,OUTPATIENT,A90,1153,877,APPROVED,2024-12-14,2024-12-22,Tran Van Minh,Prudential Life,Hong Kong
CLM-01287,POL-02132,Leung Ho Yin,MATERNITY,O82,34663,0,PENDING,2024-03-05,,Wong Ka Ming,FWD Group,Hong Kong
CLM-01288,POL-01368,Chan Ho Yin,MATERNITY,O82,55518,43030,APPROVED,2024-08-22,2024-08-28,Tran Van Minh,FWD Group,Hong Kong
CLM-01289,POL-02155,Wong Tsz Ching,OUTPATIENT,J06.9,12154,0,IN_REVIEW,2024-05-09,2024-05-13,Pranee Srisuwan,AIA Insurance,Hong Kong
CLM-01290,POL-00772,Niran Rattanaporn,DENTAL,K02.9,4832,0,IN_REVIEW,2024-11-26,2024-11-28,Somchai Wattana,FWD Group,Thailand
CLM-01291,POL-01679,Ngo Thi Thu,OUTPATIENT,H10.9,551,0,REJECTED,2024-12-18,2024-12-20,Nguyen Thi Lan,AIA Insurance,Vietnam
CLM-01292,POL-00766,Chaiwat Chaiyasit,INPATIENT,A09,102934,98479,APPROVED,2024-10-12,2024-10-15,Wong Ka Ming,AIA Insurance,Thailand
CLM-01293,POL-00599,Niran Rattanaporn,INPATIENT,K35.80,52263,38325,APPROVED,2024-06-15,2024-06-19,Nguyen Thi Lan,AIA Insurance,Thailand
CLM-01294,POL-02133,Kittisak Chaiyasit,OUTPATIENT,N39.0,927,783,APPROVED,2024-09-09,2024-09-14,Somchai Wattana,Prudential Life,Thailand
CLM-01295,POL-01545,Prasert Saetang,OUTPATIENT,A09,5741,4462,APPROVED,2024-02-11,2024-02-14,Somchai Wattana,Prudential Life,Thailand
CLM-01296,POL-02350,Chaiwat Rattanaporn,DENTAL,K02.9,8062,0,REJECTED,2024-03-29,2024-04-02,Wong Ka Ming,AIA Insurance,Thailand
CLM-01297,POL-01257,Somchai Srisuwan,INPATIENT,J18.9,294637,210821,APPROVED,2024-02-27,2024-03-04,Wong Ka Ming,Prudential Life,Thailand
CLM-01298,POL-02070,Pranee Phongpanich,DENTAL,K05.10,2579,2077,APPROVED,2024-09-28,2024-10-07,Somchai Wattana,Prudential Life,Thailand
CLM-01299,POL-00398,Le Minh Tuan,DENTAL,K05.10,995,987,APPROVED,2024-10-01,2024-10-11,Wong Ka Ming,Prudential Life,Vietnam
CLM-01300,POL-00440,Le Minh Tuan,OUTPATIENT,I10,9674,7279,APPROVED,2024-12-29,2025-01-07,Somchai Wattana,Prudential Life,Vietnam
CLM-01301,POL-01595,Leung Mei Ling,MATERNITY,O80,20406,0,PENDING,2024-01-08,,Pranee Srisuwan,Prudential Life,Hong Kong
CLM-01302,POL-00509,Ho Ho Yin,OUTPATIENT,M54.5,947,0,PENDING,2024-01-06,,Wong Ka Ming,Prudential Life,Hong Kong
CLM-01303,POL-02115,Leung Sau Lan,OUTPATIENT,A90,16755,15467,APPROVED,2024-11-18,2024-12-01,Somchai Wattana,Prudential Life,Hong Kong
CLM-01304,POL-01636,Siriporn Wattana,OUTPATIENT,M54.5,7975,7493,APPROVED,2024-12-12,2024-12-19,Somchai Wattana,FWD Group,Thailand
CLM-01305,POL-00823,Dang Quoc Bao,OUTPATIENT,J45.909,5236,0,PENDING,2024-10-16,,Pranee Srisuwan,FWD Group,Vietnam
CLM-01306,POL-00606,Anong Thongdee,OUTPATIENT,E11.9,3508,2963,APPROVED,2024-11-12,2024-11-16,Wong Ka Ming,AIA Insurance,Thailand
CLM-01307,POL-00178,Vu Ngoc Anh,OUTPATIENT,J06.9,6456,0,PENDING,2024-10-24,,Wong Ka Ming,AIA Insurance,Vietnam
CLM-01308,POL-01633,Prasert Thongdee,OUTPATIENT,E11.9,1400,1124,APPROVED,2024-08-22,2024-08-25,Nguyen Thi Lan,AIA Insurance,Thailand
CLM-01309,POL-02298,Lee Tsz Ching,INPATIENT,A90,18099,16151,APPROVED,2024-11-22,2024-12-01,Nguyen Thi Lan,FWD Group,Hong Kong
CLM-01310,POL-01496,Pranee Boonmee,INPATIENT,J18.9,23699,20215,APPROVED,2024-01-03,2024-01-06,Pranee Srisuwan,FWD Group,Thailand
CLM-01311,POL-00255,Chaiwat Chaiyasit,OUTPATIENT,A09,3630,0,REJECTED,2024-12-04,2024-12-13,Pranee Srisuwan,FWD Group,Thailand
CLM-01312,POL-00333,Wong Tsz Ching,OUTPATIENT,M54.5,1001,881,APPROVED,2024-01-01,2024-01-23,Pranee Srisuwan,AIA Insurance,Hong Kong
CLM-01313,POL-00635,Do Van Long,INPATIENT,N39.0,109781,0,PENDING,2024-04-22,,Pranee Srisuwan,FWD Group,Vietnam
CLM-01314,POL-01462,Dang Quoc Bao,DENTAL,K05.10,8066,0,IN_REVIEW,2024-07-02,2024-07-06,Tran Van Minh,AIA Insurance,Vietnam
CLM-01315,POL-01921,Ng Chi Keung,INPATIENT,A90,116965,0,PENDING,2024-05-26,,Wong Ka Ming,FWD Group,Hong Kong
CLM-01316,POL-00393,Anong Phongpanich,OUTPATIENT,I10,1598,1588,APPROVED,2024-07-24,2024-07-27,Wong Ka Ming,AIA Insurance,Thailand
CLM-01317,POL-02177,Somchai Srisuwan,INPATIENT,A09,29388,0,REJECTED,2024-10-06,2024-10-09,Tran Van Minh,Prudential Life,Thailand
CLM-01318,POL-01227,Pranee Wattana,OUTPATIENT,M54.5,3632,2930,APPROVED,2024-11-06,2024-11-10,Wong Ka Ming,AIA Insurance,Thailand
CLM-01319,POL-00683,Cheung Ho Yin,OUTPATIENT,M54.5,4465,4291,APPROVED,2024-06-05,2024-06-09,Tran Van Minh,Prudential Life,Hong Kong
CLM-01320,POL-02394,Hoang Duc Thang,OUTPATIENT,I10,981,946,APPROVED,2024-04-08,2024-04-14,Pranee Srisuwan,Prudential Life,Vietnam
CLM-01321,POL-01541,Anong Chaiyasit,OUTPATIENT,J06.9,1946,1607,APPROVED,2024-03-14,2024-03-19,Wong Ka Ming,FWD Group,Thailand
CLM-01322,POL-01737,Kanya Boonmee,INPATIENT,A09,55220,0,PENDING,2024-02-17,,Nguyen Thi Lan,Prudential Life,Thailand
CLM-01323,POL-00893,Chaiwat Wattana,DENTAL,K05.10,10740,9076,APPROVED,2024-01-29,2024-02-09,Nguyen Thi Lan,Prudential Life,Thailand
CLM-01324,POL-01415,Ho Sau Lan,OUTPATIENT,L30.9,2153,1843,APPROVED,2024-12-23,2025-01-05,Nguyen Thi Lan,AIA Insurance,Hong Kong
CLM-01325,POL-00098,Lau Chi Keung,OUTPATIENT,J06.9,5915,5601,APPROVED,2024-01-27,2024-02-11,Nguyen Thi Lan,AIA Insurance,Hong Kong
CLM-01326,POL-00982,Kanya Phongpanich,OUTPATIENT,J06.9,4844,3855,APPROVED,2024-10-30,2024-11-15,Somchai Wattana,AIA Insurance,Thailand
CLM-01327,POL-00183,Lee Tsz Ching,OUTPATIENT,J06.9,6076,4831,APPROVED,2024-08-08,2024-08-13,Wong Ka Ming,AIA Insurance,Hong Kong
CLM-01328,POL-02334,Ngo Thi Thu,OUTPATIENT,K21.0,3969,0,PENDING,2024-11-05,,Tran Van Minh,Prudential Life,Vietnam
CLM-01329,POL-00688,Pham Thu Huong,OUTPATIENT,A90,3600,0,IN_REVIEW,2024-07-21,2024-07-28,Tran Van Minh,FWD Group,Vietnam
CLM-01330,POL-00296,Hoang Duc Thang,OUTPATIENT,M54.5,565,0,IN_REVIEW,2024-01-22,2024-02-02,Somchai Wattana,AIA Insurance,Vietnam
CLM-01331,POL-00271,Chan Siu Fung,OUTPATIENT,A09,5141,0,IN_REVIEW,2024-03-17,2024-03-22,Wong Ka Ming,AIA Insurance,Hong Kong
CLM-01332,POL-01131,Lee Mei Ling,OUTPATIENT,A09,5887,5229,APPROVED,2024-05-31,2024-06-03,Tran Van Minh,Prudential Life,Hong Kong
CLM-01333,POL-01242,Pham Thu Huong,OUTPATIENT,M54.5,5867,5381,APPROVED,2024-06-28,2024-07-01,Pranee Srisuwan,AIA Insurance,Vietnam
CLM-01334,POL-00752,Prasert Rattanaporn,OUTPATIENT,J45.909,1649,1176,APPROVED,2024-09-27,2024-09-29,Somchai Wattana,Prudential Life,Thailand
CLM-01335,POL-02137,Chaiwat Rattanaporn,OUTPATIENT,N39.0,7048,6726,APPROVED,2024-12-25,2025-01-06,Wong Ka Ming,FWD Group,Thailand
CLM-01336,POL-02178,Dang Quoc Bao,DENTAL,K05.10,3576,0,PENDING,2024-01-24,,Tran Van Minh,Prudential Life,Vietnam
CLM-01337,POL-01593,Bui Thanh Ha,OUTPATIENT,E11.9,699,557,APPROVED,2024-09-19,2024-10-04,Wong Ka Ming,Prudential Life,Vietnam
CLM-01338,POL-00458,Dang Quoc Bao,OUTPATIENT,L30.9,1179,1018,APPROVED,2024-12-17,2024-12-19,Nguyen Thi Lan,AIA Insurance,Vietnam
CLM-01339,POL-02307,Ho Siu Fung,DENTAL,K04.7,4092,0,IN_REVIEW,2024-12-07,2024-12-13,Tran Van Minh,Prudential Life,Hong Kong
CLM-01340,POL-02297,Do Van Long,OUTPATIENT,A09,9746,8175,APPROVED,2024-06-17,2024-06-22,Somchai Wattana,AIA Insurance,Vietnam
CLM-01341,POL-01873,Ho Wai Yan,OUTPATIENT,M54.5,1286,1181,APPROVED,2024-08-06,2024-08-11,Wong Ka Ming,FWD Group,Hong Kong
CLM-01342,POL-00054,Chan Tsz Ching,OUTPATIENT,A90,4668,4393,APPROVED,2024-11-05,2024-11-15,Nguyen Thi Lan,FWD Group,Hong Kong
CLM-01343,POL-00123,Chaiwat Phongpanich,OUTPATIENT,L30.9,908,862,APPROVED,2024-02-12,2024-02-17,Nguyen Thi Lan,FWD Group,Thailand
CLM-01344,POL-00419,Cheung Ho Yin,INPATIENT,J18.9,399264,343359,APPROVED,2024-04-27,2024-05-01,Nguyen Thi Lan,FWD Group,Hong Kong
CLM-01345,POL-01857,Do Van Long,MATERNITY,O82,81183,66611,APPROVED,2024-11-27,2024-12-06,Nguyen Thi Lan,AIA Insurance,Vietnam
CLM-01346,POL-02246,Chan Yuen Man,INPATIENT,A09,33027,25233,APPROVED,2024-03-16,2024-03-21,Tran Van Minh,AIA Insurance,Hong Kong
CLM-01347,POL-01350,Hoang Duc Thang,MATERNITY,O80,96256,0,REJECTED,2024-02-03,2024-02-14,Somchai Wattana,FWD Group,Vietnam
CLM-01348,POL-00872,Wong Chi Keung,OUTPATIENT,E11.9,1008,714,APPROVED,2024-05-17,2024-05-22,Nguyen Thi Lan,FWD Group,Hong Kong
CLM-01349,POL-00977,Wong Siu Fung,DENTAL,K02.9,23316,17869,APPROVED,2024-10-18,2024-10-21,Somchai Wattana,Prudential Life,Hong Kong
CLM-01350,POL-00020,Le Minh Tuan,DENTAL,K05.10,2221,1712,APPROVED,2024-07-31,2024-08-07,Pranee Srisuwan,Prudential Life,Vietnam
CLM-01351,POL-02242,Do Van Long,DENTAL,K02.9,13992,10920,APPROVED,2024-07-23,2024-08-03,Nguyen Thi Lan,FWD Group,Vietnam
CLM-01352,POL-00694,Malee Chaiyasit,MATERNITY,O82,139426,120523,APPROVED,2024-04-06,2024-04-12,Wong Ka Ming,FWD Group,Thailand
CLM-01353,POL-01715,Chaiwat Srisuwan,DENTAL,K08.9,12066,0,IN_REVIEW,2024-03-21,2024-03-24,Wong Ka Ming,FWD Group,Thailand
CLM-01354,POL-00830,Cheung Mei Ling,OUTPATIENT,H10.9,2732,0,PENDING,2024-10-31,,Pranee Srisuwan,Prudential Life,Hong Kong
CLM-01355,POL-00103,Anong Srisuwan,INPATIENT,E11.9,132520,0,IN_REVIEW,2024-01-28,2024-02-09,Tran Van Minh,Prudential Life,Thailand
CLM-01356,POL-01257,Somchai Srisuwan,OUTPATIENT,J06.9,10481,9589,APPROVED,2024-10-13,2024-10-21,Tran Van Minh,Prudential Life,Thailand
CLM-01357,POL-01020,Nguyen Van An,OUTPATIENT,A90,6482,4867,APPROVED,2024-04-27,2024-05-03,Nguyen Thi Lan,AIA Insurance,Vietnam
CLM-01358,POL-00348,Lee Siu Fung,OUTPATIENT,J06.9,1490,1288,APPROVED,2024-02-23,2024-03-06,Pranee Srisuwan,FWD Group,Hong Kong
CLM-01359,POL-00699,Ho Mei Ling,DENTAL,K05.10,5758,0,PENDING,2024-07-02,,Pranee Srisuwan,FWD Group,Hong Kong
CLM-01360,POL-00583,Lau Chi Keung,DENTAL,K05.10,21317,20888,APPROVED,2024-05-03,2024-05-17,Wong Ka Ming,AIA Insurance,Hong Kong
CLM-01361,POL-01513,Dang Quoc Bao,OUTPATIENT,N39.0,5108,0,REJECTED,2024-03-02,2024-03-24,Nguyen Thi Lan,AIA Insurance,Vietnam
CLM-01362,POL-00295,Nguyen Van An,DENTAL,K02.9,4238,3862,APPROVED,2024-12-09,2024-12-25,Somchai Wattana,AIA Insurance,Vietnam
CLM-01363,POL-01634,Do Van Long,OUTPATIENT,A09,1863,0,PENDING,2024-04-20,,Tran Van Minh,AIA Insurance,Vietnam
CLM-01364,POL-01407,Pham Thu Huong,OUTPATIENT,K21.0,626,0,PENDING,2024-01-10,,Wong Ka Ming,AIA Insurance,Vietnam
CLM-01365,POL-01070,Somchai Saetang,OUTPATIENT,J45.909,1596,1181,APPROVED,2024-10-22,2024-10-28,Pranee Srisuwan,Prudential Life,Thailand
CLM-01366,POL-01197,Wong Chi Keung,OUTPATIENT,A90,3542,2678,APPROVED,2024-04-29,2024-05-02,Nguyen Thi Lan,AIA Insurance,Hong Kong
CLM-01367,POL-01043,Malee Rattanaporn,DENTAL,K04.7,4702,4171,APPROVED,2024-10-16,2024-10-20,Wong Ka Ming,Prudential Life,Thailand
CLM-01368,POL-02189,Wong Sau Lan,OUTPATIENT,I10,1674,0,PENDING,2024-03-31,,Tran Van Minh,FWD Group,Hong Kong
CLM-01369,POL-02078,Ngo Thi Thu,OUTPATIENT,A90,771,691,APPROVED,2024-06-12,2024-06-25,Wong Ka Ming,Prudential Life,Vietnam
CLM-01370,POL-01943,Ho Wai Yan,OUTPATIENT,J06.9,1085,910,APPROVED,2024-09-03,2024-09-04,Tran Van Minh,Prudential Life,Hong Kong
CLM-01371,POL-01101,Vu Ngoc Anh,OUTPATIENT,K21.0,3638,2947,APPROVED,2024-04-19,2024-04-21,Wong Ka Ming,Prudential Life,Vietnam
CLM-01372,POL-00197,Tran Thi Mai,OUTPATIENT,A90,1262,988,APPROVED,2024-08-21,2024-08-24,Wong Ka Ming,AIA Insurance,Vietnam
CLM-01373,POL-01085,Niran Rattanaporn,INPATIENT,J45.909,98697,78687,APPROVED,2024-07-28,2024-08-05,Pranee Srisuwan,Prudential Life,Thailand
CLM-01374,POL-01663,Do Van Long,OUTPATIENT,K21.0,1473,0,REJECTED,2024-12-14,2024-12-21,Somchai Wattana,AIA Insurance,Vietnam
CLM-01375,POL-00250,Leung Sau Lan,OUTPATIENT,J06.9,3211,0,PENDING,2024-12-04,,Somchai Wattana,Prudential Life,Hong Kong
CLM-01376,POL-01331,Niran Srisuwan,OUTPATIENT,N39.0,3013,2641,APPROVED,2024-12-31,2025-01-02,Tran Van Minh,AIA Insurance,Thailand
CLM-01377,POL-01711,Dang Quoc Bao,OUTPATIENT,N39.0,1174,866,APPROVED,2024-08-20,2024-08-22,Nguyen Thi Lan,Prudential Life,Vietnam
CLM-01378,POL-00400,Vu Ngoc Anh,OUTPATIENT,J06.9,2006,1505,APPROVED,2024-09-19,2024-09-29,Somchai Wattana,AIA Insurance,Vietnam
CLM-01379,POL-02098,Dang Quoc Bao,OUTPATIENT,J06.9,1356,961,APPROVED,2024-01-18,2024-01-26,Somchai Wattana,AIA Insurance,Vietnam
CLM-01380,POL-01606,Cheung Mei Ling,OUTPATIENT,A09,688,603,APPROVED,2024-12-19,2024-12-25,Pranee Srisuwan,Prudential Life,Hong Kong
CLM-01381,POL-01193,Siriporn Boonmee,OUTPATIENT,I10,1791,1330,APPROVED,2024-06-18,2024-06-21,Pranee Srisuwan,Prudential Life,Thailand
CLM-01382,POL-01818,Pham Thu Huong,DENTAL,K04.7,4219,0,PENDING,2024-01-14,,Nguyen Thi Lan,AIA Insurance,Vietnam
CLM-01383,POL-01282,Leung Mei Ling,OUTPATIENT,J06.9,4627,4005,APPROVED,2024-04-26,2024-04-29,Nguyen Thi Lan,Prudential Life,Hong Kong
CLM-01384,POL-00080,Tran Thi Mai,MATERNITY,O82,40156,39493,APPROVED,2024-01-25,2024-01-29,Tran Van Minh,AIA Insurance,Vietnam
CLM-01385,POL-00997,Le Minh Tuan,MATERNITY,O80,36502,0,IN_REVIEW,2024-12-07,2024-12-08,Somchai Wattana,AIA Insurance,Vietnam
CLM-01386,POL-01902,Leung Tsz Ching,OUTPATIENT,A09,5866,4633,APPROVED,2024-04-22,2024-05-03,Pranee Srisuwan,Prudential Life,Hong Kong
CLM-01387,POL-02224,Dang Quoc Bao,OUTPATIENT,I10,1490,0,PENDING,2024-09-12,,Pranee Srisuwan,Prudential Life,Vietnam
CLM-01388,POL-02210,Cheung Ka Ming,INPATIENT,J18.9,53463,0,PENDING,2024-11-03,,Wong Ka Ming,FWD Group,Hong Kong
CLM-01389,POL-01069,Ngo Thi Thu,OUTPATIENT,J45.909,6705,5011,APPROVED,2024-02-07,2024-02-12,Wong Ka Ming,AIA Insurance,Vietnam
CLM-01390,POL-01219,Pranee Boonmee,OUTPATIENT,K21.0,2155,2095,APPROVED,2024-07-19,2024-07-30,Somchai Wattana,FWD Group,Thailand
CLM-01391,POL-00219,Anong Srisuwan,OUTPATIENT,M54.5,2780,2771,APPROVED,2024-05-31,2024-06-06,Pranee Srisuwan,AIA Insurance,Thailand
CLM-01392,POL-02400,Malee Wattana,DENTAL,K04.7,3245,0,IN_REVIEW,2024-12-07,2024-12-14,Tran Van Minh,Prudential Life,Thailand
CLM-01393,POL-01083,Ng Mei Ling,OUTPATIENT,M54.5,2647,0,IN_REVIEW,2024-04-24,2024-05-06,Somchai Wattana,AIA Insurance,Hong Kong
CLM-01394,POL-01235,Ngo Thi Thu,OUTPATIENT,K21.0,507,0,REJECTED,2024-12-20,2024-12-22,Wong Ka Ming,FWD Group,Vietnam
CLM-01395,POL-01316,Ngo Thi Thu,INPATIENT,S72.001A,21328,0,PENDING,2024-04-03,,Wong Ka Ming,AIA Insurance,Vietnam
CLM-01396,POL-01312,Kittisak Boonmee,OUTPATIENT,A90,5662,0,REJECTED,2024-09-15,2024-09-23,Nguyen Thi Lan,AIA Insurance,Thailand
CLM-01397,POL-02009,Somchai Chaiyasit,OUTPATIENT,I10,2354,1743,APPROVED,2024-05-08,2024-05-16,Nguyen Thi Lan,Prudential Life,Thailand
CLM-01398,POL-01292,Bui Thanh Ha,DENTAL,K08.9,2760,0,REJECTED,2024-07-21,2024-07-24,Wong Ka Ming,FWD Group,Vietnam
CLM-01399,POL-00185,Kittisak Thongdee,OUTPATIENT,J06.9,1822,1529,APPROVED,2024-05-17,2024-05-23,Somchai Wattana,Prudential Life,Thailand
CLM-01400,POL-00814,Pranee Rattanaporn,OUTPATIENT,I10,1740,1409,APPROVED,2024-11-07,2024-11-19,Somchai Wattana,Prudential Life,Thailand
CLM-01401,POL-01752,Malee Saetang,OUTPATIENT,I10,5193,3724,APPROVED,2024-06-22,2024-07-08,Nguyen Thi Lan,AIA Insurance,Thailand
CLM-01402,POL-00867,Pranee Phongpanich,OUTPATIENT,E11.9,718,0,IN_REVIEW,2024-09-18,2024-09-23,Somchai Wattana,AIA Insurance,Thailand
CLM-01403,POL-01987,Prasert Thongdee,OUTPATIENT,J06.9,668,563,APPROVED,2024-11-18,2024-12-02,Nguyen Thi Lan,FWD Group,Thailand
CLM-01404,POL-01609,Leung Ka Ming,OUTPATIENT,J06.9,1432,1027,APPROVED,2024-05-14,2024-05-20,Somchai Wattana,Prudential Life,Hong Kong
CLM-01405,POL-00460,Pham Thu Huong,OUTPATIENT,A09,2210,1781,APPROVED,2024-08-10,2024-08-21,Wong Ka Ming,Prudential Life,Vietnam
CLM-01406,POL-02148,Cheung Wai Yan,OUTPATIENT,J06.9,5247,4637,APPROVED,2024-05-24,2024-06-12,Nguyen Thi Lan,AIA Insurance,Hong Kong
CLM-01407,POL-00611,Leung Kwok Wah,OUTPATIENT,J45.909,1266,1115,APPROVED,2024-11-20,2024-11-22,Pranee Srisuwan,FWD Group,Hong Kong
CLM-01408,POL-02349,Ho Siu Fung,OUTPATIENT,A90,11258,8096,APPROVED,2024-07-21,2024-07-31,Wong Ka Ming,AIA Insurance,Hong Kong
CLM-01409,POL-00759,Tran Thi Mai,OUTPATIENT,A09,950,826,APPROVED,2024-01-07,2024-01-11,Tran Van Minh,FWD Group,Vietnam
CLM-01410,POL-02069,Bui Thanh Ha,OUTPATIENT,E11.9,9023,8067,APPROVED,2024-03-10,2024-03-13,Pranee Srisuwan,FWD Group,Vietnam
CLM-01411,POL-01855,Somchai Srisuwan,DENTAL,K08.9,4088,0,IN_REVIEW,2024-06-25,2024-06-29,Somchai Wattana,FWD Group,Thailand
CLM-01412,POL-01792,Dang Quoc Bao,OUTPATIENT,A09,2939,2584,APPROVED,2024-01-25,2024-01-30,Wong Ka Ming,FWD Group,Vietnam
CLM-01413,POL-00772,Niran Rattanaporn,DENTAL,K08.9,11333,8732,APPROVED,2024-11-02,2024-11-05,Nguyen Thi Lan,FWD Group,Thailand
CLM-01414,POL-00964,Anong Rattanaporn,OUTPATIENT,J06.9,1308,0,REJECTED,2024-10-04,2024-10-06,Somchai Wattana,Prudential Life,Thailand
CLM-01415,POL-00763,Somchai Saetang,MATERNITY,O80,146698,0,PENDING,2024-01-13,,Nguyen Thi Lan,Prudential Life,Thailand
CLM-01416,POL-00735,Leung Mei Ling,OUTPATIENT,J06.9,9531,9095,APPROVED,2024-09-13,2024-09-15,Nguyen Thi Lan,Prudential Life,Hong Kong
CLM-01417,POL-01811,Somchai Chaiyasit,OUTPATIENT,H10.9,13272,13109,APPROVED,2024-12-29,2025-01-02,Wong Ka Ming,FWD Group,Thailand
CLM-01418,POL-00105,Pranee Wattana,OUTPATIENT,N39.0,4000,3078,APPROVED,2024-09-04,2024-09-06,Tran Van Minh,FWD Group,Thailand
CLM-01419,POL-02183,Ng Ka Ming,MATERNITY,O80,58081,0,IN_REVIEW,2024-03-09,2024-03-16,Somchai Wattana,Prudential Life,Hong Kong
CLM-01420,POL-02275,Lee Kwok Wah,OUTPATIENT,H10.9,12097,8534,APPROVED,2024-11-01,2024-11-11,Pranee Srisuwan,AIA Insurance,Hong Kong
CLM-01421,POL-00430,Prasert Thongdee,OUTPATIENT,J06.9,17402,15911,APPROVED,2024-05-20,2024-06-04,Pranee Srisuwan,AIA Insurance,Thailand
CLM-01422,POL-02183,Ng Ka Ming,OUTPATIENT,I10,626,611,APPROVED,2024-01-13,2024-01-19,Somchai Wattana,Prudential Life,Hong Kong
CLM-01423,POL-01470,Hoang Duc Thang,OUTPATIENT,A09,3377,3126,APPROVED,2024-05-16,2024-05-28,Tran Van Minh,AIA Insurance,Vietnam
CLM-01424,POL-00867,Pranee Phongpanich,OUTPATIENT,N39.0,1989,1414,APPROVED,2024-02-19,2024-02-26,Nguyen Thi Lan,AIA Insurance,Thailand
CLM-01425,POL-00592,Leung Ho Yin,INPATIENT,J18.9,41978,36861,APPROVED,2024-01-15,2024-01-21,Somchai Wattana,Prudential Life,Hong Kong
CLM-01426,POL-00990,Tran Thi Mai,OUTPATIENT,A09,2520,1928,APPROVED,2024-03-11,2024-03-22,Somchai Wattana,AIA Insurance,Vietnam
CLM-01427,POL-02169,Nguyen Van An,OUTPATIENT,L30.9,9670,8372,APPROVED,2024-12-08,2024-12-15,Wong Ka Ming,AIA Insurance,Vietnam
CLM-01428,POL-00134,Niran Saetang,MATERNITY,O82,33805,25196,APPROVED,2024-11-05,2024-11-13,Somchai Wattana,AIA Insurance,Thailand
CLM-01429,POL-00649,Somchai Srisuwan,MATERNITY,O80,64367,0,IN_REVIEW,2024-04-24,2024-04-28,Tran Van Minh,Prudential Life,Thailand
CLM-01430,POL-00564,Pranee Thongdee,OUTPATIENT,L30.9,4084,3815,APPROVED,2024-08-22,2024-08-28,Wong Ka Ming,Prudential Life,Thailand
CLM-01431,POL-02107,Do Van Long,DENTAL,K05.10,8944,0,REJECTED,2024-01-12,2024-01-22,Pranee Srisuwan,AIA Insurance,Vietnam
CLM-01432,POL-00187,Anong Phongpanich,OUTPATIENT,I10,4603,0,PENDING,2024-08-12,,Pranee Srisuwan,Prudential Life,Thailand
CLM-01433,POL-00414,Kanya Wattana,INPATIENT,A90,705455,610487,APPROVED,2024-10-22,2024-11-01,Nguyen Thi Lan,AIA Insurance,Thailand
CLM-01434,POL-00389,Dang Quoc Bao,OUTPATIENT,E11.9,6597,6468,APPROVED,2024-04-13,2024-04-20,Nguyen Thi Lan,Prudential Life,Vietnam
CLM-01435,POL-00800,Nguyen Van An,OUTPATIENT,I10,1044,0,IN_REVIEW,2024-12-27,2025-01-04,Wong Ka Ming,FWD Group,Vietnam
CLM-01436,POL-00573,Chaiwat Wattana,DENTAL,K04.7,1242,1121,APPROVED,2024-10-07,2024-10-16,Pranee Srisuwan,AIA Insurance,Thailand
CLM-01437,POL-02286,Ng Chi Keung,OUTPATIENT,J45.909,2694,2457,APPROVED,2024-10-10,2024-10-22,Somchai Wattana,FWD Group,Hong Kong
CLM-01438,POL-01865,Cheung Tsz Ching,INPATIENT,J18.9,113962,106303,APPROVED,2024-03-06,2024-03-09,Wong Ka Ming,Prudential Life,Hong Kong
CLM-01439,POL-01866,Chan Yuen Man,DENTAL,K04.7,10465,0,PENDING,2024-04-02,,Somchai Wattana,AIA Insurance,Hong Kong
CLM-01440,POL-01098,Kittisak Wattana,DENTAL,K02.9,4276,0,PENDING,2024-02-18,,Wong Ka Ming,AIA Insurance,Thailand
CLM-01441,POL-00628,Ng Mei Ling,OUTPATIENT,I10,3906,2831,APPROVED,2024-08-06,2024-08-12,Wong Ka Ming,AIA Insurance,Hong Kong
CLM-01442,POL-01785,Malee Chaiyasit,DENTAL,K05.10,21202,0,IN_REVIEW,2024-02-08,2024-02-19,Somchai Wattana,AIA Insurance,Thailand
CLM-01443,POL-00608,Niran Rattanaporn,OUTPATIENT,J06.9,9193,0,IN_REVIEW,2024-10-02,2024-10-04,Nguyen Thi Lan,AIA Insurance,Thailand
CLM-01444,POL-00325,Leung Kwok Wah,DENTAL,K04.7,9529,9517,APPROVED,2024-04-17,2024-04-26,Nguyen Thi Lan,AIA Insurance,Hong Kong
CLM-01445,POL-00090,Leung Kwok Wah,MATERNITY,O82,54571,0,REJECTED,2024-01-17,2024-01-20,Nguyen Thi Lan,AIA Insurance,Hong Kong
CLM-01446,POL-00308,Tran Thi Mai,OUTPATIENT,J06.9,5025,4728,APPROVED,2024-12-01,2024-12-10,Tran Van Minh,FWD Group,Vietnam
CLM-01447,POL-00406,Siriporn Phongpanich,OUTPATIENT,E11.9,6976,0,PENDING,2024-09-17,,Tran Van Minh,Prudential Life,Thailand
CLM-01448,POL-00518,Anong Wattana,OUTPATIENT,A90,2267,0,REJECTED,2024-10-19,2024-11-01,Somchai Wattana,AIA Insurance,Thailand
CLM-01449,POL-00409,Chaiwat Saetang,OUTPATIENT,N39.0,2248,0,REJECTED,2024-04-02,2024-04-07,Somchai Wattana,Prudential Life,Thailand
CLM-01450,POL-00664,Ngo Thi Thu,OUTPATIENT,A09,4011,2827,APPROVED,2024-12-22,2024-12-26,Wong Ka Ming,FWD Group,Vietnam
CLM-01451,POL-02143,Chan Mei Ling,OUTPATIENT,A90,5792,5281,APPROVED,2024-09-10,2024-09-15,Wong Ka Ming,Prudential Life,Hong Kong
CLM-01452,POL-00724,Lee Siu Fung,OUTPATIENT,I10,1769,0,REJECTED,2024-12-06,2024-12-13,Somchai Wattana,AIA Insurance,Hong Kong
CLM-01453,POL-01421,Malee Srisuwan,INPATIENT,K35.80,143677,110646,APPROVED,2024-04-26,2024-05-03,Tran Van Minh,Prudential Life,Thailand
CLM-01454,POL-01553,Chan Sau Lan,DENTAL,K05.10,3796,0,PENDING,2024-11-16,,Wong Ka Ming,FWD Group,Hong Kong
CLM-01455,POL-00686,Ho Kwok Wah,DENTAL,K04.7,4448,0,PENDING,2024-01-05,,Nguyen Thi Lan,Prudential Life,Hong Kong
CLM-01456,POL-01483,Malee Srisuwan,OUTPATIENT,M54.5,1186,980,APPROVED,2024-09-22,2024-09-24,Tran Van Minh,Prudential Life,Thailand
CLM-01457,POL-01705,Kittisak Saetang,DENTAL,K05.10,5846,4800,APPROVED,2024-09-04,2024-09-06,Pranee Srisuwan,FWD Group,Thailand
CLM-01458,POL-01215,Hoang Duc Thang,DENTAL,K04.7,21603,0,IN_REVIEW,2024-10-12,2024-10-19,Tran Van Minh,Prudential Life,Vietnam
CLM-01459,POL-00972,Anong Saetang,OUTPATIENT,K21.0,500,0,IN_REVIEW,2024-03-02,2024-03-10,Wong Ka Ming,FWD Group,Thailand
CLM-01460,POL-00618,Siriporn Boonmee,OUTPATIENT,J06.9,6382,0,REJECTED,2024-10-28,2024-11-07,Somchai Wattana,AIA Insurance,Thailand
CLM-01461,POL-00097,Somchai Phongpanich,DENTAL,K05.10,8204,0,PENDING,2024-10-09,,Somchai Wattana,FWD Group,Thailand
CLM-01462,POL-02180,Niran Saetang,INPATIENT,E11.9,43092,32483,APPROVED,2024-04-28,2024-05-09,Wong Ka Ming,AIA Insurance,Thailand
CLM-01463,POL-01664,Somchai Wattana,OUTPATIENT,L30.9,8009,5786,APPROVED,2024-04-03,2024-04-11,Somchai Wattana,AIA Insurance,Thailand
CLM-01464,POL-00184,Malee Thongdee,OUTPATIENT,E11.9,1319,985,APPROVED,2024-01-06,2024-01-13,Nguyen Thi Lan,AIA Insurance,Thailand
CLM-01465,POL-00427,Chaiwat Rattanaporn,DENTAL,K08.9,2346,2329,APPROVED,2024-03-09,2024-03-11,Nguyen Thi Lan,AIA Insurance,Thailand
CLM-01466,POL-01073,Nguyen Van An,DENTAL,K08.9,20475,0,PENDING,2024-09-15,,Nguyen Thi Lan,FWD Group,Vietnam
CLM-01467,POL-00435,Somchai Thongdee,INPATIENT,S72.001A,78570,61861,APPROVED,2024-05-20,2024-06-02,Wong Ka Ming,AIA Insurance,Thailand
CLM-01468,POL-02226,Lee Tsz Ching,MATERNITY,O82,84891,84358,APPROVED,2024-08-02,2024-08-06,Nguyen Thi Lan,AIA Insurance,Hong Kong
CLM-01469,POL-00060,Wong Chi Keung,OUTPATIENT,J45.909,2512,2418,APPROVED,2024-12-15,2024-12-23,Pranee Srisuwan,AIA Insurance,Hong Kong
CLM-01470,POL-01257,Somchai Srisuwan,OUTPATIENT,J06.9,1614,0,REJECTED,2024-07-31,2024-08-03,Wong Ka Ming,Prudential Life,Thailand
CLM-01471,POL-01047,Leung Chi Keung,MATERNITY,O82,64663,55390,APPROVED,2024-07-08,2024-07-13,Nguyen Thi Lan,FWD Group,Hong Kong
CLM-01472,POL-01025,Wong Yuen Man,OUTPATIENT,J45.909,1169,1056,APPROVED,2024-05-29,2024-06-10,Tran Van Minh,AIA Insurance,Hong Kong
CLM-01473,POL-00033,Do Van Long,INPATIENT,J18.9,258362,226199,APPROVED,2024-07-14,2024-07-23,Pranee Srisuwan,Prudential Life,Vietnam
CLM-01474,POL-01354,Kittisak Wattana,OUTPATIENT,A09,3474,0,REJECTED,2024-10-06,2024-10-15,Tran Van Minh,AIA Insurance,Thailand
CLM-01475,POL-01927,Leung Tsz Ching,INPATIENT,A09,43955,42729,APPROVED,2024-12-29,2025-01-01,Nguyen Thi Lan,FWD Group,Hong Kong
CLM-01476,POL-01254,Leung Wai Yan,OUTPATIENT,E11.9,5053,0,REJECTED,2024-01-08,2024-01-13,Nguyen Thi Lan,AIA Insurance,Hong Kong
CLM-01477,POL-00453,Kanya Chaiyasit,MATERNITY,O80,66785,63980,APPROVED,2024-03-30,2024-04-10,Nguyen Thi Lan,Prudential Life,Thailand
CLM-01478,POL-01065,Dang Quoc Bao,DENTAL,K05.10,8877,8335,APPROVED,2024-12-30,2025-01-09,Wong Ka Ming,Prudential Life,Vietnam
CLM-01479,POL-00213,Siriporn Chaiyasit,OUTPATIENT,M54.5,3071,0,PENDING,2024-06-03,,Somchai Wattana,Prudential Life,Thailand
CLM-01480,POL-01513,Dang Quoc Bao,OUTPATIENT,A09,3653,3178,APPROVED,2024-10-05,2024-10-07,Pranee Srisuwan,AIA Insurance,Vietnam
CLM-01481,POL-01789,Nguyen Van An,INPATIENT,E11.9,9373,0,IN_REVIEW,2024-08-27,2024-09-05,Wong Ka Ming,AIA Insurance,Vietnam
CLM-01482,POL-01669,Kittisak Rattanaporn,OUTPATIENT,A09,3130,2194,APPROVED,2024-05-18,2024-05-29,Somchai Wattana,Prudential Life,Thailand
CLM-01483,POL-00231,Dang Quoc Bao,OUTPATIENT,I10,4696,4484,APPROVED,2024-05-21,2024-06-02,Nguyen Thi Lan,AIA Insurance,Vietnam
CLM-01484,POL-02275,Lee Kwok Wah,OUTPATIENT,M54.5,2669,2352,APPROVED,2024-02-29,2024-03-05,Pranee Srisuwan,AIA Insurance,Hong Kong
CLM-01485,POL-02141,Do Van Long,OUTPATIENT,H10.9,2797,2743,APPROVED,2024-07-11,2024-07-17,Somchai Wattana,AIA Insurance,Vietnam
CLM-01486,POL-01372,Ngo Thi Thu,OUTPATIENT,N39.0,3060,2916,APPROVED,2024-07-08,2024-07-10,Tran Van Minh,Prudential Life,Vietnam
CLM-01487,POL-00800,Nguyen Van An,INPATIENT,E11.9,371200,0,PENDING,2024-10-17,,Tran Van Minh,FWD Group,Vietnam
CLM-01488,POL-00036,Pranee Boonmee,OUTPATIENT,A09,7708,5716,APPROVED,2024-07-11,2024-07-13,Somchai Wattana,FWD Group,Thailand
CLM-01489,POL-01463,Prasert Srisuwan,OUTPATIENT,J06.9,5304,4621,APPROVED,2024-09-01,2024-09-06,Wong Ka Ming,Prudential Life,Thailand
CLM-01490,POL-00580,Anong Srisuwan,INPATIENT,E11.9,53550,0,REJECTED,2024-05-13,2024-05-27,Pranee Srisuwan,Prudential Life,Thailand
CLM-01491,POL-00036,Pranee Boonmee,DENTAL,K05.10,6045,4285,APPROVED,2024-12-10,2024-12-12,Wong Ka Ming,FWD Group,Thailand
CLM-01492,POL-01310,Kanya Wattana,DENTAL,K04.7,2114,1827,APPROVED,2024-06-12,2024-06-18,Wong Ka Ming,FWD Group,Thailand
CLM-01493,POL-01785,Malee Chaiyasit,DENTAL,K05.10,1259,943,APPROVED,2024-09-06,2024-09-21,Nguyen Thi Lan,AIA Insurance,Thailand
CLM-01494,POL-00356,Nguyen Van An,OUTPATIENT,A09,3240,3135,APPROVED,2024-01-09,2024-01-10,Tran Van Minh,Prudential Life,Vietnam
CLM-01495,POL-00102,Tran Thi Mai,DENTAL,K05.10,5115,0,IN_REVIEW,2024-12-09,2024-12-15,Wong Ka Ming,FWD Group,Vietnam
CLM-01496,POL-00260,Ho Tsz Ching,DENTAL,K05.10,2957,0,REJECTED,2024-09-01,2024-09-09,Wong Ka Ming,FWD Group,Hong Kong
CLM-01497,POL-00803,Tran Thi Mai,OUTPATIENT,A09,5491,0,REJECTED,2024-03-13,2024-03-26,Nguyen Thi Lan,FWD Group,Vietnam
CLM-01498,POL-02002,Prasert Rattanaporn,INPATIENT,J18.9,591739,414318,APPROVED,2024-03-25,2024-04-03,Nguyen Thi Lan,Prudential Life,Thailand
CLM-01499,POL-01923,Dang Quoc Bao,OUTPATIENT,I10,3536,0,REJECTED,2024-10-13,2024-10-18,Pranee Srisuwan,Prudential Life,Vietnam
CLM-01500,POL-00456,Wong Wai Yan,OUTPATIENT,K21.0,10568,9012,APPROVED,2024-12-11,2024-12-15,Tran Van Minh,AIA Insurance,Hong Kong
CLM-01501,POL-02075,Vu Ngoc Anh,OUTPATIENT,E11.9,2835,2576,APPROVED,2024-04-07,2024-04-15,Tran Van Minh,AIA Insurance,Vietnam
CLM-01502,POL-01020,Nguyen Van An,INPATIENT,E11.9,25152,18759,APPROVED,2024-12-13,2024-12-15,Somchai Wattana,AIA Insurance,Vietnam
CLM-01503,POL-01980,Lau Wai Yan,OUTPATIENT,M54.5,1737,0,REJECTED,2024-11-19,2024-11-24,Nguyen Thi Lan,AIA Insurance,Hong Kong
CLM-01504,POL-00939,Lee Mei Ling,INPATIENT,N39.0,84798,0,REJECTED,2024-11-20,2024-11-22,Pranee Srisuwan,FWD Group,Hong Kong
CLM-01505,POL-01561,Nguyen Van An,OUTPATIENT,E11.9,13590,13283,APPROVED,2024-04-23,2024-04-25,Wong Ka Ming,AIA Insurance,Vietnam
CLM-01506,POL-00640,Malee Saetang,INPATIENT,A09,192311,138179,APPROVED,2024-02-01,2024-02-16,Pranee Srisuwan,AIA Insurance,Thailand
CLM-01507,POL-00721,Bui Thanh Ha,MATERNITY,O82,138195,0,PENDING,2024-09-09,,Somchai Wattana,FWD Group,Vietnam
CLM-01508,POL-00895,Chan Ho Yin,DENTAL,K02.9,9411,0,PENDING,2024-01-22,,Tran Van Minh,FWD Group,Hong Kong
CLM-01509,POL-00160,Somchai Rattanaporn,OUTPATIENT,N39.0,2483,0,PENDING,2024-04-23,,Somchai Wattana,Prudential Life,Thailand
CLM-01510,POL-00285,Kittisak Srisuwan,OUTPATIENT,M54.5,5101,4086,APPROVED,2024-10-31,2024-11-02,Somchai Wattana,Prudential Life,Thailand
CLM-01511,POL-01874,Wong Ho Yin,DENTAL,K04.7,12898,0,REJECTED,2024-12-01,2024-12-13,Nguyen Thi Lan,AIA Insurance,Hong Kong
CLM-01512,POL-00071,Chan Mei Ling,DENTAL,K02.9,8092,6142,APPROVED,2024-05-26,2024-05-28,Wong Ka Ming,FWD Group,Hong Kong
CLM-01513,POL-01835,Chaiwat Boonmee,DENTAL,K02.9,3411,2873,APPROVED,2024-02-02,2024-02-05,Pranee Srisuwan,AIA Insurance,Thailand
CLM-01514,POL-01984,Niran Saetang,DENTAL,K02.9,10373,0,IN_REVIEW,2024-12-28,2025-01-04,Wong Ka Ming,Prudential Life,Thailand
CLM-01515,POL-01805,Nguyen Van An,OUTPATIENT,A09,1913,1759,APPROVED,2024-03-23,2024-03-27,Somchai Wattana,AIA Insurance,Vietnam
CLM-01516,POL-02113,Bui Thanh Ha,OUTPATIENT,A90,9373,0,REJECTED,2024-02-03,2024-02-20,Nguyen Thi Lan,FWD Group,Vietnam
CLM-01517,POL-01587,Tran Thi Mai,OUTPATIENT,K21.0,3068,2269,APPROVED,2024-02-24,2024-03-02,Nguyen Thi Lan,FWD Group,Vietnam
CLM-01518,POL-00009,Chaiwat Boonmee,OUTPATIENT,E11.9,5364,5054,APPROVED,2024-11-05,2024-12-01,Wong Ka Ming,Prudential Life,Thailand
CLM-01519,POL-01732,Vu Ngoc Anh,INPATIENT,S72.001A,20028,14997,APPROVED,2024-01-29,2024-02-01,Wong Ka Ming,FWD Group,Vietnam
CLM-01520,POL-01161,Dang Quoc Bao,OUTPATIENT,A09,2201,2062,APPROVED,2024-08-02,2024-08-14,Nguyen Thi Lan,AIA Insurance,Vietnam
CLM-01521,POL-00325,Leung Kwok Wah,OUTPATIENT,I10,3796,0,REJECTED,2024-11-06,2024-11-14,Nguyen Thi Lan,AIA Insurance,Hong Kong
CLM-01522,POL-00841,Cheung Sau Lan,OUTPATIENT,H10.9,4646,0,REJECTED,2024-06-17,2024-06-25,Tran Van Minh,Prudential Life,Hong Kong
CLM-01523,POL-01540,Wong Kwok Wah,DENTAL,K08.9,4640,0,REJECTED,2024-06-26,2024-07-01,Nguyen Thi Lan,AIA Insurance,Hong Kong
CLM-01524,POL-00239,Tran Thi Mai,DENTAL,K02.9,6070,0,IN_REVIEW,2024-03-03,2024-03-13,Tran Van Minh,Prudential Life,Vietnam
CLM-01525,POL-01343,Dang Quoc Bao,OUTPATIENT,K21.0,2758,2705,APPROVED,2024-08-06,2024-08-17,Wong Ka Ming,AIA Insurance,Vietnam
CLM-01526,POL-02341,Siriporn Phongpanich,DENTAL,K08.9,29058,23150,APPROVED,2024-07-15,2024-07-22,Somchai Wattana,AIA Insurance,Thailand
CLM-01527,POL-01340,Siriporn Boonmee,INPATIENT,J18.9,40276,28941,APPROVED,2024-09-15,2024-09-21,Pranee Srisuwan,AIA Insurance,Thailand
CLM-01528,POL-01031,Vu Ngoc Anh,OUTPATIENT,A09,500,0,REJECTED,2024-07-12,2024-07-19,Nguyen Thi Lan,AIA Insurance,Vietnam
CLM-01529,POL-01809,Vu Ngoc Anh,MATERNITY,O80,54279,38348,APPROVED,2024-07-06,2024-07-07,Wong Ka Ming,Prudential Life,Vietnam
CLM-01530,POL-00988,Siriporn Rattanaporn,OUTPATIENT,E11.9,1344,1091,APPROVED,2024-10-10,2024-10-18,Somchai Wattana,Prudential Life,Thailand
CLM-01531,POL-01962,Ho Siu Fung,OUTPATIENT,E11.9,3666,0,IN_REVIEW,2024-02-21,2024-02-26,Pranee Srisuwan,AIA Insurance,Hong Kong
CLM-01532,POL-00383,Chaiwat Rattanaporn,OUTPATIENT,I10,2129,1561,APPROVED,2024-06-07,2024-06-11,Pranee Srisuwan,FWD Group,Thailand
CLM-01533,POL-00317,Kanya Chaiyasit,INPATIENT,K35.80,154895,142248,APPROVED,2024-06-21,2024-06-28,Nguyen Thi Lan,Prudential Life,Thailand
CLM-01534,POL-01356,Kittisak Wattana,INPATIENT,A09,133030,94653,APPROVED,2024-04-18,2024-04-20,Wong Ka Ming,Prudential Life,Thailand
CLM-01535,POL-01243,Ngo Thi Thu,OUTPATIENT,I10,3519,0,PENDING,2024-12-06,,Pranee Srisuwan,FWD Group,Vietnam
CLM-01536,POL-00665,Niran Saetang,DENTAL,K02.9,15860,15738,APPROVED,2024-03-09,2024-03-23,Tran Van Minh,AIA Insurance,Thailand
CLM-01537,POL-01018,Le Minh Tuan,INPATIENT,A90,15696,0,REJECTED,2024-09-18,2024-09-23,Nguyen Thi Lan,AIA Insurance,Vietnam
CLM-01538,POL-02168,Prasert Boonmee,OUTPATIENT,J06.9,12119,9172,APPROVED,2024-10-16,2024-10-30,Wong Ka Ming,Prudential Life,Thailand
CLM-01539,POL-02297,Do Van Long,OUTPATIENT,A09,5068,3827,APPROVED,2024-01-15,2024-01-19,Wong Ka Ming,AIA Insurance,Vietnam
CLM-01540,POL-01269,Ho Siu Fung,OUTPATIENT,J06.9,2736,2312,APPROVED,2024-10-10,2024-10-17,Nguyen Thi Lan,FWD Group,Hong Kong
CLM-01541,POL-00321,Pranee Chaiyasit,INPATIENT,J18.9,107791,0,IN_REVIEW,2024-04-24,2024-04-29,Pranee Srisuwan,Prudential Life,Thailand
CLM-01542,POL-00146,Lau Tsz Ching,MATERNITY,O82,40573,30987,APPROVED,2024-10-12,2024-10-17,Somchai Wattana,Prudential Life,Hong Kong
CLM-01543,POL-01491,Chan Chi Keung,OUTPATIENT,N39.0,7743,6803,APPROVED,2024-02-26,2024-03-01,Tran Van Minh,FWD Group,Hong Kong
CLM-01544,POL-02254,Kittisak Wattana,OUTPATIENT,I10,7074,0,REJECTED,2024-01-20,2024-01-25,Somchai Wattana,FWD Group,Thailand
CLM-01545,POL-02102,Bui Thanh Ha,OUTPATIENT,E11.9,6446,6069,APPROVED,2024-03-22,2024-03-25,Somchai Wattana,AIA Insurance,Vietnam
CLM-01546,POL-01795,Niran Chaiyasit,DENTAL,K08.9,9226,8425,APPROVED,2024-02-21,2024-02-27,Nguyen Thi Lan,Prudential Life,Thailand
CLM-01547,POL-01473,Le Minh Tuan,DENTAL,K04.7,12664,10699,APPROVED,2024-09-28,2024-10-03,Wong Ka Ming,FWD Group,Vietnam
CLM-01548,POL-00384,Lee Tsz Ching,OUTPATIENT,J06.9,1265,0,REJECTED,2024-09-11,2024-10-04,Nguyen Thi Lan,FWD Group,Hong Kong
CLM-01549,POL-00354,Tran Thi Mai,OUTPATIENT,A90,2752,2101,APPROVED,2024-09-16,2024-09-25,Somchai Wattana,AIA Insurance,Vietnam
CLM-01550,POL-01889,Chaiwat Chaiyasit,MATERNITY,O82,107874,0,IN_REVIEW,2024-10-16,2024-10-18,Pranee Srisuwan,AIA Insurance,Thailand
CLM-01551,POL-00254,Lee Tsz Ching,MATERNITY,O80,123740,107881,APPROVED,2024-07-12,2024-07-20,Tran Van Minh,AIA Insurance,Hong Kong
CLM-01552,POL-00977,Wong Siu Fung,INPATIENT,A09,59172,0,PENDING,2024-06-20,,Pranee Srisuwan,Prudential Life,Hong Kong
CLM-01553,POL-00243,Leung Sau Lan,OUTPATIENT,E11.9,4063,0,PENDING,2024-01-19,,Wong Ka Ming,AIA Insurance,Hong Kong
CLM-01554,POL-01192,Somchai Srisuwan,OUTPATIENT,I10,13714,11743,APPROVED,2024-04-24,2024-04-27,Wong Ka Ming,FWD Group,Thailand
CLM-01555,POL-00932,Pranee Thongdee,OUTPATIENT,J45.909,4652,0,REJECTED,2024-12-06,2024-12-14,Wong Ka Ming,FWD Group,Thailand
CLM-01556,POL-01329,Cheung Mei Ling,OUTPATIENT,N39.0,8258,6447,APPROVED,2024-07-29,2024-08-05,Wong Ka Ming,FWD Group,Hong Kong
CLM-01557,POL-00555,Le Minh Tuan,OUTPATIENT,M54.5,2396,1715,APPROVED,2024-10-25,2024-10-30,Wong Ka Ming,Prudential Life,Vietnam
CLM-01558,POL-00031,Cheung Yuen Man,DENTAL,K02.9,3544,2953,APPROVED,2024-01-12,2024-01-20,Tran Van Minh,Prudential Life,Hong Kong
CLM-01559,POL-01278,Somchai Phongpanich,OUTPATIENT,J06.9,4697,4048,APPROVED,2024-08-10,2024-08-13,Somchai Wattana,AIA Insurance,Thailand
CLM-01560,POL-01080,Kittisak Boonmee,OUTPATIENT,J45.909,14259,12956,APPROVED,2024-10-26,2024-11-03,Tran Van Minh,AIA Insurance,Thailand
CLM-01561,POL-01174,Tran Thi Mai,OUTPATIENT,J06.9,3410,0,REJECTED,2024-08-16,2024-08-24,Somchai Wattana,AIA Insurance,Vietnam
CLM-01562,POL-02155,Wong Tsz Ching,DENTAL,K08.9,1328,0,PENDING,2024-01-18,,Tran Van Minh,AIA Insurance,Hong Kong
CLM-01563,POL-02258,Tran Thi Mai,INPATIENT,A09,126595,114049,APPROVED,2024-12-14,2024-12-18,Nguyen Thi Lan,FWD Group,Vietnam
CLM-01564,POL-00768,Malee Thongdee,MATERNITY,O80,37516,0,REJECTED,2024-05-06,2024-05-18,Wong Ka Ming,FWD Group,Thailand
CLM-01565,POL-01330,Do Van Long,OUTPATIENT,K21.0,2919,0,REJECTED,2024-01-22,2024-01-24,Pranee Srisuwan,AIA Insurance,Vietnam
CLM-01566,POL-00541,Siriporn Chaiyasit,MATERNITY,O80,16872,12475,APPROVED,2024-02-16,2024-03-02,Nguyen Thi Lan,FWD Group,Thailand
CLM-01567,POL-00185,Kittisak Thongdee,MATERNITY,O80,202426,147789,APPROVED,2024-12-06,2024-12-24,Wong Ka Ming,Prudential Life,Thailand
CLM-01568,POL-00266,Prasert Phongpanich,DENTAL,K02.9,7133,5816,APPROVED,2024-06-03,2024-06-05,Wong Ka Ming,AIA Insurance,Thailand
CLM-01569,POL-02224,Dang Quoc Bao,OUTPATIENT,N39.0,5537,0,REJECTED,2024-07-26,2024-07-29,Wong Ka Ming,Prudential Life,Vietnam
CLM-01570,POL-01437,Le Minh Tuan,DENTAL,K04.7,8399,6616,APPROVED,2024-04-16,2024-04-19,Somchai Wattana,Prudential Life,Vietnam
CLM-01571,POL-01111,Ngo Thi Thu,OUTPATIENT,J45.909,6966,0,IN_REVIEW,2024-04-11,2024-04-30,Somchai Wattana,Prudential Life,Vietnam
CLM-01572,POL-02157,Vu Ngoc Anh,DENTAL,K05.10,4357,3060,APPROVED,2024-03-26,2024-03-31,Somchai Wattana,Prudential Life,Vietnam
CLM-01573,POL-02312,Ho Sau Lan,OUTPATIENT,K21.0,2976,0,REJECTED,2024-06-25,2024-07-13,Tran Van Minh,AIA Insurance,Hong Kong
CLM-01574,POL-01979,Pranee Saetang,OUTPATIENT,H10.9,3698,3323,APPROVED,2024-01-29,2024-02-05,Somchai Wattana,Prudential Life,Thailand
CLM-01575,POL-01277,Ngo Thi Thu,OUTPATIENT,E11.9,1817,0,REJECTED,2024-04-18,2024-04-26,Nguyen Thi Lan,AIA Insurance,Vietnam
CLM-01576,POL-00067,Tran Thi Mai,OUTPATIENT,A09,1656,1579,APPROVED,2024-12-26,2024-12-29,Tran Van Minh,FWD Group,Vietnam
CLM-01577,POL-01367,Vu Ngoc Anh,DENTAL,K05.10,4073,0,IN_REVIEW,2024-11-21,2024-11-28,Wong Ka Ming,FWD Group,Vietnam
CLM-01578,POL-01465,Tran Thi Mai,OUTPATIENT,E11.9,2200,1673,APPROVED,2024-06-13,2024-06-16,Somchai Wattana,FWD Group,Vietnam
CLM-01579,POL-01458,Cheung Mei Ling,OUTPATIENT,J45.909,4323,4000,APPROVED,2024-07-01,2024-07-04,Pranee Srisuwan,Prudential Life,Hong Kong
CLM-01580,POL-02047,Do Van Long,OUTPATIENT,J06.9,10456,0,IN_REVIEW,2024-08-18,2024-08-22,Somchai Wattana,Prudential Life,Vietnam
CLM-01581,POL-01481,Ho Ho Yin,OUTPATIENT,H10.9,1703,0,REJECTED,2024-05-29,2024-05-31,Nguyen Thi Lan,Prudential Life,Hong Kong
CLM-01582,POL-00723,Somchai Thongdee,DENTAL,K05.10,2415,1791,APPROVED,2024-09-02,2024-09-07,Somchai Wattana,Prudential Life,Thailand
CLM-01583,POL-00290,Kittisak Chaiyasit,OUTPATIENT,A09,14546,12976,APPROVED,2024-11-17,2024-12-04,Pranee Srisuwan,AIA Insurance,Thailand
CLM-01584,POL-01872,Ngo Thi Thu,DENTAL,K05.10,13171,10654,APPROVED,2024-05-20,2024-05-22,Nguyen Thi Lan,Prudential Life,Vietnam
CLM-01585,POL-01649,Ho Tsz Ching,DENTAL,K05.10,6107,0,IN_REVIEW,2024-11-29,2024-12-06,Pranee Srisuwan,Prudential Life,Hong Kong
CLM-01586,POL-00063,Leung Sau Lan,OUTPATIENT,E11.9,3037,0,PENDING,2024-06-04,,Somchai Wattana,Prudential Life,Hong Kong
CLM-01587,POL-00395,Anong Thongdee,OUTPATIENT,M54.5,3233,2937,APPROVED,2024-07-14,2024-07-24,Nguyen Thi Lan,Prudential Life,Thailand
CLM-01588,POL-00348,Lee Siu Fung,OUTPATIENT,E11.9,2111,1969,APPROVED,2024-06-22,2024-07-18,Pranee Srisuwan,FWD Group,Hong Kong
CLM-01589,POL-01196,Ng Mei Ling,OUTPATIENT,J06.9,1100,0,PENDING,2024-06-12,,Pranee Srisuwan,Prudential Life,Hong Kong
CLM-01590,POL-00894,Prasert Phongpanich,OUTPATIENT,E11.9,1167,902,APPROVED,2024-09-05,2024-09-23,Wong Ka Ming,AIA Insurance,Thailand
CLM-01591,POL-01155,Tran Thi Mai,OUTPATIENT,J06.9,12816,0,IN_REVIEW,2024-06-03,2024-06-13,Pranee Srisuwan,AIA Insurance,Vietnam
CLM-01592,POL-00656,Vu Ngoc Anh,OUTPATIENT,L30.9,1248,1071,APPROVED,2024-09-30,2024-10-05,Somchai Wattana,FWD Group,Vietnam
CLM-01593,POL-00802,Nguyen Van An,DENTAL,K04.7,5897,0,IN_REVIEW,2024-02-06,2024-02-11,Wong Ka Ming,Prudential Life,Vietnam
CLM-01594,POL-01757,Pranee Rattanaporn,OUTPATIENT,I10,7159,6956,APPROVED,2024-08-06,2024-08-14,Tran Van Minh,AIA Insurance,Thailand
CLM-01595,POL-02199,Chaiwat Srisuwan,MATERNITY,O80,169420,0,REJECTED,2024-03-12,2024-03-15,Somchai Wattana,AIA Insurance,Thailand
CLM-01596,POL-02205,Niran Srisuwan,OUTPATIENT,J06.9,18376,16974,APPROVED,2024-07-01,2024-07-03,Pranee Srisuwan,AIA Insurance,Thailand
CLM-01597,POL-02004,Leung Sau Lan,MATERNITY,O82,46610,0,REJECTED,2024-01-17,2024-01-20,Nguyen Thi Lan,AIA Insurance,Hong Kong
CLM-01598,POL-01721,Lee Sau Lan,OUTPATIENT,A90,681,0,REJECTED,2024-12-31,2025-01-16,Pranee Srisuwan,FWD Group,Hong Kong
CLM-01599,POL-00145,Malee Chaiyasit,MATERNITY,O80,65787,0,REJECTED,2024-12-08,2024-12-14,Tran Van Minh,Prudential Life,Thailand
CLM-01600,POL-00441,Chaiwat Srisuwan,MATERNITY,O80,57421,48841,APPROVED,2024-10-14,2024-10-22,Pranee Srisuwan,FWD Group,Thailand
CLM-01601,POL-00951,Pranee Wattana,INPATIENT,A90,11312,9912,APPROVED,2024-10-14,2024-10-22,Nguyen Thi Lan,AIA Insurance,Thailand
CLM-01602,POL-01200,Prasert Thongdee,OUTPATIENT,I10,2574,2359,APPROVED,2024-12-02,2024-12-04,Wong Ka Ming,AIA Insurance,Thailand
CLM-01603,POL-02091,Chaiwat Rattanaporn,INPATIENT,J18.9,57212,41415,APPROVED,2024-03-19,2024-04-02,Nguyen Thi Lan,AIA Insurance,Thailand
CLM-01604,POL-00038,Malee Phongpanich,INPATIENT,J18.9,29339,26741,APPROVED,2024-06-17,2024-07-08,Tran Van Minh,AIA Insurance,Thailand
CLM-01605,POL-00764,Tran Thi Mai,OUTPATIENT,I10,872,845,APPROVED,2024-07-06,2024-07-10,Nguyen Thi Lan,AIA Insurance,Vietnam
CLM-01606,POL-00801,Niran Phongpanich,INPATIENT,N39.0,11632,0,PENDING,2024-03-05,,Wong Ka Ming,Prudential Life,Thailand
CLM-01607,POL-01601,Vu Ngoc Anh,OUTPATIENT,I10,3075,0,PENDING,2024-01-26,,Somchai Wattana,AIA Insurance,Vietnam
CLM-01608,POL-00814,Pranee Rattanaporn,OUTPATIENT,E11.9,4223,0,PENDING,2024-12-27,,Nguyen Thi Lan,Prudential Life,Thailand
CLM-01609,POL-02249,Niran Rattanaporn,INPATIENT,J45.909,10137,0,REJECTED,2024-11-19,2024-11-27,Wong Ka Ming,AIA Insurance,Thailand
CLM-01610,POL-02002,Prasert Rattanaporn,OUTPATIENT,I10,1995,1476,APPROVED,2024-02-28,2024-03-03,Wong Ka Ming,Prudential Life,Thailand
CLM-01611,POL-00324,Vu Ngoc Anh,DENTAL,K05.10,6478,5073,APPROVED,2024-10-02,2024-10-08,Nguyen Thi Lan,Prudential Life,Vietnam
CLM-01612,POL-00144,Pranee Chaiyasit,OUTPATIENT,J06.9,695,685,APPROVED,2024-05-10,2024-05-17,Wong Ka Ming,Prudential Life,Thailand
CLM-01613,POL-00630,Le Minh Tuan,INPATIENT,J45.909,24116,0,REJECTED,2024-05-01,2024-05-09,Pranee Srisuwan,AIA Insurance,Vietnam
CLM-01614,POL-01482,Pranee Boonmee,OUTPATIENT,K21.0,7852,7798,APPROVED,2024-05-28,2024-06-02,Wong Ka Ming,Prudential Life,Thailand
CLM-01615,POL-01811,Somchai Chaiyasit,OUTPATIENT,J06.9,1003,974,APPROVED,2024-07-29,2024-08-01,Pranee Srisuwan,FWD Group,Thailand
CLM-01616,POL-01239,Ho Ho Yin,DENTAL,K02.9,3553,0,REJECTED,2024-06-12,2024-06-22,Wong Ka Ming,AIA Insurance,Hong Kong
CLM-01617,POL-00797,Chaiwat Thongdee,OUTPATIENT,E11.9,2455,2337,APPROVED,2024-09-27,2024-10-08,Somchai Wattana,Prudential Life,Thailand
CLM-01618,POL-01797,Ho Tsz Ching,OUTPATIENT,L30.9,500,0,PENDING,2024-07-04,,Somchai Wattana,AIA Insurance,Hong Kong
CLM-01619,POL-00972,Anong Saetang,OUTPATIENT,N39.0,1925,1528,APPROVED,2024-01-01,2024-01-04,Nguyen Thi Lan,FWD Group,Thailand
CLM-01620,POL-01676,Dang Quoc Bao,OUTPATIENT,J06.9,2075,2002,APPROVED,2024-01-26,2024-02-03,Nguyen Thi Lan,AIA Insurance,Vietnam
CLM-01621,POL-00848,Do Van Long,OUTPATIENT,J45.909,33227,0,IN_REVIEW,2024-07-03,2024-07-09,Pranee Srisuwan,AIA Insurance,Vietnam
CLM-01622,POL-02105,Malee Phongpanich,OUTPATIENT,I10,836,629,APPROVED,2024-10-28,2024-11-03,Nguyen Thi Lan,Prudential Life,Thailand
CLM-01623,POL-01682,Do Van Long,MATERNITY,O80,92436,0,PENDING,2024-12-03,,Pranee Srisuwan,Prudential Life,Vietnam
CLM-01624,POL-01621,Ng Ka Ming,DENTAL,K04.7,3778,0,PENDING,2024-10-04,,Nguyen Thi Lan,Prudential Life,Hong Kong
CLM-01625,POL-00811,Ngo Thi Thu,DENTAL,K05.10,7352,5750,APPROVED,2024-06-30,2024-07-02,Tran Van Minh,FWD Group,Vietnam
CLM-01626,POL-00557,Kittisak Phongpanich,OUTPATIENT,I10,3755,2882,APPROVED,2024-02-25,2024-03-04,Nguyen Thi Lan,Prudential Life,Thailand
CLM-01627,POL-01809,Vu Ngoc Anh,DENTAL,K02.9,3463,3152,APPROVED,2024-07-28,2024-08-02,Nguyen Thi Lan,Prudential Life,Vietnam
CLM-01628,POL-00324,Vu Ngoc Anh,INPATIENT,J18.9,297908,294504,APPROVED,2024-07-23,2024-07-29,Tran Van Minh,Prudential Life,Vietnam
CLM-01629,POL-00908,Leung Ho Yin,OUTPATIENT,E11.9,5532,4479,APPROVED,2024-03-27,2024-04-08,Wong Ka Ming,AIA Insurance,Hong Kong
CLM-01630,POL-01865,Cheung Tsz Ching,OUTPATIENT,E11.9,500,366,APPROVED,2024-06-27,2024-07-04,Somchai Wattana,Prudential Life,Hong Kong
CLM-01631,POL-01857,Do Van Long,OUTPATIENT,J06.9,568,0,REJECTED,2024-08-29,2024-09-03,Nguyen Thi Lan,AIA Insurance,Vietnam
CLM-01632,POL-00647,Niran Boonmee,OUTPATIENT,J06.9,2422,2137,APPROVED,2024-10-10,2024-10-15,Pranee Srisuwan,FWD Group,Thailand
CLM-01633,POL-00075,Le Minh Tuan,DENTAL,K05.10,4840,3872,APPROVED,2024-01-10,2024-01-18,Wong Ka Ming,AIA Insurance,Vietnam
CLM-01634,POL-01018,Le Minh Tuan,OUTPATIENT,E11.9,917,0,IN_REVIEW,2024-12-17,2024-12-22,Tran Van Minh,AIA Insurance,Vietnam
CLM-01635,POL-01013,Pham Thu Huong,OUTPATIENT,A09,7515,0,PENDING,2024-09-27,,Somchai Wattana,AIA Insurance,Vietnam
CLM-01636,POL-02066,Pham Thu Huong,OUTPATIENT,A09,2316,2100,APPROVED,2024-01-01,2024-01-04,Nguyen Thi Lan,AIA Insurance,Vietnam
CLM-01637,POL-01109,Tran Thi Mai,DENTAL,K02.9,2399,0,IN_REVIEW,2024-09-10,2024-09-19,Somchai Wattana,AIA Insurance,Vietnam
CLM-01638,POL-02291,Hoang Duc Thang,OUTPATIENT,M54.5,2126,1676,APPROVED,2024-05-20,2024-05-24,Pranee Srisuwan,FWD Group,Vietnam
CLM-01639,POL-01690,Do Van Long,OUTPATIENT,J45.909,7579,6407,APPROVED,2024-08-09,2024-08-13,Tran Van Minh,FWD Group,Vietnam
CLM-01640,POL-01126,Niran Phongpanich,INPATIENT,A90,79250,0,REJECTED,2024-03-25,2024-03-31,Nguyen Thi Lan,Prudential Life,Thailand
CLM-01641,POL-02325,Chan Yuen Man,OUTPATIENT,J06.9,2855,0,REJECTED,2024-03-27,2024-04-08,Nguyen Thi Lan,AIA Insurance,Hong Kong
CLM-01642,POL-00369,Wong Chi Keung,INPATIENT,E11.9,21621,18471,APPROVED,2024-10-10,2024-10-17,Tran Van Minh,AIA Insurance,Hong Kong
CLM-01643,POL-01263,Bui Thanh Ha,DENTAL,K08.9,4732,0,IN_REVIEW,2024-12-28,2025-01-07,Pranee Srisuwan,AIA Insurance,Vietnam
CLM-01644,POL-01312,Kittisak Boonmee,DENTAL,K02.9,3203,2418,APPROVED,2024-10-10,2024-10-16,Somchai Wattana,AIA Insurance,Thailand
CLM-01645,POL-02214,Malee Thongdee,OUTPATIENT,J06.9,1618,0,REJECTED,2024-11-21,2024-12-04,Somchai Wattana,Prudential Life,Thailand
CLM-01646,POL-01675,Kanya Boonmee,DENTAL,K08.9,1273,0,PENDING,2024-12-18,,Wong Ka Ming,Prudential Life,Thailand
CLM-01647,POL-01207,Somchai Srisuwan,OUTPATIENT,A90,686,519,APPROVED,2024-11-27,2024-11-29,Wong Ka Ming,AIA Insurance,Thailand
CLM-01648,POL-00005,Somchai Rattanaporn,DENTAL,K08.9,2319,2228,APPROVED,2024-04-11,2024-04-23,Nguyen Thi Lan,Prudential Life,Thailand
CLM-01649,POL-00339,Nguyen Van An,OUTPATIENT,H10.9,2930,0,PENDING,2024-11-11,,Pranee Srisuwan,Prudential Life,Vietnam
CLM-01650,POL-00123,Chaiwat Phongpanich,OUTPATIENT,N39.0,1136,815,APPROVED,2024-12-29,2025-01-02,Wong Ka Ming,FWD Group,Thailand
CLM-01651,POL-00453,Kanya Chaiyasit,DENTAL,K02.9,5821,0,IN_REVIEW,2024-03-30,2024-04-02,Somchai Wattana,Prudential Life,Thailand
CLM-01652,POL-00128,Do Van Long,OUTPATIENT,M54.5,500,496,APPROVED,2024-01-26,2024-02-05,Pranee Srisuwan,FWD Group,Vietnam
CLM-01653,POL-02127,Wong Mei Ling,OUTPATIENT,L30.9,2747,2540,APPROVED,2024-08-26,2024-09-03,Wong Ka Ming,Prudential Life,Hong Kong
CLM-01654,POL-00058,Kittisak Phongpanich,OUTPATIENT,A09,2583,0,IN_REVIEW,2024-09-07,2024-09-29,Wong Ka Ming,FWD Group,Thailand
CLM-01655,POL-02059,Somchai Chaiyasit,MATERNITY,O82,90700,75132,APPROVED,2024-05-24,2024-05-26,Wong Ka Ming,Prudential Life,Thailand
CLM-01656,POL-00401,Kittisak Srisuwan,MATERNITY,O82,47910,0,REJECTED,2024-03-02,2024-03-04,Nguyen Thi Lan,AIA Insurance,Thailand
CLM-01657,POL-00901,Pranee Phongpanich,OUTPATIENT,K21.0,4855,3626,APPROVED,2024-05-28,2024-05-30,Wong Ka Ming,FWD Group,Thailand
CLM-01658,POL-00906,Wong Wai Yan,OUTPATIENT,I10,500,0,REJECTED,2024-07-30,2024-08-07,Wong Ka Ming,AIA Insurance,Hong Kong
CLM-01659,POL-02399,Pham Thu Huong,DENTAL,K02.9,2749,0,REJECTED,2024-04-22,2024-04-28,Wong Ka Ming,AIA Insurance,Vietnam
CLM-01660,POL-00519,Lau Tsz Ching,DENTAL,K02.9,3225,0,IN_REVIEW,2024-03-20,2024-03-22,Nguyen Thi Lan,Prudential Life,Hong Kong
CLM-01661,POL-01518,Anong Phongpanich,OUTPATIENT,A09,2083,0,REJECTED,2024-03-21,2024-03-26,Somchai Wattana,Prudential Life,Thailand
CLM-01662,POL-00092,Pranee Srisuwan,DENTAL,K04.7,8989,7793,APPROVED,2024-04-26,2024-05-02,Pranee Srisuwan,AIA Insurance,Thailand
CLM-01663,POL-00539,Chan Mei Ling,INPATIENT,J18.9,29203,0,IN_REVIEW,2024-10-30,2024-11-04,Nguyen Thi Lan,Prudential Life,Hong Kong
CLM-01664,POL-00612,Kittisak Saetang,OUTPATIENT,J06.9,6103,5117,APPROVED,2024-03-02,2024-03-04,Wong Ka Ming,Prudential Life,Thailand
CLM-01665,POL-00680,Chan Yuen Man,DENTAL,K05.10,8350,0,IN_REVIEW,2024-12-18,2024-12-22,Nguyen Thi Lan,Prudential Life,Hong Kong
CLM-01666,POL-00463,Pranee Boonmee,OUTPATIENT,E11.9,2530,0,IN_REVIEW,2024-11-10,2024-11-15,Wong Ka Ming,Prudential Life,Thailand
CLM-01667,POL-00280,Wong Chi Keung,OUTPATIENT,N39.0,4955,3552,APPROVED,2024-02-05,2024-02-18,Tran Van Minh,Prudential Life,Hong Kong
CLM-01668,POL-01846,Ng Sau Lan,INPATIENT,A09,314513,0,PENDING,2024-09-23,,Wong Ka Ming,Prudential Life,Hong Kong
CLM-01669,POL-01437,Le Minh Tuan,OUTPATIENT,I10,3057,2864,APPROVED,2024-06-16,2024-06-22,Somchai Wattana,Prudential Life,Vietnam
CLM-01670,POL-01047,Leung Chi Keung,MATERNITY,O80,10618,8462,APPROVED,2024-01-13,2024-01-18,Somchai Wattana,FWD Group,Hong Kong
CLM-01671,POL-00922,Lau Wai Yan,MATERNITY,O82,65558,0,IN_REVIEW,2024-12-01,2024-12-11,Somchai Wattana,FWD Group,Hong Kong
CLM-01672,POL-00569,Leung Ka Ming,DENTAL,K02.9,2274,1690,APPROVED,2024-01-22,2024-01-29,Tran Van Minh,Prudential Life,Hong Kong
CLM-01673,POL-00402,Chan Mei Ling,MATERNITY,O82,96237,84740,APPROVED,2024-06-12,2024-06-14,Nguyen Thi Lan,Prudential Life,Hong Kong
CLM-01674,POL-01019,Malee Chaiyasit,DENTAL,K02.9,10823,8843,APPROVED,2024-01-29,2024-02-01,Wong Ka Ming,AIA Insurance,Thailand
CLM-01675,POL-00015,Tran Thi Mai,DENTAL,K02.9,3937,2793,APPROVED,2024-03-30,2024-04-01,Tran Van Minh,FWD Group,Vietnam
CLM-01676,POL-01400,Vu Ngoc Anh,MATERNITY,O82,98732,0,PENDING,2024-02-17,,Pranee Srisuwan,Prudential Life,Vietnam
CLM-01677,POL-00347,Ngo Thi Thu,OUTPATIENT,E11.9,1867,1465,APPROVED,2024-07-13,2024-07-16,Nguyen Thi Lan,Prudential Life,Vietnam
CLM-01678,POL-00058,Kittisak Phongpanich,INPATIENT,E11.9,4898,3489,APPROVED,2024-07-21,2024-07-26,Somchai Wattana,FWD Group,Thailand
CLM-01679,POL-01702,Kanya Phongpanich,OUTPATIENT,E11.9,500,455,APPROVED,2024-12-06,2024-12-11,Wong Ka Ming,AIA Insurance,Thailand
CLM-01680,POL-01845,Dang Quoc Bao,DENTAL,K02.9,5747,0,IN_REVIEW,2024-05-12,2024-05-21,Nguyen Thi Lan,Prudential Life,Vietnam
CLM-01681,POL-00412,Tran Thi Mai,DENTAL,K04.7,14321,10689,APPROVED,2024-12-03,2024-12-21,Tran Van Minh,Prudential Life,Vietnam
CLM-01682,POL-00829,Lau Wai Yan,INPATIENT,J18.9,89111,70825,APPROVED,2024-12-04,2024-12-09,Wong Ka Ming,AIA Insurance,Hong Kong
CLM-01683,POL-02117,Kanya Rattanaporn,OUTPATIENT,N39.0,4463,3714,APPROVED,2024-08-23,2024-09-02,Wong Ka Ming,Prudential Life,Thailand
CLM-01684,POL-02222,Somchai Saetang,DENTAL,K05.10,4708,3563,APPROVED,2024-12-18,2024-12-23,Pranee Srisuwan,AIA Insurance,Thailand
CLM-01685,POL-02175,Dang Quoc Bao,INPATIENT,K35.80,9696,0,PENDING,2024-08-30,,Somchai Wattana,FWD Group,Vietnam
CLM-01686,POL-01389,Lau Mei Ling,DENTAL,K05.10,11483,8116,APPROVED,2024-12-23,2025-01-04,Somchai Wattana,Prudential Life,Hong Kong
CLM-01687,POL-00910,Chan Siu Fung,OUTPATIENT,A09,22036,0,IN_REVIEW,2024-03-30,2024-04-10,Tran Van Minh,Prudential Life,Hong Kong
CLM-01688,POL-00429,Dang Quoc Bao,OUTPATIENT,M54.5,2279,0,REJECTED,2024-07-12,2024-07-21,Nguyen Thi Lan,Prudential Life,Vietnam
CLM-01689,POL-00130,Somchai Wattana,OUTPATIENT,A09,500,0,IN_REVIEW,2024-08-01,2024-08-06,Wong Ka Ming,Prudential Life,Thailand
CLM-01690,POL-00003,Siriporn Chaiyasit,MATERNITY,O80,57908,0,PENDING,2024-12-31,,Somchai Wattana,FWD Group,Thailand
CLM-01691,POL-01416,Tran Thi Mai,OUTPATIENT,A90,1707,1540,APPROVED,2024-08-14,2024-08-20,Nguyen Thi Lan,AIA Insurance,Vietnam
CLM-01692,POL-01926,Prasert Wattana,DENTAL,K02.9,5238,4792,APPROVED,2024-08-26,2024-09-05,Pranee Srisuwan,Prudential Life,Thailand
CLM-01693,POL-01031,Vu Ngoc Anh,OUTPATIENT,M54.5,4143,0,IN_REVIEW,2024-06-18,2024-06-22,Pranee Srisuwan,AIA Insurance,Vietnam
CLM-01694,POL-01857,Do Van Long,OUTPATIENT,A90,2118,1704,APPROVED,2024-11-18,2024-11-30,Tran Van Minh,AIA Insurance,Vietnam
CLM-01695,POL-02310,Prasert Boonmee,OUTPATIENT,J06.9,879,0,PENDING,2024-09-26,,Wong Ka Ming,AIA Insurance,Thailand
CLM-01696,POL-01846,Ng Sau Lan,OUTPATIENT,A09,1001,0,PENDING,2024-07-18,,Tran Van Minh,Prudential Life,Hong Kong
CLM-01697,POL-01071,Ngo Thi Thu,OUTPATIENT,A90,786,665,APPROVED,2024-11-26,2024-11-30,Wong Ka Ming,Prudential Life,Vietnam
CLM-01698,POL-00684,Ho Yuen Man,INPATIENT,S72.001A,48907,0,REJECTED,2024-09-19,2024-10-03,Somchai Wattana,AIA Insurance,Hong Kong
CLM-01699,POL-01326,Lee Tsz Ching,DENTAL,K02.9,7349,5566,APPROVED,2024-04-01,2024-04-03,Nguyen Thi Lan,AIA Insurance,Hong Kong
CLM-01700,POL-00182,Somchai Rattanaporn,DENTAL,K05.10,2961,2624,APPROVED,2024-11-04,2024-11-14,Nguyen Thi Lan,AIA Insurance,Thailand
CLM-01701,POL-00694,Malee Chaiyasit,OUTPATIENT,I10,1565,1486,APPROVED,2024-10-18,2024-10-21,Somchai Wattana,FWD Group,Thailand
CLM-01702,POL-02099,Malee Saetang,OUTPATIENT,L30.9,1224,1121,APPROVED,2024-01-25,2024-01-27,Pranee Srisuwan,AIA Insurance,Thailand
CLM-01703,POL-00550,Pham Thu Huong,OUTPATIENT,E11.9,4365,0,REJECTED,2024-07-29,2024-08-11,Nguyen Thi Lan,FWD Group,Vietnam
CLM-01704,POL-00342,Ho Chi Keung,OUTPATIENT,J06.9,800,593,APPROVED,2024-07-26,2024-08-06,Nguyen Thi Lan,AIA Insurance,Hong Kong
CLM-01705,POL-00763,Somchai Saetang,OUTPATIENT,I10,5800,0,REJECTED,2024-08-18,2024-09-03,Tran Van Minh,Prudential Life,Thailand
CLM-01706,POL-02044,Vu Ngoc Anh,DENTAL,K05.10,1633,1379,APPROVED,2024-12-24,2024-12-25,Wong Ka Ming,Prudential Life,Vietnam
CLM-01707,POL-00775,Cheung Siu Fung,DENTAL,K04.7,1268,893,APPROVED,2024-11-28,2024-12-03,Wong Ka Ming,AIA Insurance,Hong Kong
CLM-01708,POL-01651,Malee Saetang,DENTAL,K04.7,7534,7171,APPROVED,2024-01-24,2024-02-01,Somchai Wattana,FWD Group,Thailand
CLM-01709,POL-01381,Somchai Chaiyasit,OUTPATIENT,H10.9,642,0,PENDING,2024-11-27,,Tran Van Minh,Prudential Life,Thailand
CLM-01710,POL-01280,Siriporn Phongpanich,OUTPATIENT,H10.9,6889,6228,APPROVED,2024-09-08,2024-09-12,Pranee Srisuwan,FWD Group,Thailand
CLM-01711,POL-01781,Prasert Phongpanich,DENTAL,K04.7,1260,1063,APPROVED,2024-07-03,2024-07-07,Wong Ka Ming,AIA Insurance,Thailand
CLM-01712,POL-01473,Le Minh Tuan,OUTPATIENT,J06.9,11743,9567,APPROVED,2024-09-15,2024-09-21,Wong Ka Ming,FWD Group,Vietnam
CLM-01713,POL-00507,Kanya Boonmee,MATERNITY,O82,28635,26540,APPROVED,2024-10-08,2024-10-16,Pranee Srisuwan,FWD Group,Thailand
CLM-01714,POL-00946,Prasert Thongdee,MATERNITY,O82,32642,0,PENDING,2024-04-08,,Pranee Srisuwan,AIA Insurance,Thailand
CLM-01715,POL-00015,Tran Thi Mai,OUTPATIENT,J06.9,3112,2392,APPROVED,2024-07-01,2024-07-13,Wong Ka Ming,FWD Group,Vietnam
CLM-01716,POL-02063,Dang Quoc Bao,DENTAL,K05.10,9747,0,REJECTED,2024-07-11,2024-07-23,Nguyen Thi Lan,AIA Insurance,Vietnam
CLM-01717,POL-00309,Bui Thanh Ha,DENTAL,K08.9,2902,0,IN_REVIEW,2024-06-11,2024-06-16,Nguyen Thi Lan,FWD Group,Vietnam
CLM-01718,POL-00711,Pham Thu Huong,MATERNITY,O82,120759,117870,APPROVED,2024-12-05,2024-12-17,Pranee Srisuwan,AIA Insurance,Vietnam
CLM-01719,POL-02026,Bui Thanh Ha,OUTPATIENT,E11.9,9088,7658,APPROVED,2024-11-12,2024-11-15,Nguyen Thi Lan,Prudential Life,Vietnam
CLM-01720,POL-01414,Anong Rattanaporn,INPATIENT,E11.9,241104,0,IN_REVIEW,2024-05-01,2024-05-03,Nguyen Thi Lan,AIA Insurance,Thailand
CLM-01721,POL-01867,Kittisak Wattana,INPATIENT,N39.0,22415,21200,APPROVED,2024-04-05,2024-04-13,Nguyen Thi Lan,AIA Insurance,Thailand
CLM-01722,POL-00422,Somchai Wattana,OUTPATIENT,N39.0,3314,2867,APPROVED,2024-07-05,2024-07-14,Nguyen Thi Lan,AIA Insurance,Thailand
CLM-01723,POL-02346,Chaiwat Srisuwan,OUTPATIENT,J06.9,2679,0,PENDING,2024-02-07,,Somchai Wattana,FWD Group,Thailand
CLM-01724,POL-01128,Ngo Thi Thu,OUTPATIENT,J06.9,1348,1077,APPROVED,2024-03-31,2024-04-06,Wong Ka Ming,FWD Group,Vietnam
CLM-01725,POL-00672,Lee Ho Yin,OUTPATIENT,J06.9,1801,1687,APPROVED,2024-03-29,2024-04-06,Nguyen Thi Lan,AIA Insurance,Hong Kong
CLM-01726,POL-01068,Ngo Thi Thu,INPATIENT,K35.80,131852,112282,APPROVED,2024-06-28,2024-07-09,Wong Ka Ming,AIA Insurance,Vietnam
CLM-01727,POL-01567,Tran Thi Mai,OUTPATIENT,H10.9,5498,0,REJECTED,2024-05-21,2024-06-09,Nguyen Thi Lan,AIA Insurance,Vietnam
CLM-01728,POL-01527,Do Van Long,DENTAL,K05.10,3307,2789,APPROVED,2024-03-09,2024-03-14,Nguyen Thi Lan,Prudential Life,Vietnam
CLM-01729,POL-00694,Malee Chaiyasit,OUTPATIENT,J45.909,4995,0,REJECTED,2024-01-23,2024-02-04,Nguyen Thi Lan,FWD Group,Thailand
CLM-01730,POL-01372,Ngo Thi Thu,OUTPATIENT,A09,500,0,IN_REVIEW,2024-06-22,2024-06-27,Nguyen Thi Lan,Prudential Life,Vietnam
CLM-01731,POL-01001,Siriporn Srisuwan,OUTPATIENT,M54.5,4345,0,IN_REVIEW,2024-02-21,2024-03-02,Somchai Wattana,AIA Insurance,Thailand
CLM-01732,POL-01371,Hoang Duc Thang,OUTPATIENT,A09,4632,3572,APPROVED,2024-09-17,2024-09-20,Tran Van Minh,FWD Group,Vietnam
CLM-01733,POL-01874,Wong Ho Yin,OUTPATIENT,N39.0,4716,0,IN_REVIEW,2024-03-03,2024-03-07,Nguyen Thi Lan,AIA Insurance,Hong Kong
CLM-01734,POL-01444,Niran Rattanaporn,OUTPATIENT,H10.9,4147,0,PENDING,2024-07-24,,Tran Van Minh,AIA Insurance,Thailand
CLM-01735,POL-02206,Hoang Duc Thang,OUTPATIENT,A09,3853,3742,APPROVED,2024-08-31,2024-09-09,Tran Van Minh,AIA Insurance,Vietnam
CLM-01736,POL-01278,Somchai Phongpanich,OUTPATIENT,A09,2779,2371,APPROVED,2024-03-22,2024-04-07,Pranee Srisuwan,AIA Insurance,Thailand
CLM-01737,POL-01891,Nguyen Van An,OUTPATIENT,N39.0,1549,0,PENDING,2024-03-18,,Somchai Wattana,Prudential Life,Vietnam
CLM-01738,POL-00131,Lau Ho Yin,DENTAL,K08.9,10511,7541,APPROVED,2024-01-20,2024-02-06,Wong Ka Ming,FWD Group,Hong Kong
CLM-01739,POL-02265,Leung Yuen Man,DENTAL,K05.10,15622,0,REJECTED,2024-12-01,2024-12-11,Somchai Wattana,FWD Group,Hong Kong
CLM-01740,POL-00170,Chaiwat Saetang,OUTPATIENT,I10,7158,6881,APPROVED,2024-04-27,2024-04-30,Wong Ka Ming,AIA Insurance,Thailand
CLM-01741,POL-00520,Niran Boonmee,INPATIENT,E11.9,77548,0,REJECTED,2024-01-20,2024-01-26,Nguyen Thi Lan,FWD Group,Thailand
CLM-01742,POL-00249,Vu Ngoc Anh,INPATIENT,N39.0,72246,51128,APPROVED,2024-05-27,2024-06-02,Nguyen Thi Lan,AIA Insurance,Vietnam
CLM-01743,POL-00333,Wong Tsz Ching,OUTPATIENT,M54.5,2185,1648,APPROVED,2024-12-18,2024-12-21,Tran Van Minh,AIA Insurance,Hong Kong
CLM-01744,POL-00972,Anong Saetang,INPATIENT,A90,17123,0,IN_REVIEW,2024-10-13,2024-10-18,Somchai Wattana,FWD Group,Thailand
CLM-01745,POL-00538,Hoang Duc Thang,OUTPATIENT,A90,3521,2910,APPROVED,2024-11-18,2024-11-20,Tran Van Minh,AIA Insurance,Vietnam
CLM-01746,POL-00124,Cheung Chi Keung,OUTPATIENT,E11.9,2629,0,PENDING,2024-07-21,,Nguyen Thi Lan,AIA Insurance,Hong Kong
CLM-01747,POL-01885,Bui Thanh Ha,DENTAL,K05.10,17936,0,PENDING,2024-12-11,,Pranee Srisuwan,Prudential Life,Vietnam
CLM-01748,POL-02258,Tran Thi Mai,OUTPATIENT,A09,834,0,REJECTED,2024-04-25,2024-04-29,Somchai Wattana,FWD Group,Vietnam
CLM-01749,POL-01535,Malee Chaiyasit,OUTPATIENT,N39.0,3078,0,IN_REVIEW,2024-11-14,2024-11-17,Somchai Wattana,AIA Insurance,Thailand
CLM-01750,POL-01079,Cheung Sau Lan,OUTPATIENT,N39.0,17505,17364,APPROVED,2024-07-08,2024-07-29,Tran Van Minh,FWD Group,Hong Kong
CLM-01751,POL-00466,Nguyen Van An,DENTAL,K04.7,5494,0,PENDING,2024-05-10,,Nguyen Thi Lan,AIA Insurance,Vietnam
CLM-01752,POL-02262,Ng Kwok Wah,OUTPATIENT,I10,500,393,APPROVED,2024-08-14,2024-08-18,Pranee Srisuwan,Prudential Life,Hong Kong
CLM-01753,POL-01205,Pham Thu Huong,OUTPATIENT,I10,3697,3510,APPROVED,2024-03-02,2024-03-07,Nguyen Thi Lan,FWD Group,Vietnam
CLM-01754,POL-01391,Vu Ngoc Anh,OUTPATIENT,M54.5,2083,0,REJECTED,2024-01-15,2024-01-19,Pranee Srisuwan,FWD Group,Vietnam
CLM-01755,POL-00289,Hoang Duc Thang,OUTPATIENT,J45.909,1477,0,REJECTED,2024-12-02,2024-12-06,Nguyen Thi Lan,AIA Insurance,Vietnam
CLM-01756,POL-01300,Wong Wai Yan,INPATIENT,A09,33929,0,IN_REVIEW,2024-09-06,2024-09-12,Nguyen Thi Lan,Prudential Life,Hong Kong
CLM-01757,POL-00913,Nguyen Van An,INPATIENT,J45.909,23813,0,REJECTED,2024-08-30,2024-09-09,Somchai Wattana,AIA Insurance,Vietnam
CLM-01758,POL-01130,Ngo Thi Thu,OUTPATIENT,A09,7474,6081,APPROVED,2024-02-14,2024-02-16,Wong Ka Ming,AIA Insurance,Vietnam
CLM-01759,POL-00981,Bui Thanh Ha,OUTPATIENT,A09,3912,3061,APPROVED,2024-01-09,2024-01-17,Wong Ka Ming,FWD Group,Vietnam
CLM-01760,POL-01618,Anong Saetang,OUTPATIENT,A90,8606,6859,APPROVED,2024-04-26,2024-05-09,Tran Van Minh,AIA Insurance,Thailand
CLM-01761,POL-00774,Ho Siu Fung,OUTPATIENT,J45.909,1631,1331,APPROVED,2024-07-02,2024-07-04,Somchai Wattana,FWD Group,Hong Kong
CLM-01762,POL-01621,Ng Ka Ming,DENTAL,K02.9,5856,0,PENDING,2024-06-21,,Nguyen Thi Lan,Prudential Life,Hong Kong
CLM-01763,POL-00747,Nguyen Van An,OUTPATIENT,A90,1483,0,REJECTED,2024-05-29,2024-06-03,Nguyen Thi Lan,AIA Insurance,Vietnam
CLM-01764,POL-00619,Ngo Thi Thu,OUTPATIENT,A09,7078,6763,APPROVED,2024-11-02,2024-11-09,Wong Ka Ming,FWD Group,Vietnam
CLM-01765,POL-00083,Ho Ka Ming,INPATIENT,E11.9,68669,0,IN_REVIEW,2024-10-22,2024-10-31,Pranee Srisuwan,Prudential Life,Hong Kong
CLM-01766,POL-00652,Malee Thongdee,OUTPATIENT,H10.9,2270,1983,APPROVED,2024-08-29,2024-09-01,Tran Van Minh,AIA Insurance,Thailand
CLM-01767,POL-00376,Bui Thanh Ha,OUTPATIENT,N39.0,3365,2766,APPROVED,2024-01-07,2024-01-16,Nguyen Thi Lan,AIA Insurance,Vietnam
CLM-01768,POL-02202,Lee Siu Fung,OUTPATIENT,M54.5,2063,0,IN_REVIEW,2024-01-26,2024-01-31,Wong Ka Ming,FWD Group,Hong Kong
CLM-01769,POL-00245,Siriporn Rattanaporn,OUTPATIENT,M54.5,1313,0,IN_REVIEW,2024-06-24,2024-06-27,Wong Ka Ming,Prudential Life,Thailand
CLM-01770,POL-00868,Cheung Kwok Wah,MATERNITY,O80,43347,34225,APPROVED,2024-08-16,2024-08-20,Tran Van Minh,Prudential Life,Hong Kong
CLM-01771,POL-01739,Do Van Long,OUTPATIENT,I10,3176,2721,APPROVED,2024-09-10,2024-09-20,Wong Ka Ming,AIA Insurance,Vietnam
CLM-01772,POL-02101,Anong Srisuwan,OUTPATIENT,M54.5,2439,2205,APPROVED,2024-02-02,2024-02-08,Pranee Srisuwan,Prudential Life,Thailand
CLM-01773,POL-02170,Niran Thongdee,OUTPATIENT,K21.0,8039,6993,APPROVED,2024-01-18,2024-01-25,Pranee Srisuwan,FWD Group,Thailand
CLM-01774,POL-00909,Lau Ka Ming,OUTPATIENT,I10,6345,6316,APPROVED,2024-11-13,2024-11-16,Somchai Wattana,Prudential Life,Hong Kong
CLM-01775,POL-00163,Cheung Ka Ming,DENTAL,K08.9,1991,0,REJECTED,2024-10-09,2024-10-15,Nguyen Thi Lan,Prudential Life,Hong Kong
CLM-01776,POL-01307,Pham Thu Huong,OUTPATIENT,N39.0,6993,4973,APPROVED,2024-08-24,2024-08-26,Nguyen Thi Lan,Prudential Life,Vietnam
CLM-01777,POL-02349,Ho Siu Fung,OUTPATIENT,J06.9,1957,0,PENDING,2024-09-14,,Wong Ka Ming,AIA Insurance,Hong Kong
CLM-01778,POL-01390,Somchai Saetang,OUTPATIENT,J06.9,5332,0,PENDING,2024-12-22,,Somchai Wattana,Prudential Life,Thailand
CLM-01779,POL-01686,Niran Srisuwan,OUTPATIENT,J45.909,5466,4275,APPROVED,2024-08-13,2024-08-16,Wong Ka Ming,AIA Insurance,Thailand
CLM-01780,POL-00684,Ho Yuen Man,INPATIENT,J18.9,42592,30115,APPROVED,2024-04-12,2024-05-04,Wong Ka Ming,AIA Insurance,Hong Kong
CLM-01781,POL-00574,Anong Saetang,DENTAL,K02.9,4362,3080,APPROVED,2024-02-02,2024-02-12,Somchai Wattana,AIA Insurance,Thailand
CLM-01782,POL-01655,Vu Ngoc Anh,MATERNITY,O80,45049,43169,APPROVED,2024-08-21,2024-09-06,Nguyen Thi Lan,FWD Group,Vietnam
CLM-01783,POL-00799,Bui Thanh Ha,OUTPATIENT,J06.9,500,352,APPROVED,2024-12-14,2024-12-23,Pranee Srisuwan,AIA Insurance,Vietnam
CLM-01784,POL-00012,Tran Thi Mai,INPATIENT,A90,56339,0,REJECTED,2024-02-29,2024-03-13,Somchai Wattana,Prudential Life,Vietnam
CLM-01785,POL-01347,Ngo Thi Thu,DENTAL,K02.9,13256,0,REJECTED,2024-06-27,2024-07-03,Nguyen Thi Lan,AIA Insurance,Vietnam
CLM-01786,POL-01723,Prasert Chaiyasit,OUTPATIENT,E11.9,27278,24011,APPROVED,2024-12-22,2025-01-05,Somchai Wattana,AIA Insurance,Thailand
CLM-01787,POL-01696,Somchai Srisuwan,OUTPATIENT,J06.9,8825,8814,APPROVED,2024-10-31,2024-11-05,Tran Van Minh,AIA Insurance,Thailand
CLM-01788,POL-02364,Siriporn Chaiyasit,MATERNITY,O80,113660,98104,APPROVED,2024-11-10,2024-11-15,Somchai Wattana,AIA Insurance,Thailand
CLM-01789,POL-00266,Prasert Phongpanich,OUTPATIENT,M54.5,3622,3577,APPROVED,2024-08-31,2024-09-08,Wong Ka Ming,AIA Insurance,Thailand
CLM-01790,POL-01450,Somchai Wattana,MATERNITY,O82,108358,81086,APPROVED,2024-04-14,2024-04-17,Somchai Wattana,Prudential Life,Thailand
CLM-01791,POL-02200,Le Minh Tuan,OUTPATIENT,J45.909,2770,2029,APPROVED,2024-08-06,2024-08-12,Tran Van Minh,FWD Group,Vietnam
CLM-01792,POL-00547,Chaiwat Wattana,OUTPATIENT,E11.9,5569,0,REJECTED,2024-11-05,2024-11-07,Somchai Wattana,Prudential Life,Thailand
CLM-01793,POL-01799,Bui Thanh Ha,OUTPATIENT,E11.9,3599,2746,APPROVED,2024-11-23,2024-11-27,Pranee Srisuwan,FWD Group,Vietnam
CLM-01794,POL-00576,Hoang Duc Thang,DENTAL,K05.10,1688,1479,APPROVED,2024-05-25,2024-06-12,Wong Ka Ming,Prudential Life,Vietnam
CLM-01795,POL-00718,Kittisak Srisuwan,INPATIENT,E11.9,114896,0,REJECTED,2024-01-14,2024-01-24,Somchai Wattana,Prudential Life,Thailand
CLM-01796,POL-02165,Pham Thu Huong,MATERNITY,O80,39312,32596,APPROVED,2024-06-04,2024-06-07,Somchai Wattana,Prudential Life,Vietnam
CLM-01797,POL-01155,Tran Thi Mai,OUTPATIENT,E11.9,1853,1459,APPROVED,2024-02-10,2024-02-19,Nguyen Thi Lan,AIA Insurance,Vietnam
CLM-01798,POL-01556,Le Minh Tuan,OUTPATIENT,L30.9,6067,0,REJECTED,2024-08-25,2024-09-01,Nguyen Thi Lan,AIA Insurance,Vietnam
CLM-01799,POL-00479,Pranee Chaiyasit,DENTAL,K05.10,1552,1379,APPROVED,2024-06-02,2024-06-13,Somchai Wattana,FWD Group,Thailand
CLM-01800,POL-00069,Wong Yuen Man,OUTPATIENT,M54.5,6395,0,IN_REVIEW,2024-05-05,2024-05-12,Wong Ka Ming,AIA Insurance,Hong Kong
CLM-01801,POL-00189,Lee Chi Keung,OUTPATIENT,I10,2455,1968,APPROVED,2024-10-05,2024-10-19,Somchai Wattana,AIA Insurance,Hong Kong
CLM-01802,POL-00105,Pranee Wattana,OUTPATIENT,M54.5,39531,0,REJECTED,2024-12-23,2024-12-26,Wong Ka Ming,FWD Group,Thailand
CLM-01803,POL-01873,Ho Wai Yan,OUTPATIENT,M54.5,1235,926,APPROVED,2024-03-18,2024-03-30,Somchai Wattana,FWD Group,Hong Kong
CLM-01804,POL-02263,Ho Yuen Man,DENTAL,K04.7,5798,5747,APPROVED,2024-10-02,2024-10-11,Pranee Srisuwan,FWD Group,Hong Kong
CLM-01805,POL-01264,Bui Thanh Ha,OUTPATIENT,A09,5210,0,IN_REVIEW,2024-02-19,2024-03-06,Somchai Wattana,Prudential Life,Vietnam
CLM-01806,POL-02166,Pham Thu Huong,OUTPATIENT,E11.9,6189,4841,APPROVED,2024-05-19,2024-05-21,Somchai Wattana,FWD Group,Vietnam
CLM-01807,POL-00873,Ho Ho Yin,OUTPATIENT,J06.9,6896,6795,APPROVED,2024-12-09,2024-12-13,Wong Ka Ming,FWD Group,Hong Kong
CLM-01808,POL-02174,Somchai Phongpanich,MATERNITY,O82,74491,73931,APPROVED,2024-10-02,2024-10-07,Somchai Wattana,AIA Insurance,Thailand
CLM-01809,POL-00314,Do Van Long,OUTPATIENT,A09,3352,0,REJECTED,2024-06-05,2024-06-06,Somchai Wattana,FWD Group,Vietnam
CLM-01810,POL-02006,Pham Thu Huong,OUTPATIENT,L30.9,3104,0,REJECTED,2024-03-12,2024-03-23,Pranee Srisuwan,FWD Group,Vietnam
CLM-01811,POL-01343,Dang Quoc Bao,OUTPATIENT,I10,2419,0,IN_REVIEW,2024-09-16,2024-09-24,Nguyen Thi Lan,AIA Insurance,Vietnam
CLM-01812,POL-01898,Le Minh Tuan,OUTPATIENT,A90,3886,0,REJECTED,2024-12-15,2024-12-23,Somchai Wattana,AIA Insurance,Vietnam
CLM-01813,POL-00043,Hoang Duc Thang,OUTPATIENT,H10.9,3458,3210,APPROVED,2024-11-29,2024-12-12,Tran Van Minh,AIA Insurance,Vietnam
CLM-01814,POL-00073,Niran Boonmee,OUTPATIENT,J06.9,52494,0,IN_REVIEW,2024-05-31,2024-06-17,Wong Ka Ming,AIA Insurance,Thailand
CLM-01815,POL-00131,Lau Ho Yin,DENTAL,K02.9,1426,1087,APPROVED,2024-03-24,2024-03-28,Wong Ka Ming,FWD Group,Hong Kong
CLM-01816,POL-01427,Nguyen Van An,DENTAL,K02.9,4154,3089,APPROVED,2024-12-01,2024-12-12,Nguyen Thi Lan,AIA Insurance,Vietnam
CLM-01817,POL-01433,Lee Yuen Man,OUTPATIENT,A90,3395,2795,APPROVED,2024-07-27,2024-07-31,Wong Ka Ming,Prudential Life,Hong Kong
CLM-01818,POL-02288,Ng Yuen Man,DENTAL,K05.10,6260,0,IN_REVIEW,2024-12-09,2024-12-11,Tran Van Minh,Prudential Life,Hong Kong
CLM-01819,POL-02301,Dang Quoc Bao,OUTPATIENT,E11.9,567,0,REJECTED,2024-07-10,2024-07-16,Wong Ka Ming,AIA Insurance,Vietnam
CLM-01820,POL-01292,Bui Thanh Ha,INPATIENT,J18.9,44825,41306,APPROVED,2024-04-16,2024-05-04,Wong Ka Ming,FWD Group,Vietnam
CLM-01821,POL-02269,Vu Ngoc Anh,MATERNITY,O82,28923,0,PENDING,2024-10-20,,Somchai Wattana,FWD Group,Vietnam
CLM-01822,POL-01537,Lau Tsz Ching,OUTPATIENT,J45.909,695,0,REJECTED,2024-07-08,2024-07-29,Tran Van Minh,Prudential Life,Hong Kong
CLM-01823,POL-00162,Chaiwat Rattanaporn,OUTPATIENT,J45.909,16037,0,REJECTED,2024-03-08,2024-03-14,Pranee Srisuwan,AIA Insurance,Thailand
CLM-01824,POL-00352,Dang Quoc Bao,MATERNITY,O80,27123,19045,APPROVED,2024-05-06,2024-05-14,Wong Ka Ming,AIA Insurance,Vietnam
CLM-01825,POL-01807,Malee Phongpanich,OUTPATIENT,A90,3797,3215,APPROVED,2024-07-23,2024-08-10,Pranee Srisuwan,AIA Insurance,Thailand
CLM-01826,POL-01447,Pranee Phongpanich,DENTAL,K05.10,2977,0,REJECTED,2024-04-14,2024-04-22,Somchai Wattana,AIA Insurance,Thailand
CLM-01827,POL-02098,Dang Quoc Bao,OUTPATIENT,J06.9,7170,5127,APPROVED,2024-10-29,2024-11-05,Wong Ka Ming,AIA Insurance,Vietnam
CLM-01828,POL-00846,Malee Thongdee,MATERNITY,O80,67835,0,IN_REVIEW,2024-09-06,2024-09-18,Pranee Srisuwan,AIA Insurance,Thailand
CLM-01829,POL-01143,Siriporn Saetang,OUTPATIENT,A90,1781,1765,APPROVED,2024-09-29,2024-10-03,Tran Van Minh,AIA Insurance,Thailand
CLM-01830,POL-01928,Siriporn Phongpanich,OUTPATIENT,N39.0,1174,1138,APPROVED,2024-11-13,2024-11-19,Somchai Wattana,Prudential Life,Thailand
CLM-01831,POL-02358,Anong Srisuwan,INPATIENT,S72.001A,373975,306071,APPROVED,2024-04-30,2024-05-09,Somchai Wattana,AIA Insurance,Thailand
CLM-01832,POL-02234,Kanya Chaiyasit,OUTPATIENT,A09,2440,2015,APPROVED,2024-07-01,2024-07-09,Wong Ka Ming,FWD Group,Thailand
CLM-01833,POL-00622,Pham Thu Huong,MATERNITY,O80,31650,0,PENDING,2024-06-02,,Tran Van Minh,Prudential Life,Vietnam
CLM-01834,POL-01098,Kittisak Wattana,OUTPATIENT,J45.909,3702,0,PENDING,2024-09-04,,Tran Van Minh,AIA Insurance,Thailand
CLM-01835,POL-01265,Wong Chi Keung,OUTPATIENT,J06.9,1228,961,APPROVED,2024-10-15,2024-10-27,Tran Van Minh,AIA Insurance,Hong Kong
CLM-01836,POL-00085,Anong Saetang,OUTPATIENT,E11.9,8698,7752,APPROVED,2024-01-22,2024-02-01,Tran Van Minh,FWD Group,Thailand
CLM-01837,POL-02081,Do Van Long,OUTPATIENT,J45.909,5341,4630,APPROVED,2024-05-02,2024-05-13,Nguyen Thi Lan,AIA Insurance,Vietnam
CLM-01838,POL-00135,Pranee Boonmee,OUTPATIENT,J06.9,5456,5220,APPROVED,2024-11-03,2024-11-06,Nguyen Thi Lan,AIA Insurance,Thailand
CLM-01839,POL-00864,Siriporn Srisuwan,OUTPATIENT,J45.909,1011,956,APPROVED,2024-08-23,2024-09-05,Nguyen Thi Lan,FWD Group,Thailand
CLM-01840,POL-00001,Vu Ngoc Anh,OUTPATIENT,K21.0,8280,0,PENDING,2024-09-12,,Somchai Wattana,AIA Insurance,Vietnam
CLM-01841,POL-00958,Prasert Wattana,DENTAL,K02.9,8749,7766,APPROVED,2024-11-27,2024-12-10,Somchai Wattana,AIA Insurance,Thailand
CLM-01842,POL-02262,Ng Kwok Wah,OUTPATIENT,E11.9,5136,5092,APPROVED,2024-12-13,2024-12-18,Somchai Wattana,Prudential Life,Hong Kong
CLM-01843,POL-00506,Siriporn Chaiyasit,OUTPATIENT,J06.9,2703,0,IN_REVIEW,2024-10-20,2024-10-26,Nguyen Thi Lan,AIA Insurance,Thailand
CLM-01844,POL-00703,Pham Thu Huong,DENTAL,K04.7,7948,6483,APPROVED,2024-07-19,2024-08-05,Tran Van Minh,FWD Group,Vietnam
CLM-01845,POL-01660,Chaiwat Phongpanich,OUTPATIENT,M54.5,2838,1994,APPROVED,2024-11-17,2024-11-22,Somchai Wattana,AIA Insurance,Thailand
CLM-01846,POL-01750,Anong Rattanaporn,OUTPATIENT,L30.9,10610,0,REJECTED,2024-07-25,2024-07-28,Somchai Wattana,AIA Insurance,Thailand
CLM-01847,POL-00988,Siriporn Rattanaporn,MATERNITY,O80,51984,0,REJECTED,2024-11-22,2024-11-25,Somchai Wattana,Prudential Life,Thailand
CLM-01848,POL-00189,Lee Chi Keung,OUTPATIENT,H10.9,4252,4024,APPROVED,2024-07-15,2024-07-20,Nguyen Thi Lan,AIA Insurance,Hong Kong
CLM-01849,POL-01179,Ho Sau Lan,OUTPATIENT,E11.9,5136,0,IN_REVIEW,2024-12-09,2024-12-13,Somchai Wattana,Prudential Life,Hong Kong
CLM-01850,POL-00329,Pranee Saetang,MATERNITY,O82,63472,0,REJECTED,2024-02-17,2024-02-25,Wong Ka Ming,FWD Group,Thailand
CLM-01851,POL-02006,Pham Thu Huong,OUTPATIENT,M54.5,5537,0,IN_REVIEW,2024-02-11,2024-02-14,Pranee Srisuwan,FWD Group,Vietnam
CLM-01852,POL-01388,Siriporn Srisuwan,OUTPATIENT,H10.9,1115,1045,APPROVED,2024-05-15,2024-05-26,Nguyen Thi Lan,FWD Group,Thailand
CLM-01853,POL-00416,Dang Quoc Bao,OUTPATIENT,J06.9,500,0,IN_REVIEW,2024-04-15,2024-04-19,Pranee Srisuwan,AIA Insurance,Vietnam
CLM-01854,POL-00291,Anong Thongdee,OUTPATIENT,H10.9,4656,0,REJECTED,2024-01-19,2024-01-28,Somchai Wattana,AIA Insurance,Thailand
CLM-01855,POL-00319,Anong Phongpanich,OUTPATIENT,A09,2953,0,PENDING,2024-07-11,,Pranee Srisuwan,Prudential Life,Thailand
CLM-01856,POL-00751,Pham Thu Huong,MATERNITY,O82,23818,19196,APPROVED,2024-12-07,2024-12-13,Somchai Wattana,FWD Group,Vietnam
CLM-01857,POL-00596,Siriporn Wattana,OUTPATIENT,A09,1651,1567,APPROVED,2024-08-22,2024-09-01,Pranee Srisuwan,AIA Insurance,Thailand
CLM-01858,POL-01573,Siriporn Wattana,INPATIENT,E11.9,188844,0,REJECTED,2024-09-13,2024-09-16,Tran Van Minh,AIA Insurance,Thailand
CLM-01859,POL-00219,Anong Srisuwan,OUTPATIENT,I10,5312,0,REJECTED,2024-01-07,2024-01-09,Pranee Srisuwan,AIA Insurance,Thailand
CLM-01860,POL-00258,Kanya Srisuwan,INPATIENT,A90,18848,0,REJECTED,2024-11-17,2024-11-21,Somchai Wattana,FWD Group,Thailand
CLM-01861,POL-01286,Hoang Duc Thang,MATERNITY,O82,42257,35578,APPROVED,2024-02-19,2024-03-05,Nguyen Thi Lan,FWD Group,Vietnam
CLM-01862,POL-02336,Pham Thu Huong,DENTAL,K04.7,946,0,IN_REVIEW,2024-02-12,2024-02-19,Tran Van Minh,AIA Insurance,Vietnam
CLM-01863,POL-01105,Wong Siu Fung,MATERNITY,O80,126126,88979,APPROVED,2024-02-15,2024-02-20,Tran Van Minh,AIA Insurance,Hong Kong
CLM-01864,POL-00875,Somchai Chaiyasit,OUTPATIENT,I10,9287,0,PENDING,2024-06-10,,Nguyen Thi Lan,Prudential Life,Thailand
CLM-01865,POL-00879,Pranee Srisuwan,OUTPATIENT,A90,11442,8740,APPROVED,2024-02-16,2024-03-05,Nguyen Thi Lan,FWD Group,Thailand
CLM-01866,POL-00786,Dang Quoc Bao,OUTPATIENT,E11.9,611,498,APPROVED,2024-10-05,2024-10-11,Somchai Wattana,AIA Insurance,Vietnam
CLM-01867,POL-01231,Pranee Wattana,OUTPATIENT,A09,3499,3008,APPROVED,2024-12-10,2024-12-15,Wong Ka Ming,FWD Group,Thailand
CLM-01868,POL-01873,Ho Wai Yan,INPATIENT,A90,13039,0,PENDING,2024-09-19,,Pranee Srisuwan,FWD Group,Hong Kong
CLM-01869,POL-02216,Malee Srisuwan,OUTPATIENT,N39.0,2362,2162,APPROVED,2024-01-27,2024-02-08,Wong Ka Ming,AIA Insurance,Thailand
CLM-01870,POL-01367,Vu Ngoc Anh,OUTPATIENT,K21.0,2839,0,REJECTED,2024-01-01,2024-01-06,Pranee Srisuwan,FWD Group,Vietnam
CLM-01871,POL-01777,Malee Rattanaporn,INPATIENT,E11.9,133445,95780,APPROVED,2024-12-27,2025-01-02,Somchai Wattana,AIA Insurance,Thailand
CLM-01872,POL-00208,Somchai Saetang,DENTAL,K08.9,24978,23922,APPROVED,2024-12-23,2025-01-01,Wong Ka Ming,AIA Insurance,Thailand
CLM-01873,POL-01842,Le Minh Tuan,OUTPATIENT,H10.9,1735,1533,APPROVED,2024-12-23,2025-01-01,Nguyen Thi Lan,AIA Insurance,Vietnam
CLM-01874,POL-00932,Pranee Thongdee,OUTPATIENT,M54.5,4694,0,IN_REVIEW,2024-05-18,2024-05-24,Tran Van Minh,FWD Group,Thailand
CLM-01875,POL-01810,Ho Kwok Wah,DENTAL,K05.10,10721,7937,APPROVED,2024-07-05,2024-07-14,Wong Ka Ming,Prudential Life,Hong Kong
CLM-01876,POL-00930,Lau Wai Yan,OUTPATIENT,N39.0,2228,2035,APPROVED,2024-11-22,2024-11-29,Tran Van Minh,Prudential Life,Hong Kong
CLM-01877,POL-02158,Somchai Wattana,MATERNITY,O80,51533,45194,APPROVED,2024-08-23,2024-08-28,Somchai Wattana,AIA Insurance,Thailand
CLM-01878,POL-00373,Siriporn Thongdee,DENTAL,K08.9,7257,5807,APPROVED,2024-12-11,2024-12-24,Pranee Srisuwan,AIA Insurance,Thailand
CLM-01879,POL-00617,Kittisak Chaiyasit,OUTPATIENT,L30.9,2333,1963,APPROVED,2024-04-02,2024-04-08,Wong Ka Ming,AIA Insurance,Thailand
CLM-01880,POL-00121,Lau Yuen Man,DENTAL,K02.9,3194,3112,APPROVED,2024-12-04,2024-12-16,Nguyen Thi Lan,Prudential Life,Hong Kong
CLM-01881,POL-00259,Prasert Phongpanich,OUTPATIENT,A09,6335,6312,APPROVED,2024-09-17,2024-09-28,Wong Ka Ming,AIA Insurance,Thailand
CLM-01882,POL-01541,Anong Chaiyasit,OUTPATIENT,M54.5,1174,0,PENDING,2024-08-27,,Somchai Wattana,FWD Group,Thailand
CLM-01883,POL-01363,Chan Siu Fung,OUTPATIENT,J45.909,5994,0,PENDING,2024-06-01,,Nguyen Thi Lan,AIA Insurance,Hong Kong
CLM-01884,POL-02263,Ho Yuen Man,OUTPATIENT,A09,3478,3161,APPROVED,2024-01-27,2024-01-29,Tran Van Minh,FWD Group,Hong Kong
CLM-01885,POL-01151,Niran Thongdee,DENTAL,K05.10,5439,0,PENDING,2024-09-08,,Pranee Srisuwan,AIA Insurance,Thailand
CLM-01886,POL-01657,Malee Phongpanich,INPATIENT,N39.0,19954,19640,APPROVED,2024-05-15,2024-05-19,Wong Ka Ming,Prudential Life,Thailand
CLM-01887,POL-01178,Nguyen Van An,OUTPATIENT,N39.0,1157,0,REJECTED,2024-01-23,2024-01-29,Somchai Wattana,AIA Insurance,Vietnam
CLM-01888,POL-00891,Pham Thu Huong,OUTPATIENT,H10.9,1078,790,APPROVED,2024-07-11,2024-07-15,Somchai Wattana,AIA Insurance,Vietnam
CLM-01889,POL-01430,Malee Chaiyasit,OUTPATIENT,J06.9,32114,26589,APPROVED,2024-03-09,2024-03-17,Wong Ka Ming,FWD Group,Thailand
CLM-01890,POL-01724,Dang Quoc Bao,DENTAL,K04.7,2593,2402,APPROVED,2024-10-21,2024-10-27,Somchai Wattana,AIA Insurance,Vietnam
CLM-01891,POL-00375,Leung Chi Keung,OUTPATIENT,A09,1554,1251,APPROVED,2024-10-11,2024-10-14,Pranee Srisuwan,AIA Insurance,Hong Kong
CLM-01892,POL-00967,Lee Wai Yan,DENTAL,K02.9,5112,0,IN_REVIEW,2024-02-04,2024-02-07,Tran Van Minh,AIA Insurance,Hong Kong
CLM-01893,POL-00697,Malee Rattanaporn,INPATIENT,N39.0,34573,33640,APPROVED,2024-02-11,2024-02-19,Pranee Srisuwan,Prudential Life,Thailand
CLM-01894,POL-00701,Lee Tsz Ching,INPATIENT,J18.9,1182275,0,PENDING,2024-04-19,,Pranee Srisuwan,AIA Insurance,Hong Kong
CLM-01895,POL-01511,Cheung Siu Fung,OUTPATIENT,K21.0,5104,4689,APPROVED,2024-10-21,2024-10-22,Wong Ka Ming,Prudential Life,Hong Kong
CLM-01896,POL-01816,Tran Thi Mai,INPATIENT,J18.9,172236,162926,APPROVED,2024-08-07,2024-08-10,Nguyen Thi Lan,Prudential Life,Vietnam
CLM-01897,POL-00652,Malee Thongdee,OUTPATIENT,A09,1673,1532,APPROVED,2024-08-24,2024-08-31,Nguyen Thi Lan,AIA Insurance,Thailand
CLM-01898,POL-00223,Siriporn Boonmee,OUTPATIENT,J06.9,668,535,APPROVED,2024-10-15,2024-10-26,Tran Van Minh,Prudential Life,Thailand
CLM-01899,POL-01587,Tran Thi Mai,OUTPATIENT,L30.9,4621,3949,APPROVED,2024-04-26,2024-05-03,Somchai Wattana,FWD Group,Vietnam
CLM-01900,POL-00264,Niran Boonmee,INPATIENT,N39.0,191314,170759,APPROVED,2024-10-11,2024-10-23,Tran Van Minh,FWD Group,Thailand
CLM-01901,POL-00055,Pham Thu Huong,OUTPATIENT,K21.0,15425,13930,APPROVED,2024-12-04,2024-12-07,Wong Ka Ming,FWD Group,Vietnam
CLM-01902,POL-01221,Ng Chi Keung,DENTAL,K02.9,2804,0,IN_REVIEW,2024-01-12,2024-01-17,Nguyen Thi Lan,Prudential Life,Hong Kong
CLM-01903,POL-00981,Bui Thanh Ha,INPATIENT,J18.9,195110,183033,APPROVED,2024-04-23,2024-04-26,Wong Ka Ming,FWD Group,Vietnam
CLM-01904,POL-01379,Nguyen Van An,INPATIENT,E11.9,150006,129354,APPROVED,2024-12-29,2025-01-04,Somchai Wattana,AIA Insurance,Vietnam
CLM-01905,POL-00388,Le Minh Tuan,OUTPATIENT,E11.9,1328,1085,APPROVED,2024-11-09,2024-11-16,Tran Van Minh,AIA Insurance,Vietnam
CLM-01906,POL-00831,Nguyen Van An,DENTAL,K04.7,10248,7900,APPROVED,2024-05-05,2024-05-09,Wong Ka Ming,Prudential Life,Vietnam
CLM-01907,POL-01867,Kittisak Wattana,INPATIENT,J45.909,94980,75177,APPROVED,2024-12-22,2024-12-28,Somchai Wattana,AIA Insurance,Thailand
CLM-01908,POL-01962,Ho Siu Fung,OUTPATIENT,I10,25748,0,REJECTED,2024-08-15,2024-08-18,Somchai Wattana,AIA Insurance,Hong Kong
CLM-01909,POL-01959,Le Minh Tuan,OUTPATIENT,I10,1620,1489,APPROVED,2024-04-15,2024-04-28,Pranee Srisuwan,AIA Insurance,Vietnam
CLM-01910,POL-00378,Chaiwat Rattanaporn,INPATIENT,S72.001A,193343,174431,APPROVED,2024-08-21,2024-08-26,Somchai Wattana,AIA Insurance,Thailand
CLM-01911,POL-01141,Lau Ho Yin,OUTPATIENT,H10.9,4886,0,REJECTED,2024-11-09,2024-11-16,Nguyen Thi Lan,AIA Insurance,Hong Kong
CLM-01912,POL-01407,Pham Thu Huong,INPATIENT,A09,75412,0,REJECTED,2024-03-12,2024-03-15,Pranee Srisuwan,AIA Insurance,Vietnam
CLM-01913,POL-00862,Wong Siu Fung,OUTPATIENT,L30.9,3036,2809,APPROVED,2024-04-14,2024-04-20,Nguyen Thi Lan,AIA Insurance,Hong Kong
CLM-01914,POL-00473,Anong Boonmee,INPATIENT,A09,52981,49057,APPROVED,2024-12-27,2025-01-02,Wong Ka Ming,FWD Group,Thailand
CLM-01915,POL-02302,Pranee Srisuwan,OUTPATIENT,A09,5193,3660,APPROVED,2024-06-28,2024-07-09,Somchai Wattana,AIA Insurance,Thailand
CLM-01916,POL-01698,Ng Ho Yin,OUTPATIENT,A09,3269,2327,APPROVED,2024-11-29,2024-12-13,Tran Van Minh,Prudential Life,Hong Kong
CLM-01917,POL-01635,Anong Saetang,OUTPATIENT,A90,3416,0,PENDING,2024-04-16,,Tran Van Minh,AIA Insurance,Thailand
CLM-01918,POL-01941,Kanya Thongdee,DENTAL,K02.9,2619,1910,APPROVED,2024-10-18,2024-10-25,Nguyen Thi Lan,AIA Insurance,Thailand
CLM-01919,POL-00735,Leung Mei Ling,OUTPATIENT,E11.9,500,0,PENDING,2024-04-05,,Somchai Wattana,Prudential Life,Hong Kong
CLM-01920,POL-00120,Wong Yuen Man,OUTPATIENT,J06.9,1548,1511,APPROVED,2024-08-28,2024-08-31,Tran Van Minh,FWD Group,Hong Kong
CLM-01921,POL-00330,Malee Chaiyasit,DENTAL,K05.10,5320,3957,APPROVED,2024-02-22,2024-02-26,Wong Ka Ming,AIA Insurance,Thailand
CLM-01922,POL-02020,Do Van Long,MATERNITY,O80,44350,40226,APPROVED,2024-11-05,2024-11-10,Wong Ka Ming,Prudential Life,Vietnam
CLM-01923,POL-02168,Prasert Boonmee,OUTPATIENT,M54.5,6273,6242,APPROVED,2024-04-23,2024-05-09,Nguyen Thi Lan,Prudential Life,Thailand
CLM-01924,POL-00688,Pham Thu Huong,OUTPATIENT,N39.0,7358,6266,APPROVED,2024-01-23,2024-01-28,Tran Van Minh,FWD Group,Vietnam
CLM-01925,POL-00888,Kanya Saetang,OUTPATIENT,E11.9,1824,0,PENDING,2024-04-07,,Somchai Wattana,AIA Insurance,Thailand
CLM-01926,POL-01972,Lee Wai Yan,DENTAL,K04.7,3811,0,PENDING,2024-01-15,,Tran Van Minh,Prudential Life,Hong Kong
CLM-01927,POL-01934,Lau Kwok Wah,INPATIENT,J45.909,36477,0,REJECTED,2024-03-29,2024-04-03,Pranee Srisuwan,Prudential Life,Hong Kong
CLM-01928,POL-00189,Lee Chi Keung,OUTPATIENT,N39.0,856,625,APPROVED,2024-10-10,2024-10-17,Tran Van Minh,AIA Insurance,Hong Kong
CLM-01929,POL-00080,Tran Thi Mai,OUTPATIENT,I10,2316,2177,APPROVED,2024-03-04,2024-03-10,Pranee Srisuwan,AIA Insurance,Vietnam
CLM-01930,POL-01647,Siriporn Thongdee,OUTPATIENT,I10,1779,1428,APPROVED,2024-12-22,2024-12-26,Pranee Srisuwan,AIA Insurance,Thailand
CLM-01931,POL-00594,Somchai Rattanaporn,OUTPATIENT,J06.9,5965,4376,APPROVED,2024-12-22,2024-12-26,Wong Ka Ming,Prudential Life,Thailand
CLM-01932,POL-01069,Ngo Thi Thu,INPATIENT,J18.9,13280,10309,APPROVED,2024-07-27,2024-08-01,Nguyen Thi Lan,AIA Insurance,Vietnam
CLM-01933,POL-01853,Lee Wai Yan,OUTPATIENT,M54.5,1779,1544,APPROVED,2024-01-09,2024-01-13,Nguyen Thi Lan,Prudential Life,Hong Kong
CLM-01934,POL-02026,Bui Thanh Ha,OUTPATIENT,E11.9,4297,0,IN_REVIEW,2024-05-31,2024-06-04,Wong Ka Ming,Prudential Life,Vietnam
CLM-01935,POL-00219,Anong Srisuwan,OUTPATIENT,A90,2762,2203,APPROVED,2024-03-21,2024-04-06,Wong Ka Ming,AIA Insurance,Thailand
CLM-01936,POL-00969,Cheung Tsz Ching,OUTPATIENT,M54.5,3275,3072,APPROVED,2024-01-10,2024-01-20,Wong Ka Ming,AIA Insurance,Hong Kong
CLM-01937,POL-00334,Do Van Long,OUTPATIENT,L30.9,2434,1761,APPROVED,2024-09-30,2024-10-14,Nguyen Thi Lan,FWD Group,Vietnam
CLM-01938,POL-00322,Dang Quoc Bao,OUTPATIENT,E11.9,840,666,APPROVED,2024-01-10,2024-01-16,Tran Van Minh,AIA Insurance,Vietnam
CLM-01939,POL-01062,Wong Tsz Ching,MATERNITY,O82,102954,95275,APPROVED,2024-04-25,2024-05-14,Nguyen Thi Lan,FWD Group,Hong Kong
CLM-01940,POL-01603,Prasert Rattanaporn,OUTPATIENT,E11.9,1780,1713,APPROVED,2024-10-20,2024-10-23,Pranee Srisuwan,Prudential Life,Thailand
CLM-01941,POL-00269,Do Van Long,DENTAL,K02.9,1117,0,IN_REVIEW,2024-04-02,2024-04-22,Nguyen Thi Lan,AIA Insurance,Vietnam
CLM-01942,POL-00667,Chan Ho Yin,OUTPATIENT,M54.5,1559,1193,APPROVED,2024-07-20,2024-07-27,Somchai Wattana,AIA Insurance,Hong Kong
CLM-01943,POL-01812,Somchai Thongdee,OUTPATIENT,A90,4550,4380,APPROVED,2024-04-20,2024-04-30,Pranee Srisuwan,Prudential Life,Thailand
CLM-01944,POL-00892,Niran Thongdee,OUTPATIENT,A09,3670,2918,APPROVED,2024-01-19,2024-01-21,Somchai Wattana,AIA Insurance,Thailand
CLM-01945,POL-00582,Pham Thu Huong,OUTPATIENT,M54.5,3232,2812,APPROVED,2024-04-18,2024-04-22,Somchai Wattana,Prudential Life,Vietnam
CLM-01946,POL-00750,Nguyen Van An,INPATIENT,A09,26090,22825,APPROVED,2024-02-03,2024-02-12,Nguyen Thi Lan,AIA Insurance,Vietnam
CLM-01947,POL-01126,Niran Phongpanich,INPATIENT,E11.9,7775,6345,APPROVED,2024-02-27,2024-03-07,Tran Van Minh,Prudential Life,Thailand
CLM-01948,POL-01788,Bui Thanh Ha,OUTPATIENT,A90,10822,0,PENDING,2024-04-26,,Wong Ka Ming,AIA Insurance,Vietnam
CLM-01949,POL-01377,Anong Saetang,INPATIENT,E11.9,24796,0,REJECTED,2024-01-13,2024-01-18,Somchai Wattana,Prudential Life,Thailand
CLM-01950,POL-00717,Kittisak Phongpanich,OUTPATIENT,E11.9,1299,0,REJECTED,2024-03-02,2024-03-06,Tran Van Minh,Prudential Life,Thailand
CLM-01951,POL-00830,Cheung Mei Ling,MATERNITY,O80,171771,152553,APPROVED,2024-05-06,2024-05-12,Tran Van Minh,Prudential Life,Hong Kong
CLM-01952,POL-01180,Anong Thongdee,OUTPATIENT,M54.5,2793,2048,APPROVED,2024-12-17,2024-12-27,Pranee Srisuwan,Prudential Life,Thailand
CLM-01953,POL-01115,Chan Tsz Ching,MATERNITY,O80,43915,32581,APPROVED,2024-02-16,2024-02-20,Somchai Wattana,Prudential Life,Hong Kong
CLM-01954,POL-01675,Kanya Boonmee,INPATIENT,A09,131031,92127,APPROVED,2024-11-13,2024-11-20,Somchai Wattana,Prudential Life,Thailand
CLM-01955,POL-00318,Niran Rattanaporn,OUTPATIENT,J06.9,7850,0,PENDING,2024-07-27,,Somchai Wattana,FWD Group,Thailand
CLM-01956,POL-02216,Malee Srisuwan,MATERNITY,O82,45083,38616,APPROVED,2024-04-05,2024-04-17,Somchai Wattana,AIA Insurance,Thailand
CLM-01957,POL-00003,Siriporn Chaiyasit,OUTPATIENT,J06.9,1201,1068,APPROVED,2024-03-19,2024-03-29,Wong Ka Ming,FWD Group,Thailand
CLM-01958,POL-01108,Prasert Thongdee,INPATIENT,N39.0,77625,0,PENDING,2024-08-07,,Pranee Srisuwan,AIA Insurance,Thailand
CLM-01959,POL-00227,Lau Kwok Wah,OUTPATIENT,K21.0,801,585,APPROVED,2024-11-05,2024-11-14,Tran Van Minh,AIA Insurance,Hong Kong
CLM-01960,POL-00563,Leung Ho Yin,OUTPATIENT,I10,10113,7777,APPROVED,2024-02-04,2024-02-13,Nguyen Thi Lan,FWD Group,Hong Kong
CLM-01961,POL-01852,Kittisak Saetang,DENTAL,K05.10,4290,0,IN_REVIEW,2024-03-26,2024-03-29,Pranee Srisuwan,Prudential Life,Thailand
CLM-01962,POL-01671,Hoang Duc Thang,DENTAL,K08.9,3085,0,REJECTED,2024-02-18,2024-03-03,Wong Ka Ming,AIA Insurance,Vietnam
CLM-01963,POL-00436,Hoang Duc Thang,INPATIENT,N39.0,39946,30358,APPROVED,2024-04-30,2024-05-07,Wong Ka Ming,Prudential Life,Vietnam
CLM-01964,POL-00922,Lau Wai Yan,OUTPATIENT,J06.9,2750,2340,APPROVED,2024-12-26,2025-01-08,Wong Ka Ming,FWD Group,Hong Kong
CLM-01965,POL-02400,Malee Wattana,OUTPATIENT,E11.9,2140,1789,APPROVED,2024-11-01,2024-11-13,Pranee Srisuwan,Prudential Life,Thailand
CLM-01966,POL-00247,Kanya Wattana,OUTPATIENT,M54.5,1235,910,APPROVED,2024-01-11,2024-01-13,Nguyen Thi Lan,AIA Insurance,Thailand
CLM-01967,POL-00814,Pranee Rattanaporn,OUTPATIENT,J06.9,9449,8424,APPROVED,2024-07-19,2024-07-21,Wong Ka Ming,Prudential Life,Thailand
CLM-01968,POL-02310,Prasert Boonmee,OUTPATIENT,E11.9,6441,0,IN_REVIEW,2024-04-14,2024-04-23,Pranee Srisuwan,AIA Insurance,Thailand
CLM-01969,POL-01920,Nguyen Van An,DENTAL,K02.9,15496,0,REJECTED,2024-10-23,2024-10-28,Pranee Srisuwan,AIA Insurance,Vietnam
CLM-01970,POL-00286,Niran Wattana,MATERNITY,O80,62013,0,PENDING,2024-06-22,,Nguyen Thi Lan,AIA Insurance,Thailand
CLM-01971,POL-00658,Pranee Saetang,DENTAL,K02.9,9670,9380,APPROVED,2024-06-04,2024-06-12,Somchai Wattana,Prudential Life,Thailand
CLM-01972,POL-02050,Pranee Rattanaporn,OUTPATIENT,K21.0,3867,3802,APPROVED,2024-05-17,2024-05-26,Nguyen Thi Lan,FWD Group,Thailand
CLM-01973,POL-01645,Malee Boonmee,OUTPATIENT,A09,591,0,REJECTED,2024-05-16,2024-05-20,Tran Van Minh,Prudential Life,Thailand
CLM-01974,POL-00455,Ho Siu Fung,OUTPATIENT,A09,4825,4392,APPROVED,2024-11-04,2024-11-14,Nguyen Thi Lan,Prudential Life,Hong Kong
CLM-01975,POL-01433,Lee Yuen Man,INPATIENT,E11.9,43317,40642,APPROVED,2024-01-14,2024-01-21,Tran Van Minh,Prudential Life,Hong Kong
CLM-01976,POL-00379,Ho Mei Ling,OUTPATIENT,A09,7680,0,PENDING,2024-11-24,,Pranee Srisuwan,AIA Insurance,Hong Kong
CLM-01977,POL-01454,Vu Ngoc Anh,OUTPATIENT,H10.9,4777,4626,APPROVED,2024-12-28,2025-01-15,Wong Ka Ming,FWD Group,Vietnam
CLM-01978,POL-00980,Lau Chi Keung,OUTPATIENT,J06.9,6646,5663,APPROVED,2024-07-23,2024-08-03,Wong Ka Ming,FWD Group,Hong Kong
CLM-01979,POL-00488,Leung Mei Ling,OUTPATIENT,A09,1769,1338,APPROVED,2024-01-24,2024-01-27,Tran Van Minh,AIA Insurance,Hong Kong
CLM-01980,POL-02302,Pranee Srisuwan,MATERNITY,O80,34610,0,REJECTED,2024-12-14,2024-12-19,Nguyen Thi Lan,AIA Insurance,Thailand
CLM-01981,POL-00873,Ho Ho Yin,OUTPATIENT,N39.0,3341,0,PENDING,2024-03-09,,Pranee Srisuwan,FWD Group,Hong Kong
CLM-01982,POL-02333,Pham Thu Huong,OUTPATIENT,K21.0,954,0,REJECTED,2024-12-05,2024-12-13,Pranee Srisuwan,AIA Insurance,Vietnam
CLM-01983,POL-00801,Niran Phongpanich,OUTPATIENT,J45.909,8217,0,IN_REVIEW,2024-07-11,2024-07-17,Wong Ka Ming,Prudential Life,Thailand
CLM-01984,POL-02144,Anong Saetang,OUTPATIENT,L30.9,2068,1529,APPROVED,2024-11-18,2024-11-21,Tran Van Minh,Prudential Life,Thailand
CLM-01985,POL-00578,Siriporn Boonmee,OUTPATIENT,H10.9,3297,2934,APPROVED,2024-12-12,2024-12-14,Nguyen Thi Lan,AIA Insurance,Thailand
CLM-01986,POL-00638,Do Van Long,OUTPATIENT,I10,1548,1223,APPROVED,2024-02-04,2024-02-11,Somchai Wattana,Prudential Life,Vietnam
CLM-01987,POL-00939,Lee Mei Ling,DENTAL,K05.10,21462,18040,APPROVED,2024-11-01,2024-11-04,Pranee Srisuwan,FWD Group,Hong Kong
CLM-01988,POL-00829,Lau Wai Yan,OUTPATIENT,I10,3326,2418,APPROVED,2024-09-11,2024-09-15,Nguyen Thi Lan,AIA Insurance,Hong Kong
CLM-01989,POL-01763,Wong Siu Fung,OUTPATIENT,H10.9,500,359,APPROVED,2024-08-14,2024-08-24,Nguyen Thi Lan,AIA Insurance,Hong Kong
CLM-01990,POL-00116,Vu Ngoc Anh,OUTPATIENT,A09,2844,2278,APPROVED,2024-10-31,2024-11-05,Nguyen Thi Lan,FWD Group,Vietnam
CLM-01991,POL-00336,Ng Kwok Wah,DENTAL,K04.7,11241,8329,APPROVED,2024-01-14,2024-01-20,Tran Van Minh,AIA Insurance,Hong Kong
CLM-01992,POL-02063,Dang Quoc Bao,INPATIENT,N39.0,53751,0,REJECTED,2024-07-01,2024-07-04,Pranee Srisuwan,AIA Insurance,Vietnam
CLM-01993,POL-00901,Pranee Phongpanich,MATERNITY,O80,49518,37339,APPROVED,2024-07-06,2024-07-10,Somchai Wattana,FWD Group,Thailand
CLM-01994,POL-02348,Do Van Long,OUTPATIENT,M54.5,2421,0,IN_REVIEW,2024-09-05,2024-09-12,Tran Van Minh,FWD Group,Vietnam
CLM-01995,POL-01233,Dang Quoc Bao,OUTPATIENT,L30.9,2350,2165,APPROVED,2024-05-22,2024-05-31,Wong Ka Ming,AIA Insurance,Vietnam
CLM-01996,POL-01868,Lee Ka Ming,MATERNITY,O82,85699,81970,APPROVED,2024-08-11,2024-08-20,Nguyen Thi Lan,AIA Insurance,Hong Kong
CLM-01997,POL-00029,Malee Wattana,DENTAL,K02.9,4242,3074,APPROVED,2024-04-28,2024-05-10,Pranee Srisuwan,Prudential Life,Thailand
CLM-01998,POL-01619,Prasert Phongpanich,MATERNITY,O82,158571,132508,APPROVED,2024-11-11,2024-11-22,Tran Van Minh,FWD Group,Thailand
CLM-01999,POL-01494,Prasert Boonmee,OUTPATIENT,A90,2738,0,IN_REVIEW,2024-02-20,2024-02-24,Somchai Wattana,AIA Insurance,Thailand
CLM-02000,POL-00296,Hoang Duc Thang,OUTPATIENT,I10,1344,1094,APPROVED,2024-01-17,2024-01-24,Pranee Srisuwan,AIA Insurance,Vietnam
CLM-02001,POL-01514,Hoang Duc Thang,OUTPATIENT,I10,1005,741,APPROVED,2024-07-05,2024-07-09,Pranee Srisuwan,FWD Group,Vietnam
CLM-02002,POL-01140,Ho Siu Fung,OUTPATIENT,A09,2840,2820,APPROVED,2024-07-23,2024-07-31,Somchai Wattana,FWD Group,Hong Kong
CLM-02003,POL-01454,Vu Ngoc Anh,OUTPATIENT,J06.9,3464,3172,APPROVED,2024-03-27,2024-03-31,Wong Ka Ming,FWD Group,Vietnam
CLM-02004,POL-01279,Kanya Chaiyasit,OUTPATIENT,M54.5,2076,1709,APPROVED,2024-12-04,2024-12-13,Wong Ka Ming,Prudential Life,Thailand
CLM-02005,POL-00920,Kittisak Chaiyasit,OUTPATIENT,K21.0,5302,0,PENDING,2024-08-11,,Tran Van Minh,Prudential Life,Thailand
CLM-02006,POL-00799,Bui Thanh Ha,DENTAL,K08.9,10613,9398,APPROVED,2024-03-26,2024-04-05,Wong Ka Ming,AIA Insurance,Vietnam
CLM-02007,POL-02097,Dang Quoc Bao,INPATIENT,J18.9,383535,0,PENDING,2024-01-02,,Tran Van Minh,AIA Insurance,Vietnam
CLM-02008,POL-00010,Cheung Chi Keung,OUTPATIENT,A09,5465,0,PENDING,2024-02-10,,Tran Van Minh,AIA Insurance,Hong Kong
CLM-02009,POL-01225,Ho Chi Keung,OUTPATIENT,L30.9,8022,0,REJECTED,2024-02-15,2024-02-21,Tran Van Minh,Prudential Life,Hong Kong
CLM-02010,POL-00207,Somchai Thongdee,OUTPATIENT,J06.9,2617,2015,APPROVED,2024-07-30,2024-08-01,Tran Van Minh,FWD Group,Thailand
CLM-02011,POL-01176,Hoang Duc Thang,OUTPATIENT,H10.9,1625,1279,APPROVED,2024-01-28,2024-02-08,Pranee Srisuwan,AIA Insurance,Vietnam
CLM-02012,POL-01405,Chaiwat Saetang,OUTPATIENT,I10,1241,0,PENDING,2024-02-14,,Somchai Wattana,FWD Group,Thailand
CLM-02013,POL-01534,Cheung Ka Ming,OUTPATIENT,I10,6574,6500,APPROVED,2024-05-25,2024-05-30,Wong Ka Ming,Prudential Life,Hong Kong
CLM-02014,POL-00919,Cheung Ho Yin,INPATIENT,A09,58775,0,PENDING,2024-11-30,,Wong Ka Ming,FWD Group,Hong Kong
CLM-02015,POL-01821,Siriporn Phongpanich,MATERNITY,O82,16240,0,REJECTED,2024-05-21,2024-05-30,Pranee Srisuwan,FWD Group,Thailand
CLM-02016,POL-00091,Pham Thu Huong,OUTPATIENT,N39.0,11407,8004,APPROVED,2024-03-27,2024-04-10,Wong Ka Ming,AIA Insurance,Vietnam
CLM-02017,POL-00627,Kittisak Boonmee,MATERNITY,O82,25614,25545,APPROVED,2024-01-15,2024-01-21,Somchai Wattana,Prudential Life,Thailand
CLM-02018,POL-01054,Do Van Long,INPATIENT,J18.9,163362,156017,APPROVED,2024-05-03,2024-05-08,Somchai Wattana,Prudential Life,Vietnam
CLM-02019,POL-00448,Bui Thanh Ha,INPATIENT,J45.909,357470,0,IN_REVIEW,2024-12-24,2024-12-29,Nguyen Thi Lan,FWD Group,Vietnam
CLM-02020,POL-00489,Le Minh Tuan,OUTPATIENT,J06.9,8816,0,REJECTED,2024-10-03,2024-10-08,Wong Ka Ming,Prudential Life,Vietnam
CLM-02021,POL-00264,Niran Boonmee,OUTPATIENT,J06.9,16803,14340,APPROVED,2024-11-20,2024-12-05,Nguyen Thi Lan,FWD Group,Thailand
CLM-02022,POL-01344,Cheung Chi Keung,OUTPATIENT,L30.9,1675,1353,APPROVED,2024-06-20,2024-06-22,Tran Van Minh,Prudential Life,Hong Kong
CLM-02023,POL-00275,Kittisak Wattana,OUTPATIENT,A09,14410,0,REJECTED,2024-07-14,2024-07-17,Pranee Srisuwan,AIA Insurance,Thailand
CLM-02024,POL-02067,Siriporn Thongdee,OUTPATIENT,K21.0,1870,1380,APPROVED,2024-07-17,2024-07-22,Pranee Srisuwan,AIA Insurance,Thailand
CLM-02025,POL-00985,Tran Thi Mai,OUTPATIENT,M54.5,1704,1513,APPROVED,2024-08-20,2024-08-24,Pranee Srisuwan,Prudential Life,Vietnam
CLM-02026,POL-02358,Anong Srisuwan,OUTPATIENT,N39.0,2291,0,REJECTED,2024-06-01,2024-06-08,Nguyen Thi Lan,AIA Insurance,Thailand
CLM-02027,POL-01560,Dang Quoc Bao,OUTPATIENT,A09,1545,1463,APPROVED,2024-08-26,2024-08-29,Somchai Wattana,AIA Insurance,Vietnam
CLM-02028,POL-00375,Leung Chi Keung,DENTAL,K02.9,3645,0,PENDING,2024-01-05,,Nguyen Thi Lan,AIA Insurance,Hong Kong
CLM-02029,POL-00768,Malee Thongdee,OUTPATIENT,E11.9,5604,5217,APPROVED,2024-02-22,2024-02-29,Nguyen Thi Lan,FWD Group,Thailand
CLM-02030,POL-02209,Lau Sau Lan,OUTPATIENT,E11.9,2273,1798,APPROVED,2024-04-01,2024-04-07,Pranee Srisuwan,AIA Insurance,Hong Kong
CLM-02031,POL-02347,Le Minh Tuan,OUTPATIENT,E11.9,2752,0,IN_REVIEW,2024-01-08,2024-01-31,Tran Van Minh,Prudential Life,Vietnam
CLM-02032,POL-00843,Le Minh Tuan,OUTPATIENT,A09,11574,0,PENDING,2024-01-08,,Wong Ka Ming,FWD Group,Vietnam
CLM-02033,POL-00931,Chan Chi Keung,OUTPATIENT,M54.5,3357,0,REJECTED,2024-12-09,2024-12-13,Nguyen Thi Lan,Prudential Life,Hong Kong
CLM-02034,POL-01395,Chaiwat Saetang,OUTPATIENT,J06.9,17929,14617,APPROVED,2024-10-31,2024-11-02,Wong Ka Ming,Prudential Life,Thailand
CLM-02035,POL-02307,Ho Siu Fung,DENTAL,K02.9,1818,0,IN_REVIEW,2024-05-03,2024-05-05,Somchai Wattana,Prudential Life,Hong Kong
CLM-02036,POL-02198,Siriporn Saetang,OUTPATIENT,J45.909,5989,5543,APPROVED,2024-01-27,2024-02-03,Wong Ka Ming,Prudential Life,Thailand
CLM-02037,POL-00336,Ng Kwok Wah,OUTPATIENT,J06.9,4890,4466,APPROVED,2024-02-05,2024-02-07,Somchai Wattana,AIA Insurance,Hong Kong
CLM-02038,POL-01290,Pranee Saetang,DENTAL,K05.10,2576,2498,APPROVED,2024-03-20,2024-03-22,Pranee Srisuwan,AIA Insurance,Thailand
CLM-02039,POL-01549,Anong Chaiyasit,INPATIENT,N39.0,156101,148208,APPROVED,2024-06-15,2024-06-21,Nguyen Thi Lan,AIA Insurance,Thailand
CLM-02040,POL-02057,Ho Sau Lan,INPATIENT,N39.0,69207,68310,APPROVED,2024-12-05,2024-12-15,Wong Ka Ming,FWD Group,Hong Kong
CLM-02041,POL-01284,Vu Ngoc Anh,MATERNITY,O80,47963,41523,APPROVED,2024-09-04,2024-09-10,Pranee Srisuwan,FWD Group,Vietnam
CLM-02042,POL-00148,Siriporn Wattana,OUTPATIENT,J06.9,2245,0,PENDING,2024-12-31,,Somchai Wattana,AIA Insurance,Thailand
CLM-02043,POL-00322,Dang Quoc Bao,OUTPATIENT,E11.9,1451,0,REJECTED,2024-11-29,2024-12-06,Tran Van Minh,AIA Insurance,Vietnam
CLM-02044,POL-02149,Wong Mei Ling,INPATIENT,A09,22062,17045,APPROVED,2024-05-05,2024-05-09,Pranee Srisuwan,Prudential Life,Hong Kong
CLM-02045,POL-00048,Kanya Saetang,OUTPATIENT,J06.9,6663,6614,APPROVED,2024-03-17,2024-03-22,Somchai Wattana,AIA Insurance,Thailand
CLM-02046,POL-00557,Kittisak Phongpanich,OUTPATIENT,J06.9,1594,0,PENDING,2024-10-20,,Tran Van Minh,Prudential Life,Thailand
CLM-02047,POL-02107,Do Van Long,OUTPATIENT,E11.9,5036,3975,APPROVED,2024-05-20,2024-05-28,Pranee Srisuwan,AIA Insurance,Vietnam
CLM-02048,POL-01200,Prasert Thongdee,INPATIENT,J18.9,144187,138438,APPROVED,2024-04-27,2024-05-08,Nguyen Thi Lan,AIA Insurance,Thailand
CLM-02049,POL-02282,Chaiwat Phongpanich,OUTPATIENT,I10,1714,1300,APPROVED,2024-03-14,2024-03-18,Nguyen Thi Lan,AIA Insurance,Thailand
CLM-02050,POL-00957,Malee Thongdee,OUTPATIENT,J06.9,782,757,APPROVED,2024-03-19,2024-03-24,Nguyen Thi Lan,Prudential Life,Thailand
CLM-02051,POL-00320,Anong Saetang,OUTPATIENT,A90,3243,3014,APPROVED,2024-05-22,2024-05-29,Nguyen Thi Lan,Prudential Life,Thailand
CLM-02052,POL-01446,Siriporn Phongpanich,OUTPATIENT,A90,4287,4063,APPROVED,2024-03-22,2024-03-26,Somchai Wattana,Prudential Life,Thailand
CLM-02053,POL-00683,Cheung Ho Yin,INPATIENT,E11.9,39400,29007,APPROVED,2024-05-29,2024-06-06,Tran Van Minh,Prudential Life,Hong Kong
CLM-02054,POL-00314,Do Van Long,INPATIENT,E11.9,444661,0,IN_REVIEW,2024-08-19,2024-08-23,Wong Ka Ming,FWD Group,Vietnam
CLM-02055,POL-01930,Siriporn Boonmee,MATERNITY,O80,32208,26341,APPROVED,2024-07-29,2024-08-05,Wong Ka Ming,Prudential Life,Thailand
CLM-02056,POL-01235,Ngo Thi Thu,DENTAL,K08.9,6025,0,REJECTED,2024-12-15,2025-01-02,Pranee Srisuwan,FWD Group,Vietnam
CLM-02057,POL-01085,Niran Rattanaporn,DENTAL,K02.9,6329,5106,APPROVED,2024-11-16,2024-11-28,Wong Ka Ming,Prudential Life,Thailand
CLM-02058,POL-01254,Leung Wai Yan,OUTPATIENT,E11.9,6955,5034,APPROVED,2024-07-10,2024-07-23,Tran Van Minh,AIA Insurance,Hong Kong
CLM-02059,POL-01601,Vu Ngoc Anh,DENTAL,K05.10,5896,0,IN_REVIEW,2024-12-04,2024-12-07,Wong Ka Ming,AIA Insurance,Vietnam
CLM-02060,POL-01563,Somchai Phongpanich,OUTPATIENT,N39.0,500,434,APPROVED,2024-10-09,2024-10-16,Pranee Srisuwan,Prudential Life,Thailand
CLM-02061,POL-00344,Pranee Chaiyasit,DENTAL,K08.9,10559,7401,APPROVED,2024-09-25,2024-09-27,Wong Ka Ming,Prudential Life,Thailand
CLM-02062,POL-00775,Cheung Siu Fung,OUTPATIENT,J06.9,722,642,APPROVED,2024-01-27,2024-02-03,Tran Van Minh,AIA Insurance,Hong Kong
CLM-02063,POL-01641,Hoang Duc Thang,OUTPATIENT,I10,1505,1232,APPROVED,2024-04-10,2024-04-18,Tran Van Minh,AIA Insurance,Vietnam
CLM-02064,POL-01822,Ngo Thi Thu,OUTPATIENT,A90,5868,0,REJECTED,2024-03-23,2024-03-26,Somchai Wattana,Prudential Life,Vietnam
CLM-02065,POL-01434,Ho Ho Yin,DENTAL,K02.9,4796,4748,APPROVED,2024-09-29,2024-10-04,Nguyen Thi Lan,AIA Insurance,Hong Kong
CLM-02066,POL-00366,Hoang Duc Thang,INPATIENT,A90,22470,17460,APPROVED,2024-01-14,2024-01-19,Wong Ka Ming,FWD Group,Vietnam
CLM-02067,POL-02376,Prasert Thongdee,OUTPATIENT,A09,3213,0,IN_REVIEW,2024-02-09,2024-02-12,Pranee Srisuwan,FWD Group,Thailand
CLM-02068,POL-00102,Tran Thi Mai,OUTPATIENT,M54.5,945,699,APPROVED,2024-01-18,2024-01-20,Pranee Srisuwan,FWD Group,Vietnam
CLM-02069,POL-00650,Kittisak Srisuwan,OUTPATIENT,K21.0,1874,1386,APPROVED,2024-03-18,2024-03-23,Tran Van Minh,AIA Insurance,Thailand
CLM-02070,POL-01200,Prasert Thongdee,OUTPATIENT,E11.9,2456,2220,APPROVED,2024-11-01,2024-11-11,Nguyen Thi Lan,AIA Insurance,Thailand
CLM-02071,POL-01887,Somchai Saetang,DENTAL,K04.7,1725,0,REJECTED,2024-06-14,2024-06-20,Tran Van Minh,AIA Insurance,Thailand
CLM-02072,POL-01928,Siriporn Phongpanich,OUTPATIENT,J45.909,2038,0,IN_REVIEW,2024-06-20,2024-07-03,Somchai Wattana,Prudential Life,Thailand
CLM-02073,POL-01327,Vu Ngoc Anh,OUTPATIENT,E11.9,4986,0,REJECTED,2024-09-22,2024-09-27,Pranee Srisuwan,AIA Insurance,Vietnam
CLM-02074,POL-01142,Vu Ngoc Anh,MATERNITY,O82,73384,0,IN_REVIEW,2024-03-15,2024-03-24,Wong Ka Ming,Prudential Life,Vietnam
CLM-02075,POL-00094,Kittisak Phongpanich,OUTPATIENT,I10,10010,0,PENDING,2024-07-18,,Tran Van Minh,Prudential Life,Thailand
CLM-02076,POL-01206,Malee Saetang,MATERNITY,O80,38926,28128,APPROVED,2024-12-31,2025-01-09,Tran Van Minh,FWD Group,Thailand
CLM-02077,POL-01306,Leung Ka Ming,INPATIENT,A90,34532,0,PENDING,2024-12-08,,Somchai Wattana,Prudential Life,Hong Kong
CLM-02078,POL-01951,Prasert Srisuwan,INPATIENT,S72.001A,8019,6505,APPROVED,2024-03-08,2024-03-14,Somchai Wattana,FWD Group,Thailand
CLM-02079,POL-01448,Bui Thanh Ha,OUTPATIENT,A09,18511,16835,APPROVED,2024-02-12,2024-02-17,Nguyen Thi Lan,FWD Group,Vietnam
CLM-02080,POL-01458,Cheung Mei Ling,OUTPATIENT,J45.909,2045,0,IN_REVIEW,2024-10-04,2024-10-09,Nguyen Thi Lan,Prudential Life,Hong Kong
CLM-02081,POL-01623,Niran Boonmee,DENTAL,K02.9,7246,6806,APPROVED,2024-06-29,2024-07-05,Nguyen Thi Lan,AIA Insurance,Thailand
CLM-02082,POL-00110,Nguyen Van An,DENTAL,K02.9,13100,0,PENDING,2024-03-21,,Pranee Srisuwan,FWD Group,Vietnam
CLM-02083,POL-02278,Prasert Saetang,INPATIENT,E11.9,92218,0,IN_REVIEW,2024-09-08,2024-09-11,Wong Ka Ming,Prudential Life,Thailand
CLM-02084,POL-01721,Lee Sau Lan,MATERNITY,O82,95845,82933,APPROVED,2024-11-05,2024-11-09,Nguyen Thi Lan,FWD Group,Hong Kong
CLM-02085,POL-00027,Dang Quoc Bao,OUTPATIENT,I10,755,739,APPROVED,2024-09-18,2024-10-03,Wong Ka Ming,AIA Insurance,Vietnam
CLM-02086,POL-02259,Prasert Chaiyasit,DENTAL,K02.9,25628,0,REJECTED,2024-12-29,2024-12-31,Wong Ka Ming,FWD Group,Thailand
CLM-02087,POL-00666,Chan Kwok Wah,DENTAL,K08.9,16180,13999,APPROVED,2024-11-12,2024-11-17,Wong Ka Ming,AIA Insurance,Hong Kong
CLM-02088,POL-02231,Kanya Phongpanich,MATERNITY,O80,170696,0,REJECTED,2024-06-24,2024-06-29,Pranee Srisuwan,AIA Insurance,Thailand
CLM-02089,POL-00445,Ho Yuen Man,OUTPATIENT,J45.909,1757,1405,APPROVED,2024-05-29,2024-06-12,Wong Ka Ming,Prudential Life,Hong Kong
CLM-02090,POL-01603,Prasert Rattanaporn,INPATIENT,A90,11380,0,IN_REVIEW,2024-08-12,2024-08-17,Somchai Wattana,Prudential Life,Thailand
CLM-02091,POL-01380,Pham Thu Huong,DENTAL,K04.7,3463,3339,APPROVED,2024-05-19,2024-05-25,Somchai Wattana,AIA Insurance,Vietnam
CLM-02092,POL-02228,Dang Quoc Bao,OUTPATIENT,J45.909,1949,0,REJECTED,2024-11-24,2024-11-27,Wong Ka Ming,Prudential Life,Vietnam
CLM-02093,POL-01109,Tran Thi Mai,OUTPATIENT,A09,6132,5097,APPROVED,2024-04-02,2024-04-08,Wong Ka Ming,AIA Insurance,Vietnam
CLM-02094,POL-00743,Pham Thu Huong,OUTPATIENT,J06.9,2033,1844,APPROVED,2024-04-04,2024-04-08,Nguyen Thi Lan,FWD Group,Vietnam
CLM-02095,POL-00148,Siriporn Wattana,OUTPATIENT,N39.0,2137,1932,APPROVED,2024-12-20,2024-12-23,Pranee Srisuwan,AIA Insurance,Thailand
CLM-02096,POL-00497,Pranee Srisuwan,MATERNITY,O80,177308,0,IN_REVIEW,2024-12-31,2025-01-04,Somchai Wattana,AIA Insurance,Thailand
CLM-02097,POL-02251,Wong Chi Keung,OUTPATIENT,M54.5,1348,0,IN_REVIEW,2024-06-13,2024-06-17,Somchai Wattana,Prudential Life,Hong Kong
CLM-02098,POL-02019,Siriporn Srisuwan,INPATIENT,E11.9,252737,233723,APPROVED,2024-07-01,2024-07-09,Tran Van Minh,Prudential Life,Thailand
CLM-02099,POL-00570,Siriporn Chaiyasit,OUTPATIENT,I10,2269,0,IN_REVIEW,2024-12-24,2024-12-27,Somchai Wattana,AIA Insurance,Thailand
CLM-02100,POL-00667,Chan Ho Yin,OUTPATIENT,J06.9,5750,5526,APPROVED,2024-04-04,2024-04-13,Somchai Wattana,AIA Insurance,Hong Kong
CLM-02101,POL-00667,Chan Ho Yin,OUTPATIENT,H10.9,6654,5233,APPROVED,2024-03-17,2024-03-25,Wong Ka Ming,AIA Insurance,Hong Kong
CLM-02102,POL-01517,Somchai Thongdee,DENTAL,K02.9,10727,8156,APPROVED,2024-10-04,2024-10-15,Tran Van Minh,AIA Insurance,Thailand
CLM-02103,POL-02014,Anong Rattanaporn,INPATIENT,J18.9,218496,217633,APPROVED,2024-03-09,2024-03-13,Tran Van Minh,FWD Group,Thailand
CLM-02104,POL-01880,Do Van Long,OUTPATIENT,J06.9,1647,1498,APPROVED,2024-03-15,2024-04-01,Somchai Wattana,AIA Insurance,Vietnam
CLM-02105,POL-01064,Ngo Thi Thu,INPATIENT,A90,245062,218102,APPROVED,2024-11-17,2024-11-26,Somchai Wattana,FWD Group,Vietnam
CLM-02106,POL-00988,Siriporn Rattanaporn,OUTPATIENT,J06.9,6526,5669,APPROVED,2024-10-30,2024-11-16,Wong Ka Ming,Prudential Life,Thailand
CLM-02107,POL-00550,Pham Thu Huong,OUTPATIENT,K21.0,5985,0,REJECTED,2024-02-04,2024-02-06,Somchai Wattana,FWD Group,Vietnam
CLM-02108,POL-00072,Nguyen Van An,OUTPATIENT,I10,4119,3792,APPROVED,2024-11-12,2024-11-21,Nguyen Thi Lan,Prudential Life,Vietnam
CLM-02109,POL-00665,Niran Saetang,MATERNITY,O82,137097,120797,APPROVED,2024-12-14,2024-12-19,Somchai Wattana,AIA Insurance,Thailand
CLM-02110,POL-00048,Kanya Saetang,DENTAL,K04.7,4717,4438,APPROVED,2024-12-04,2024-12-07,Wong Ka Ming,AIA Insurance,Thailand
CLM-02111,POL-00653,Ngo Thi Thu,OUTPATIENT,J06.9,695,577,APPROVED,2024-09-10,2024-09-24,Pranee Srisuwan,AIA Insurance,Vietnam
CLM-02112,POL-00193,Ng Ka Ming,OUTPATIENT,J06.9,14356,0,REJECTED,2024-03-17,2024-03-24,Pranee Srisuwan,Prudential Life,Hong Kong
CLM-02113,POL-00785,Chan Tsz Ching,OUTPATIENT,E11.9,1185,858,APPROVED,2024-07-27,2024-08-05,Tran Van Minh,AIA Insurance,Hong Kong
CLM-02114,POL-00404,Chan Mei Ling,OUTPATIENT,J06.9,4452,3155,APPROVED,2024-11-06,2024-11-15,Tran Van Minh,Prudential Life,Hong Kong
CLM-02115,POL-01745,Chaiwat Boonmee,OUTPATIENT,K21.0,3347,2474,APPROVED,2024-07-20,2024-07-27,Wong Ka Ming,FWD Group,Thailand
CLM-02116,POL-00901,Pranee Phongpanich,OUTPATIENT,J45.909,6180,4959,APPROVED,2024-10-01,2024-10-03,Tran Van Minh,FWD Group,Thailand
CLM-02117,POL-00040,Tran Thi Mai,DENTAL,K05.10,7442,7314,APPROVED,2024-06-13,2024-06-19,Somchai Wattana,AIA Insurance,Vietnam
CLM-02118,POL-00827,Ho Chi Keung,INPATIENT,E11.9,94079,68670,APPROVED,2024-03-08,2024-03-18,Somchai Wattana,AIA Insurance,Hong Kong
CLM-02119,POL-00618,Siriporn Boonmee,OUTPATIENT,A09,5118,3875,APPROVED,2024-08-12,2024-08-15,Somchai Wattana,AIA Insurance,Thailand
CLM-02120,POL-01094,Pham Thu Huong,OUTPATIENT,J06.9,3178,0,REJECTED,2024-12-25,2024-12-31,Somchai Wattana,Prudential Life,Vietnam
CLM-02121,POL-02230,Tran Thi Mai,OUTPATIENT,L30.9,2836,2110,APPROVED,2024-12-18,2024-12-21,Wong Ka Ming,FWD Group,Vietnam
CLM-02122,POL-00664,Ngo Thi Thu,OUTPATIENT,E11.9,2561,2560,APPROVED,2024-04-21,2024-04-24,Pranee Srisuwan,FWD Group,Vietnam
CLM-02123,POL-02055,Hoang Duc Thang,INPATIENT,J18.9,134841,115141,APPROVED,2024-02-27,2024-03-09,Somchai Wattana,AIA Insurance,Vietnam
CLM-02124,POL-02196,Kanya Wattana,OUTPATIENT,J06.9,1251,0,PENDING,2024-11-25,,Tran Van Minh,FWD Group,Thailand
CLM-02125,POL-00889,Prasert Boonmee,DENTAL,K08.9,5018,4735,APPROVED,2024-07-09,2024-07-12,Pranee Srisuwan,AIA Insurance,Thailand
CLM-02126,POL-00008,Dang Quoc Bao,OUTPATIENT,A09,2236,2006,APPROVED,2024-01-03,2024-01-08,Somchai Wattana,FWD Group,Vietnam
CLM-02127,POL-00449,Kittisak Phongpanich,INPATIENT,E11.9,184069,161114,APPROVED,2024-06-03,2024-06-08,Tran Van Minh,AIA Insurance,Thailand
CLM-02128,POL-02258,Tran Thi Mai,MATERNITY,O80,37954,35271,APPROVED,2024-04-26,2024-05-03,Tran Van Minh,FWD Group,Vietnam
CLM-02129,POL-00667,Chan Ho Yin,MATERNITY,O80,211198,178686,APPROVED,2024-04-24,2024-05-04,Pranee Srisuwan,AIA Insurance,Hong Kong
CLM-02130,POL-01018,Le Minh Tuan,OUTPATIENT,E11.9,1033,855,APPROVED,2024-12-08,2024-12-10,Pranee Srisuwan,AIA Insurance,Vietnam
CLM-02131,POL-02345,Pham Thu Huong,OUTPATIENT,A90,1757,1299,APPROVED,2024-06-12,2024-06-23,Pranee Srisuwan,FWD Group,Vietnam
CLM-02132,POL-00815,Kanya Thongdee,DENTAL,K08.9,8455,8203,APPROVED,2024-11-10,2024-11-16,Nguyen Thi Lan,AIA Insurance,Thailand
CLM-02133,POL-00486,Vu Ngoc Anh,OUTPATIENT,K21.0,1086,851,APPROVED,2024-12-04,2024-12-07,Wong Ka Ming,Prudential Life,Vietnam
CLM-02134,POL-00343,Leung Wai Yan,OUTPATIENT,N39.0,8443,6809,APPROVED,2024-07-11,2024-07-20,Pranee Srisuwan,Prudential Life,Hong Kong
CLM-02135,POL-00189,Lee Chi Keung,OUTPATIENT,E11.9,504,0,REJECTED,2024-01-29,2024-02-01,Pranee Srisuwan,AIA Insurance,Hong Kong
CLM-02136,POL-01384,Pranee Boonmee,OUTPATIENT,M54.5,4653,4063,APPROVED,2024-03-29,2024-04-02,Tran Van Minh,Prudential Life,Thailand
CLM-02137,POL-00868,Cheung Kwok Wah,OUTPATIENT,J45.909,4665,3522,APPROVED,2024-10-11,2024-10-22,Nguyen Thi Lan,Prudential Life,Hong Kong
CLM-02138,POL-02205,Niran Srisuwan,INPATIENT,A09,130133,0,IN_REVIEW,2024-07-11,2024-07-14,Pranee Srisuwan,AIA Insurance,Thailand
CLM-02139,POL-00491,Niran Boonmee,OUTPATIENT,E11.9,857,844,APPROVED,2024-06-12,2024-06-15,Tran Van Minh,Prudential Life,Thailand
CLM-02140,POL-00776,Chaiwat Chaiyasit,DENTAL,K02.9,845,669,APPROVED,2024-06-15,2024-06-23,Wong Ka Ming,AIA Insurance,Thailand
CLM-02141,POL-02094,Malee Chaiyasit,INPATIENT,J45.909,87504,0,REJECTED,2024-03-05,2024-03-08,Wong Ka Ming,AIA Insurance,Thailand
CLM-02142,POL-00188,Dang Quoc Bao,OUTPATIENT,E11.9,2731,2664,APPROVED,2024-11-18,2024-12-09,Tran Van Minh,Prudential Life,Vietnam
CLM-02143,POL-00521,Niran Boonmee,DENTAL,K02.9,4265,0,REJECTED,2024-07-23,2024-07-25,Somchai Wattana,FWD Group,Thailand
CLM-02144,POL-01288,Leung Tsz Ching,DENTAL,K08.9,4167,0,REJECTED,2024-12-09,2024-12-15,Somchai Wattana,FWD Group,Hong Kong
CLM-02145,POL-02023,Wong Mei Ling,OUTPATIENT,E11.9,2680,2442,APPROVED,2024-03-29,2024-04-04,Somchai Wattana,AIA Insurance,Hong Kong
CLM-02146,POL-01894,Lee Tsz Ching,OUTPATIENT,A09,1888,1711,APPROVED,2024-05-31,2024-06-02,Nguyen Thi Lan,Prudential Life,Hong Kong
CLM-02147,POL-01291,Pham Thu Huong,INPATIENT,J18.9,212219,0,IN_REVIEW,2024-06-10,2024-06-20,Tran Van Minh,AIA Insurance,Vietnam
CLM-02148,POL-01631,Prasert Saetang,MATERNITY,O80,101040,100312,APPROVED,2024-02-26,2024-03-04,Somchai Wattana,AIA Insurance,Thailand
CLM-02149,POL-01798,Do Van Long,INPATIENT,A90,86611,0,REJECTED,2024-04-25,2024-05-01,Tran Van Minh,AIA Insurance,Vietnam
CLM-02150,POL-01403,Tran Thi Mai,OUTPATIENT,I10,10125,8537,APPROVED,2024-12-10,2024-12-15,Somchai Wattana,FWD Group,Vietnam
CLM-02151,POL-00917,Ho Sau Lan,OUTPATIENT,H10.9,4763,4329,APPROVED,2024-04-20,2024-05-01,Pranee Srisuwan,AIA Insurance,Hong Kong
CLM-02152,POL-00227,Lau Kwok Wah,OUTPATIENT,A90,1834,1433,APPROVED,2024-08-23,2024-08-28,Wong Ka Ming,AIA Insurance,Hong Kong
CLM-02153,POL-00364,Leung Sau Lan,MATERNITY,O82,16349,12565,APPROVED,2024-02-11,2024-02-20,Somchai Wattana,FWD Group,Hong Kong
CLM-02154,POL-01978,Dang Quoc Bao,DENTAL,K05.10,4919,0,PENDING,2024-12-31,,Wong Ka Ming,AIA Insurance,Vietnam
CLM-02155,POL-01051,Niran Wattana,OUTPATIENT,M54.5,597,418,APPROVED,2024-12-14,2024-12-17,Nguyen Thi Lan,Prudential Life,Thailand
CLM-02156,POL-00228,Vu Ngoc Anh,OUTPATIENT,I10,3812,0,IN_REVIEW,2024-06-25,2024-07-02,Nguyen Thi Lan,Prudential Life,Vietnam
CLM-02157,POL-00583,Lau Chi Keung,OUTPATIENT,J45.909,678,502,APPROVED,2024-06-15,2024-06-20,Nguyen Thi Lan,AIA Insurance,Hong Kong
CLM-02158,POL-01458,Cheung Mei Ling,OUTPATIENT,J06.9,1227,1058,APPROVED,2024-12-14,2024-12-28,Tran Van Minh,Prudential Life,Hong Kong
CLM-02159,POL-00588,Niran Boonmee,DENTAL,K08.9,3712,0,PENDING,2024-02-01,,Nguyen Thi Lan,AIA Insurance,Thailand
CLM-02160,POL-02002,Prasert Rattanaporn,DENTAL,K04.7,3935,0,REJECTED,2024-01-04,2024-01-08,Tran Van Minh,Prudential Life,Thailand
CLM-02161,POL-00362,Tran Thi Mai,INPATIENT,J45.909,55224,0,PENDING,2024-07-31,,Nguyen Thi Lan,FWD Group,Vietnam
CLM-02162,POL-02314,Lee Sau Lan,OUTPATIENT,I10,1339,1325,APPROVED,2024-02-18,2024-02-25,Tran Van Minh,AIA Insurance,Hong Kong
CLM-02163,POL-01015,Ng Mei Ling,OUTPATIENT,H10.9,500,0,REJECTED,2024-11-28,2024-12-10,Wong Ka Ming,FWD Group,Hong Kong
CLM-02164,POL-00576,Hoang Duc Thang,OUTPATIENT,J45.909,1389,0,REJECTED,2024-07-16,2024-07-21,Tran Van Minh,Prudential Life,Vietnam
CLM-02165,POL-01651,Malee Saetang,OUTPATIENT,A09,2738,2632,APPROVED,2024-07-26,2024-08-03,Somchai Wattana,FWD Group,Thailand
CLM-02166,POL-01798,Do Van Long,INPATIENT,E11.9,152893,0,PENDING,2024-08-15,,Somchai Wattana,AIA Insurance,Vietnam
CLM-02167,POL-00984,Ngo Thi Thu,OUTPATIENT,I10,4865,0,IN_REVIEW,2024-02-13,2024-02-22,Tran Van Minh,FWD Group,Vietnam
CLM-02168,POL-01738,Chaiwat Rattanaporn,OUTPATIENT,A90,1004,973,APPROVED,2024-11-24,2024-11-27,Wong Ka Ming,FWD Group,Thailand
CLM-02169,POL-01958,Chaiwat Saetang,OUTPATIENT,E11.9,2131,1836,APPROVED,2024-01-30,2024-02-08,Nguyen Thi Lan,FWD Group,Thailand
CLM-02170,POL-00580,Anong Srisuwan,MATERNITY,O82,80506,76237,APPROVED,2024-01-20,2024-01-26,Wong Ka Ming,Prudential Life,Thailand
CLM-02171,POL-01738,Chaiwat Rattanaporn,INPATIENT,S72.001A,192352,0,PENDING,2024-12-01,,Wong Ka Ming,FWD Group,Thailand
CLM-02172,POL-00920,Kittisak Chaiyasit,MATERNITY,O80,60979,0,REJECTED,2024-10-06,2024-10-11,Tran Van Minh,Prudential Life,Thailand
CLM-02173,POL-00287,Kittisak Wattana,OUTPATIENT,L30.9,2127,1659,APPROVED,2024-04-19,2024-04-24,Wong Ka Ming,FWD Group,Thailand
CLM-02174,POL-02374,Bui Thanh Ha,OUTPATIENT,K21.0,1517,1196,APPROVED,2024-12-31,2025-01-06,Nguyen Thi Lan,Prudential Life,Vietnam
CLM-02175,POL-01960,Anong Wattana,DENTAL,K02.9,2035,1846,APPROVED,2024-02-17,2024-02-20,Wong Ka Ming,Prudential Life,Thailand
CLM-02176,POL-02326,Anong Srisuwan,DENTAL,K02.9,959,0,IN_REVIEW,2024-03-23,2024-03-29,Somchai Wattana,AIA Insurance,Thailand
CLM-02177,POL-00001,Vu Ngoc Anh,INPATIENT,J45.909,45015,37211,APPROVED,2024-10-02,2024-10-05,Somchai Wattana,AIA Insurance,Vietnam
CLM-02178,POL-02046,Chan Mei Ling,MATERNITY,O80,86004,0,REJECTED,2024-04-06,2024-04-08,Wong Ka Ming,AIA Insurance,Hong Kong
CLM-02179,POL-00700,Siriporn Saetang,OUTPATIENT,I10,1649,0,REJECTED,2024-11-25,2024-12-02,Wong Ka Ming,AIA Insurance,Thailand
CLM-02180,POL-02007,Pham Thu Huong,INPATIENT,J45.909,56115,0,REJECTED,2024-02-01,2024-02-09,Tran Van Minh,Prudential Life,Vietnam
CLM-02181,POL-00535,Ho Wai Yan,OUTPATIENT,E11.9,5889,0,IN_REVIEW,2024-01-23,2024-01-27,Somchai Wattana,FWD Group,Hong Kong
CLM-02182,POL-01982,Lee Kwok Wah,INPATIENT,J45.909,26270,0,REJECTED,2024-11-04,2024-11-13,Nguyen Thi Lan,AIA Insurance,Hong Kong
CLM-02183,POL-01972,Lee Wai Yan,OUTPATIENT,K21.0,6959,5740,APPROVED,2024-09-21,2024-10-01,Pranee Srisuwan,Prudential Life,Hong Kong
CLM-02184,POL-01730,Niran Rattanaporn,INPATIENT,A90,46881,0,IN_REVIEW,2024-01-15,2024-01-19,Pranee Srisuwan,FWD Group,Thailand
CLM-02185,POL-01876,Kanya Rattanaporn,OUTPATIENT,I10,5479,4807,APPROVED,2024-05-17,2024-05-20,Pranee Srisuwan,AIA Insurance,Thailand
CLM-02186,POL-00198,Dang Quoc Bao,OUTPATIENT,H10.9,23911,0,IN_REVIEW,2024-08-10,2024-08-14,Somchai Wattana,FWD Group,Vietnam
CLM-02187,POL-00886,Wong Wai Yan,MATERNITY,O80,32061,23056,APPROVED,2024-01-15,2024-01-21,Nguyen Thi Lan,AIA Insurance,Hong Kong
CLM-02188,POL-00920,Kittisak Chaiyasit,OUTPATIENT,H10.9,761,589,APPROVED,2024-05-29,2024-06-14,Tran Van Minh,Prudential Life,Thailand
CLM-02189,POL-02245,Chaiwat Boonmee,OUTPATIENT,L30.9,3468,2519,APPROVED,2024-03-09,2024-03-12,Nguyen Thi Lan,FWD Group,Thailand
CLM-02190,POL-00607,Leung Wai Yan,OUTPATIENT,A90,2422,2162,APPROVED,2024-10-16,2024-10-21,Somchai Wattana,Prudential Life,Hong Kong
CLM-02191,POL-00018,Leung Wai Yan,DENTAL,K02.9,1775,1754,APPROVED,2024-08-25,2024-08-31,Tran Van Minh,AIA Insurance,Hong Kong
CLM-02192,POL-01791,Siriporn Boonmee,OUTPATIENT,L30.9,5797,4534,APPROVED,2024-03-24,2024-04-04,Wong Ka Ming,FWD Group,Thailand
CLM-02193,POL-02064,Pranee Chaiyasit,OUTPATIENT,I10,2285,1799,APPROVED,2024-05-18,2024-05-23,Somchai Wattana,Prudential Life,Thailand
CLM-02194,POL-01666,Dang Quoc Bao,OUTPATIENT,N39.0,2456,0,REJECTED,2024-12-16,2024-12-19,Pranee Srisuwan,AIA Insurance,Vietnam
CLM-02195,POL-01251,Malee Chaiyasit,OUTPATIENT,J06.9,4131,3598,APPROVED,2024-06-15,2024-06-24,Wong Ka Ming,AIA Insurance,Thailand
CLM-02196,POL-01705,Kittisak Saetang,OUTPATIENT,I10,4920,3565,APPROVED,2024-08-10,2024-08-15,Wong Ka Ming,FWD Group,Thailand
CLM-02197,POL-00763,Somchai Saetang,OUTPATIENT,J45.909,13843,12775,APPROVED,2024-05-05,2024-05-17,Nguyen Thi Lan,Prudential Life,Thailand
CLM-02198,POL-01369,Kanya Boonmee,INPATIENT,E11.9,44408,34405,APPROVED,2024-12-31,2025-01-09,Nguyen Thi Lan,Prudential Life,Thailand
CLM-02199,POL-01810,Ho Kwok Wah,OUTPATIENT,J06.9,500,430,APPROVED,2024-03-23,2024-03-27,Wong Ka Ming,Prudential Life,Hong Kong
CLM-02200,POL-00070,Lau Tsz Ching,INPATIENT,E11.9,307627,0,IN_REVIEW,2024-02-09,2024-02-11,Somchai Wattana,AIA Insurance,Hong Kong
CLM-02201,POL-00847,Nguyen Van An,MATERNITY,O82,111257,0,PENDING,2024-06-11,,Wong Ka Ming,Prudential Life,Vietnam
CLM-02202,POL-01852,Kittisak Saetang,OUTPATIENT,E11.9,732,725,APPROVED,2024-12-22,2025-01-01,Nguyen Thi Lan,Prudential Life,Thailand
CLM-02203,POL-00895,Chan Ho Yin,INPATIENT,A09,21906,0,REJECTED,2024-12-30,2025-01-05,Tran Van Minh,FWD Group,Hong Kong
CLM-02204,POL-00845,Lee Chi Keung,OUTPATIENT,A09,10463,9565,APPROVED,2024-02-19,2024-02-23,Pranee Srisuwan,FWD Group,Hong Kong
CLM-02205,POL-01503,Wong Yuen Man,OUTPATIENT,J06.9,3661,0,PENDING,2024-05-22,,Wong Ka Ming,Prudential Life,Hong Kong
CLM-02206,POL-01282,Leung Mei Ling,OUTPATIENT,A09,16259,13122,APPROVED,2024-07-10,2024-07-20,Wong Ka Ming,Prudential Life,Hong Kong
CLM-02207,POL-00826,Kanya Rattanaporn,DENTAL,K02.9,2109,1582,APPROVED,2024-04-07,2024-04-16,Pranee Srisuwan,FWD Group,Thailand
CLM-02208,POL-01046,Lee Kwok Wah,OUTPATIENT,E11.9,500,377,APPROVED,2024-10-13,2024-10-18,Wong Ka Ming,AIA Insurance,Hong Kong
CLM-02209,POL-00867,Pranee Phongpanich,OUTPATIENT,M54.5,4462,4337,APPROVED,2024-08-30,2024-09-06,Tran Van Minh,AIA Insurance,Thailand
CLM-02210,POL-00156,Anong Phongpanich,OUTPATIENT,M54.5,3985,2834,APPROVED,2024-05-07,2024-05-14,Tran Van Minh,AIA Insurance,Thailand
CLM-02211,POL-00300,Pranee Saetang,DENTAL,K02.9,4046,0,IN_REVIEW,2024-01-02,2024-01-08,Somchai Wattana,FWD Group,Thailand
CLM-02212,POL-00223,Siriporn Boonmee,DENTAL,K04.7,4032,0,REJECTED,2024-03-20,2024-03-28,Pranee Srisuwan,Prudential Life,Thailand
CLM-02213,POL-02387,Malee Wattana,OUTPATIENT,H10.9,1390,0,IN_REVIEW,2024-02-04,2024-02-08,Somchai Wattana,FWD Group,Thailand
CLM-02214,POL-01864,Le Minh Tuan,OUTPATIENT,E11.9,15755,0,IN_REVIEW,2024-11-14,2024-11-19,Pranee Srisuwan,Prudential Life,Vietnam
CLM-02215,POL-01249,Do Van Long,OUTPATIENT,N39.0,5196,0,REJECTED,2024-07-07,2024-07-21,Pranee Srisuwan,AIA Insurance,Vietnam
CLM-02216,POL-01963,Cheung Ho Yin,MATERNITY,O82,169974,168257,APPROVED,2024-01-29,2024-02-02,Nguyen Thi Lan,AIA Insurance,Hong Kong
CLM-02217,POL-01101,Vu Ngoc Anh,DENTAL,K02.9,7274,0,IN_REVIEW,2024-01-24,2024-01-31,Wong Ka Ming,Prudential Life,Vietnam
CLM-02218,POL-01163,Chaiwat Thongdee,INPATIENT,A09,119484,109974,APPROVED,2024-12-04,2024-12-09,Somchai Wattana,AIA Insurance,Thailand
CLM-02219,POL-02042,Cheung Wai Yan,MATERNITY,O80,42563,0,REJECTED,2024-12-20,2024-12-29,Somchai Wattana,FWD Group,Hong Kong
CLM-02220,POL-01872,Ngo Thi Thu,OUTPATIENT,A09,1473,0,PENDING,2024-01-08,,Somchai Wattana,Prudential Life,Vietnam
CLM-02221,POL-01875,Bui Thanh Ha,OUTPATIENT,J06.9,5056,4603,APPROVED,2024-11-08,2024-11-16,Nguyen Thi Lan,FWD Group,Vietnam
CLM-02222,POL-01199,Pranee Rattanaporn,OUTPATIENT,J45.909,1438,1345,APPROVED,2024-05-12,2024-05-15,Pranee Srisuwan,Prudential Life,Thailand
CLM-02223,POL-00040,Tran Thi Mai,OUTPATIENT,A09,3373,2640,APPROVED,2024-03-19,2024-03-23,Wong Ka Ming,AIA Insurance,Vietnam
CLM-02224,POL-01906,Chaiwat Rattanaporn,OUTPATIENT,E11.9,4219,0,REJECTED,2024-02-13,2024-02-16,Wong Ka Ming,Prudential Life,Thailand
CLM-02225,POL-02083,Ho Yuen Man,DENTAL,K05.10,1578,1200,APPROVED,2024-11-16,2024-11-20,Nguyen Thi Lan,FWD Group,Hong Kong
CLM-02226,POL-00926,Cheung Ka Ming,INPATIENT,E11.9,6455,5468,APPROVED,2024-11-23,2024-11-26,Wong Ka Ming,AIA Insurance,Hong Kong
CLM-02227,POL-01087,Siriporn Thongdee,DENTAL,K08.9,4934,0,PENDING,2024-10-03,,Nguyen Thi Lan,AIA Insurance,Thailand
CLM-02228,POL-00773,Leung Siu Fung,INPATIENT,A09,56936,46581,APPROVED,2024-05-05,2024-05-10,Pranee Srisuwan,Prudential Life,Hong Kong
CLM-02229,POL-00102,Tran Thi Mai,INPATIENT,A90,35509,0,IN_REVIEW,2024-11-23,2024-12-06,Pranee Srisuwan,FWD Group,Vietnam
CLM-02230,POL-01951,Prasert Srisuwan,DENTAL,K02.9,6349,0,IN_REVIEW,2024-03-09,2024-03-17,Somchai Wattana,FWD Group,Thailand
CLM-02231,POL-01543,Ho Tsz Ching,MATERNITY,O80,97260,71357,APPROVED,2024-05-01,2024-05-06,Wong Ka Ming,Prudential Life,Hong Kong
CLM-02232,POL-02144,Anong Saetang,OUTPATIENT,A09,8849,6456,APPROVED,2024-05-12,2024-05-18,Somchai Wattana,Prudential Life,Thailand
CLM-02233,POL-01963,Cheung Ho Yin,OUTPATIENT,J06.9,4568,3933,APPROVED,2024-05-25,2024-06-01,Pranee Srisuwan,AIA Insurance,Hong Kong
CLM-02234,POL-00701,Lee Tsz Ching,OUTPATIENT,J06.9,8626,0,REJECTED,2024-06-28,2024-07-01,Pranee Srisuwan,AIA Insurance,Hong Kong
CLM-02235,POL-00279,Cheung Mei Ling,OUTPATIENT,A90,9964,0,REJECTED,2024-03-05,2024-03-11,Wong Ka Ming,AIA Insurance,Hong Kong
CLM-02236,POL-01710,Somchai Chaiyasit,DENTAL,K05.10,10762,0,IN_REVIEW,2024-07-29,2024-08-05,Nguyen Thi Lan,AIA Insurance,Thailand
CLM-02237,POL-00810,Tran Thi Mai,OUTPATIENT,J06.9,2208,1847,APPROVED,2024-01-29,2024-02-04,Somchai Wattana,Prudential Life,Vietnam
CLM-02238,POL-02254,Kittisak Wattana,OUTPATIENT,A09,5129,3980,APPROVED,2024-07-29,2024-08-03,Wong Ka Ming,FWD Group,Thailand
CLM-02239,POL-02276,Le Minh Tuan,OUTPATIENT,I10,14929,12728,APPROVED,2024-07-29,2024-08-05,Wong Ka Ming,Prudential Life,Vietnam
CLM-02240,POL-01032,Kanya Phongpanich,OUTPATIENT,K21.0,9065,8063,APPROVED,2024-02-24,2024-02-29,Somchai Wattana,AIA Insurance,Thailand
CLM-02241,POL-01875,Bui Thanh Ha,OUTPATIENT,J06.9,11272,9723,APPROVED,2024-05-19,2024-05-22,Somchai Wattana,FWD Group,Vietnam
CLM-02242,POL-01684,Chaiwat Wattana,OUTPATIENT,M54.5,5902,5305,APPROVED,2024-10-04,2024-10-10,Somchai Wattana,Prudential Life,Thailand
CLM-02243,POL-01627,Chaiwat Srisuwan,INPATIENT,K35.80,20378,14364,APPROVED,2024-08-23,2024-08-30,Nguyen Thi Lan,AIA Insurance,Thailand
CLM-02244,POL-00134,Niran Saetang,OUTPATIENT,M54.5,2150,2089,APPROVED,2024-06-07,2024-06-24,Nguyen Thi Lan,AIA Insurance,Thailand
CLM-02245,POL-00671,Leung Kwok Wah,DENTAL,K05.10,1877,1616,APPROVED,2024-06-01,2024-06-12,Nguyen Thi Lan,Prudential Life,Hong Kong
CLM-02246,POL-01394,Tran Thi Mai,OUTPATIENT,A09,1538,0,REJECTED,2024-08-18,2024-08-27,Wong Ka Ming,Prudential Life,Vietnam
CLM-02247,POL-00277,Chaiwat Saetang,MATERNITY,O80,90280,0,IN_REVIEW,2024-08-21,2024-08-26,Tran Van Minh,AIA Insurance,Thailand
CLM-02248,POL-01992,Hoang Duc Thang,OUTPATIENT,N39.0,895,702,APPROVED,2024-12-18,2024-12-22,Nguyen Thi Lan,AIA Insurance,Vietnam
CLM-02249,POL-01447,Pranee Phongpanich,OUTPATIENT,J06.9,4345,4177,APPROVED,2024-11-29,2024-12-10,Wong Ka Ming,AIA Insurance,Thailand
CLM-02250,POL-00609,Bui Thanh Ha,OUTPATIENT,I10,1710,0,PENDING,2024-07-20,,Pranee Srisuwan,Prudential Life,Vietnam
CLM-02251,POL-00367,Chaiwat Wattana,OUTPATIENT,K21.0,8180,7770,APPROVED,2024-12-29,2025-01-05,Somchai Wattana,FWD Group,Thailand
CLM-02252,POL-00353,Chaiwat Phongpanich,DENTAL,K02.9,4516,3544,APPROVED,2024-11-21,2024-11-24,Somchai Wattana,AIA Insurance,Thailand
CLM-02253,POL-02075,Vu Ngoc Anh,OUTPATIENT,A90,2530,2473,APPROVED,2024-12-31,2025-01-03,Tran Van Minh,AIA Insurance,Vietnam
CLM-02254,POL-00376,Bui Thanh Ha,MATERNITY,O80,72643,54135,APPROVED,2024-11-01,2024-11-09,Nguyen Thi Lan,AIA Insurance,Vietnam
CLM-02255,POL-01591,Wong Chi Keung,INPATIENT,E11.9,127143,0,IN_REVIEW,2024-07-14,2024-07-18,Somchai Wattana,AIA Insurance,Hong Kong
CLM-02256,POL-00763,Somchai Saetang,OUTPATIENT,J06.9,12093,0,REJECTED,2024-07-01,2024-07-06,Wong Ka Ming,Prudential Life,Thailand
CLM-02257,POL-01240,Dang Quoc Bao,OUTPATIENT,E11.9,7567,5516,APPROVED,2024-12-27,2025-01-01,Tran Van Minh,FWD Group,Vietnam
CLM-02258,POL-00719,Le Minh Tuan,OUTPATIENT,A09,3059,2577,APPROVED,2024-03-14,2024-03-20,Somchai Wattana,AIA Insurance,Vietnam
CLM-02259,POL-01264,Bui Thanh Ha,OUTPATIENT,M54.5,4168,4014,APPROVED,2024-07-28,2024-08-03,Tran Van Minh,Prudential Life,Vietnam
CLM-02260,POL-02021,Pham Thu Huong,OUTPATIENT,J45.909,2320,0,PENDING,2024-09-18,,Tran Van Minh,FWD Group,Vietnam
CLM-02261,POL-02055,Hoang Duc Thang,MATERNITY,O82,91234,0,REJECTED,2024-09-13,2024-09-17,Nguyen Thi Lan,AIA Insurance,Vietnam
CLM-02262,POL-01369,Kanya Boonmee,OUTPATIENT,H10.9,12774,10871,APPROVED,2024-01-10,2024-02-08,Nguyen Thi Lan,Prudential Life,Thailand
CLM-02263,POL-01695,Tran Thi Mai,OUTPATIENT,L30.9,8645,8480,APPROVED,2024-03-23,2024-03-29,Somchai Wattana,AIA Insurance,Vietnam
CLM-02264,POL-01031,Vu Ngoc Anh,INPATIENT,A90,128700,90589,APPROVED,2024-11-25,2024-12-08,Wong Ka Ming,AIA Insurance,Vietnam
CLM-02265,POL-01906,Chaiwat Rattanaporn,INPATIENT,J45.909,9864,9239,APPROVED,2024-09-01,2024-09-11,Tran Van Minh,Prudential Life,Thailand
CLM-02266,POL-01461,Pham Thu Huong,DENTAL,K08.9,19712,16599,APPROVED,2024-10-22,2024-10-27,Somchai Wattana,Prudential Life,Vietnam
CLM-02267,POL-02264,Le Minh Tuan,OUTPATIENT,M54.5,1696,1567,APPROVED,2024-01-08,2024-01-12,Somchai Wattana,FWD Group,Vietnam
CLM-02268,POL-01576,Le Minh Tuan,INPATIENT,E11.9,137450,0,IN_REVIEW,2024-12-02,2024-12-09,Nguyen Thi Lan,FWD Group,Vietnam
CLM-02269,POL-02010,Hoang Duc Thang,DENTAL,K05.10,7602,6546,APPROVED,2024-01-03,2024-01-08,Tran Van Minh,AIA Insurance,Vietnam
CLM-02270,POL-00881,Prasert Saetang,OUTPATIENT,A90,2548,2326,APPROVED,2024-09-27,2024-10-03,Somchai Wattana,AIA Insurance,Thailand
CLM-02271,POL-00925,Do Van Long,OUTPATIENT,J06.9,6186,0,REJECTED,2024-03-21,2024-04-10,Tran Van Minh,Prudential Life,Vietnam
CLM-02272,POL-00019,Siriporn Saetang,DENTAL,K02.9,4029,0,PENDING,2024-01-09,,Tran Van Minh,AIA Insurance,Thailand
CLM-02273,POL-01103,Pranee Rattanaporn,MATERNITY,O80,20539,0,REJECTED,2024-05-08,2024-05-20,Somchai Wattana,Prudential Life,Thailand
CLM-02274,POL-01347,Ngo Thi Thu,OUTPATIENT,J45.909,723,0,IN_REVIEW,2024-08-07,2024-08-10,Wong Ka Ming,AIA Insurance,Vietnam
CLM-02275,POL-02250,Chan Chi Keung,OUTPATIENT,J06.9,3191,0,REJECTED,2024-08-19,2024-08-31,Somchai Wattana,AIA Insurance,Hong Kong
CLM-02276,POL-02386,Pham Thu Huong,MATERNITY,O80,30271,22314,APPROVED,2024-11-25,2024-12-05,Somchai Wattana,AIA Insurance,Vietnam
CLM-02277,POL-02344,Pranee Chaiyasit,INPATIENT,J45.909,277563,213794,APPROVED,2024-06-18,2024-07-03,Somchai Wattana,AIA Insurance,Thailand
CLM-02278,POL-00668,Prasert Wattana,OUTPATIENT,H10.9,1851,1579,APPROVED,2024-02-24,2024-03-10,Wong Ka Ming,Prudential Life,Thailand
CLM-02279,POL-01729,Vu Ngoc Anh,OUTPATIENT,K21.0,19638,15667,APPROVED,2024-06-14,2024-06-17,Tran Van Minh,Prudential Life,Vietnam
CLM-02280,POL-01412,Kanya Phongpanich,OUTPATIENT,N39.0,3144,3108,APPROVED,2024-01-09,2024-01-24,Nguyen Thi Lan,AIA Insurance,Thailand
CLM-02281,POL-00618,Siriporn Boonmee,OUTPATIENT,N39.0,2303,0,REJECTED,2024-01-11,2024-01-15,Nguyen Thi Lan,AIA Insurance,Thailand
CLM-02282,POL-00116,Vu Ngoc Anh,DENTAL,K02.9,9992,8490,APPROVED,2024-05-03,2024-05-08,Tran Van Minh,FWD Group,Vietnam
CLM-02283,POL-00021,Lau Tsz Ching,INPATIENT,A09,71436,0,IN_REVIEW,2024-01-24,2024-02-01,Nguyen Thi Lan,FWD Group,Hong Kong
CLM-02284,POL-02185,Lau Tsz Ching,INPATIENT,J45.909,80170,63984,APPROVED,2024-09-22,2024-09-25,Pranee Srisuwan,Prudential Life,Hong Kong
CLM-02285,POL-02281,Lee Tsz Ching,OUTPATIENT,A09,4163,0,REJECTED,2024-04-23,2024-05-05,Nguyen Thi Lan,FWD Group,Hong Kong
CLM-02286,POL-01804,Tran Thi Mai,OUTPATIENT,J06.9,4168,3489,APPROVED,2024-01-20,2024-01-24,Somchai Wattana,Prudential Life,Vietnam
CLM-02287,POL-00463,Pranee Boonmee,OUTPATIENT,M54.5,6142,4434,APPROVED,2024-04-24,2024-05-07,Pranee Srisuwan,Prudential Life,Thailand
CLM-02288,POL-02023,Wong Mei Ling,OUTPATIENT,M54.5,2671,0,IN_REVIEW,2024-01-09,2024-01-12,Tran Van Minh,AIA Insurance,Hong Kong
CLM-02289,POL-01001,Siriporn Srisuwan,INPATIENT,J45.909,87206,71768,APPROVED,2024-07-28,2024-08-04,Tran Van Minh,AIA Insurance,Thailand
CLM-02290,POL-00062,Siriporn Wattana,DENTAL,K04.7,1310,1304,APPROVED,2024-08-10,2024-08-14,Somchai Wattana,AIA Insurance,Thailand
CLM-02291,POL-00544,Anong Saetang,OUTPATIENT,A09,14863,0,REJECTED,2024-12-09,2024-12-16,Somchai Wattana,AIA Insurance,Thailand
CLM-02292,POL-00386,Siriporn Thongdee,OUTPATIENT,E11.9,3486,0,PENDING,2024-05-23,,Somchai Wattana,AIA Insurance,Thailand
CLM-02293,POL-02186,Anong Rattanaporn,OUTPATIENT,J06.9,2243,1920,APPROVED,2024-05-30,2024-06-16,Wong Ka Ming,AIA Insurance,Thailand
CLM-02294,POL-01632,Wong Sau Lan,DENTAL,K02.9,12795,11691,APPROVED,2024-04-13,2024-04-21,Nguyen Thi Lan,AIA Insurance,Hong Kong
CLM-02295,POL-00328,Leung Tsz Ching,OUTPATIENT,J45.909,7797,0,PENDING,2024-01-31,,Tran Van Minh,FWD Group,Hong Kong
CLM-02296,POL-00362,Tran Thi Mai,OUTPATIENT,M54.5,801,750,APPROVED,2024-12-04,2024-12-07,Nguyen Thi Lan,FWD Group,Vietnam
CLM-02297,POL-01667,Do Van Long,MATERNITY,O82,90510,80496,APPROVED,2024-09-03,2024-09-07,Pranee Srisuwan,AIA Insurance,Vietnam
CLM-02298,POL-00047,Ho Ho Yin,MATERNITY,O80,12993,0,REJECTED,2024-09-05,2024-09-12,Wong Ka Ming,Prudential Life,Hong Kong
CLM-02299,POL-01277,Ngo Thi Thu,INPATIENT,S72.001A,22886,0,REJECTED,2024-03-21,2024-03-29,Tran Van Minh,AIA Insurance,Vietnam
CLM-02300,POL-00626,Somchai Boonmee,OUTPATIENT,A09,3804,3321,APPROVED,2024-01-18,2024-02-04,Nguyen Thi Lan,FWD Group,Thailand
CLM-02301,POL-02108,Malee Phongpanich,DENTAL,K05.10,3691,3550,APPROVED,2024-08-12,2024-08-18,Somchai Wattana,Prudential Life,Thailand
CLM-02302,POL-00937,Anong Wattana,OUTPATIENT,J06.9,500,0,REJECTED,2024-01-26,2024-02-01,Pranee Srisuwan,Prudential Life,Thailand
CLM-02303,POL-00489,Le Minh Tuan,OUTPATIENT,J06.9,2142,1784,APPROVED,2024-01-06,2024-01-09,Tran Van Minh,Prudential Life,Vietnam
CLM-02304,POL-01572,Le Minh Tuan,OUTPATIENT,I10,1015,0,REJECTED,2024-07-28,2024-08-02,Somchai Wattana,Prudential Life,Vietnam
CLM-02305,POL-00244,Wong Yuen Man,OUTPATIENT,L30.9,2336,1704,APPROVED,2024-01-18,2024-02-01,Pranee Srisuwan,FWD Group,Hong Kong
CLM-02306,POL-00108,Malee Boonmee,DENTAL,K02.9,5831,4105,APPROVED,2024-04-04,2024-04-11,Somchai Wattana,FWD Group,Thailand
CLM-02307,POL-00585,Prasert Wattana,INPATIENT,E11.9,238499,172280,APPROVED,2024-03-16,2024-03-27,Wong Ka Ming,Prudential Life,Thailand
CLM-02308,POL-00252,Vu Ngoc Anh,OUTPATIENT,I10,2118,0,IN_REVIEW,2024-02-26,2024-03-07,Somchai Wattana,Prudential Life,Vietnam
CLM-02309,POL-01342,Pranee Rattanaporn,DENTAL,K04.7,6692,6273,APPROVED,2024-02-12,2024-02-17,Pranee Srisuwan,FWD Group,Thailand
CLM-02310,POL-01239,Ho Ho Yin,INPATIENT,N39.0,245084,0,REJECTED,2024-10-22,2024-10-29,Somchai Wattana,AIA Insurance,Hong Kong
CLM-02311,POL-00429,Dang Quoc Bao,OUTPATIENT,N39.0,3945,3785,APPROVED,2024-09-22,2024-09-26,Somchai Wattana,Prudential Life,Vietnam
CLM-02312,POL-01457,Kanya Saetang,OUTPATIENT,A09,1202,998,APPROVED,2024-07-15,2024-07-21,Wong Ka Ming,AIA Insurance,Thailand
CLM-02313,POL-01146,Leung Wai Yan,OUTPATIENT,E11.9,4960,4944,APPROVED,2024-05-25,2024-05-30,Pranee Srisuwan,AIA Insurance,Hong Kong
CLM-02314,POL-01940,Malee Phongpanich,OUTPATIENT,L30.9,7392,6605,APPROVED,2024-11-24,2024-11-27,Pranee Srisuwan,FWD Group,Thailand
CLM-02315,POL-01997,Ngo Thi Thu,INPATIENT,E11.9,35755,0,REJECTED,2024-03-11,2024-03-21,Nguyen Thi Lan,Prudential Life,Vietnam
CLM-02316,POL-01271,Nguyen Van An,OUTPATIENT,M54.5,2236,1867,APPROVED,2024-02-10,2024-02-25,Somchai Wattana,Prudential Life,Vietnam
CLM-02317,POL-00992,Kanya Phongpanich,OUTPATIENT,I10,2099,0,REJECTED,2024-04-06,2024-04-09,Nguyen Thi Lan,AIA Insurance,Thailand
CLM-02318,POL-00872,Wong Chi Keung,OUTPATIENT,N39.0,4016,3576,APPROVED,2024-02-09,2024-02-20,Somchai Wattana,FWD Group,Hong Kong
CLM-02319,POL-00588,Niran Boonmee,DENTAL,K08.9,11327,9796,APPROVED,2024-11-08,2024-11-12,Nguyen Thi Lan,AIA Insurance,Thailand
CLM-02320,POL-01204,Lau Kwok Wah,OUTPATIENT,J06.9,14958,0,REJECTED,2024-01-08,2024-01-12,Pranee Srisuwan,Prudential Life,Hong Kong
CLM-02321,POL-01471,Ng Tsz Ching,INPATIENT,E11.9,12184,11620,APPROVED,2024-04-21,2024-04-26,Pranee Srisuwan,FWD Group,Hong Kong
CLM-02322,POL-00955,Siriporn Srisuwan,OUTPATIENT,H10.9,1494,1444,APPROVED,2024-05-29,2024-06-01,Somchai Wattana,Prudential Life,Thailand
CLM-02323,POL-01802,Hoang Duc Thang,INPATIENT,J18.9,56728,0,PENDING,2024-01-20,,Wong Ka Ming,AIA Insurance,Vietnam
CLM-02324,POL-02032,Somchai Phongpanich,OUTPATIENT,N39.0,3841,0,IN_REVIEW,2024-02-10,2024-02-14,Tran Van Minh,Prudential Life,Thailand
CLM-02325,POL-01305,Hoang Duc Thang,INPATIENT,J18.9,22352,18898,APPROVED,2024-05-16,2024-05-21,Pranee Srisuwan,AIA Insurance,Vietnam
CLM-02326,POL-01087,Siriporn Thongdee,INPATIENT,A09,60318,0,PENDING,2024-04-22,,Nguyen Thi Lan,AIA Insurance,Thailand
CLM-02327,POL-01984,Niran Saetang,OUTPATIENT,E11.9,2619,0,PENDING,2024-08-25,,Nguyen Thi Lan,Prudential Life,Thailand
CLM-02328,POL-01379,Nguyen Van An,OUTPATIENT,J06.9,4038,0,PENDING,2024-10-05,,Pranee Srisuwan,AIA Insurance,Vietnam
CLM-02329,POL-00141,Kittisak Phongpanich,OUTPATIENT,I10,2831,0,IN_REVIEW,2024-12-05,2024-12-11,Wong Ka Ming,Prudential Life,Thailand
CLM-02330,POL-01372,Ngo Thi Thu,OUTPATIENT,I10,6428,0,REJECTED,2024-11-14,2024-11-18,Pranee Srisuwan,Prudential Life,Vietnam
CLM-02331,POL-01018,Le Minh Tuan,DENTAL,K04.7,6030,4411,APPROVED,2024-01-10,2024-01-14,Wong Ka Ming,AIA Insurance,Vietnam
CLM-02332,POL-01429,Kittisak Phongpanich,OUTPATIENT,J06.9,4007,0,REJECTED,2024-12-17,2024-12-19,Tran Van Minh,AIA Insurance,Thailand
CLM-02333,POL-01355,Vu Ngoc Anh,OUTPATIENT,K21.0,1071,852,APPROVED,2024-11-10,2024-11-15,Nguyen Thi Lan,AIA Insurance,Vietnam
CLM-02334,POL-00782,Niran Boonmee,OUTPATIENT,J06.9,10512,8368,APPROVED,2024-12-14,2024-12-22,Nguyen Thi Lan,AIA Insurance,Thailand
CLM-02335,POL-00735,Leung Mei Ling,INPATIENT,A09,171527,0,IN_REVIEW,2024-01-27,2024-01-29,Tran Van Minh,Prudential Life,Hong Kong
CLM-02336,POL-01108,Prasert Thongdee,OUTPATIENT,K21.0,2079,1648,APPROVED,2024-03-18,2024-04-02,Tran Van Minh,AIA Insurance,Thailand
CLM-02337,POL-00306,Pham Thu Huong,OUTPATIENT,L30.9,2934,2652,APPROVED,2024-07-04,2024-07-15,Somchai Wattana,FWD Group,Vietnam
CLM-02338,POL-01477,Pranee Phongpanich,OUTPATIENT,I10,500,389,APPROVED,2024-07-30,2024-08-11,Wong Ka Ming,AIA Insurance,Thailand
CLM-02339,POL-01036,Chaiwat Rattanaporn,OUTPATIENT,I10,8209,0,IN_REVIEW,2024-05-27,2024-05-30,Somchai Wattana,Prudential Life,Thailand
CLM-02340,POL-00073,Niran Boonmee,OUTPATIENT,J06.9,1143,0,PENDING,2024-08-24,,Wong Ka Ming,AIA Insurance,Thailand
CLM-02341,POL-00029,Malee Wattana,OUTPATIENT,I10,7009,6515,APPROVED,2024-08-07,2024-08-20,Pranee Srisuwan,Prudential Life,Thailand
CLM-02342,POL-00324,Vu Ngoc Anh,INPATIENT,A09,297399,0,REJECTED,2024-04-08,2024-04-13,Somchai Wattana,Prudential Life,Vietnam
CLM-02343,POL-01953,Le Minh Tuan,OUTPATIENT,L30.9,50731,0,IN_REVIEW,2024-01-22,2024-01-25,Nguyen Thi Lan,FWD Group,Vietnam
CLM-02344,POL-01065,Dang Quoc Bao,DENTAL,K05.10,1531,1397,APPROVED,2024-03-09,2024-03-12,Wong Ka Ming,Prudential Life,Vietnam
CLM-02345,POL-00447,Somchai Rattanaporn,MATERNITY,O82,32361,0,IN_REVIEW,2024-03-12,2024-03-19,Pranee Srisuwan,Prudential Life,Thailand
CLM-02346,POL-00152,Niran Saetang,OUTPATIENT,K21.0,10433,9757,APPROVED,2024-04-15,2024-04-16,Pranee Srisuwan,AIA Insurance,Thailand
CLM-02347,POL-02263,Ho Yuen Man,MATERNITY,O82,36326,29156,APPROVED,2024-01-14,2024-01-19,Nguyen Thi Lan,FWD Group,Hong Kong
CLM-02348,POL-02004,Leung Sau Lan,OUTPATIENT,J06.9,801,0,IN_REVIEW,2024-08-13,2024-08-16,Pranee Srisuwan,AIA Insurance,Hong Kong
CLM-02349,POL-00362,Tran Thi Mai,OUTPATIENT,L30.9,8040,8028,APPROVED,2024-08-10,2024-08-14,Tran Van Minh,FWD Group,Vietnam
CLM-02350,POL-01276,Somchai Thongdee,DENTAL,K05.10,27636,22401,APPROVED,2024-10-14,2024-10-19,Nguyen Thi Lan,Prudential Life,Thailand
CLM-02351,POL-01900,Ngo Thi Thu,OUTPATIENT,H10.9,3009,2202,APPROVED,2024-11-11,2024-11-13,Somchai Wattana,AIA Insurance,Vietnam
CLM-02352,POL-00134,Niran Saetang,OUTPATIENT,A09,13866,12746,APPROVED,2024-02-20,2024-02-23,Nguyen Thi Lan,AIA Insurance,Thailand
CLM-02353,POL-00475,Le Minh Tuan,MATERNITY,O80,33923,0,REJECTED,2024-11-29,2024-12-02,Tran Van Minh,Prudential Life,Vietnam
CLM-02354,POL-00154,Wong Mei Ling,DENTAL,K04.7,8245,5782,APPROVED,2024-12-12,2024-12-17,Nguyen Thi Lan,Prudential Life,Hong Kong
CLM-02355,POL-00038,Malee Phongpanich,INPATIENT,A90,117009,103922,APPROVED,2024-09-18,2024-09-24,Wong Ka Ming,AIA Insurance,Thailand
CLM-02356,POL-02026,Bui Thanh Ha,OUTPATIENT,J06.9,5104,4547,APPROVED,2024-11-15,2024-11-20,Tran Van Minh,Prudential Life,Vietnam
CLM-02357,POL-01912,Leung Mei Ling,INPATIENT,A90,21266,18770,APPROVED,2024-09-06,2024-09-09,Somchai Wattana,FWD Group,Hong Kong
CLM-02358,POL-01997,Ngo Thi Thu,MATERNITY,O82,149319,0,REJECTED,2024-02-23,2024-02-28,Somchai Wattana,Prudential Life,Vietnam
CLM-02359,POL-01457,Kanya Saetang,DENTAL,K04.7,2302,1989,APPROVED,2024-05-12,2024-05-18,Wong Ka Ming,AIA Insurance,Thailand
CLM-02360,POL-01695,Tran Thi Mai,INPATIENT,S72.001A,197863,162037,APPROVED,2024-12-09,2024-12-16,Wong Ka Ming,AIA Insurance,Vietnam
CLM-02361,POL-00402,Chan Mei Ling,OUTPATIENT,A90,1076,0,IN_REVIEW,2024-05-26,2024-06-04,Pranee Srisuwan,Prudential Life,Hong Kong
CLM-02362,POL-00164,Pham Thu Huong,OUTPATIENT,A09,5350,4610,APPROVED,2024-05-24,2024-05-28,Tran Van Minh,AIA Insurance,Vietnam
CLM-02363,POL-01522,Cheung Ho Yin,INPATIENT,A90,24830,0,IN_REVIEW,2024-05-21,2024-05-29,Pranee Srisuwan,FWD Group,Hong Kong
CLM-02364,POL-01317,Le Minh Tuan,DENTAL,K05.10,5941,5316,APPROVED,2024-04-03,2024-04-07,Wong Ka Ming,FWD Group,Vietnam
CLM-02365,POL-02186,Anong Rattanaporn,OUTPATIENT,J06.9,19189,17326,APPROVED,2024-05-08,2024-05-14,Pranee Srisuwan,AIA Insurance,Thailand
CLM-02366,POL-02219,Pranee Wattana,INPATIENT,S72.001A,9408,7766,APPROVED,2024-10-07,2024-10-11,Tran Van Minh,AIA Insurance,Thailand
CLM-02367,POL-01361,Ngo Thi Thu,INPATIENT,A90,31894,27384,APPROVED,2024-10-21,2024-10-24,Nguyen Thi Lan,FWD Group,Vietnam
CLM-02368,POL-01209,Prasert Phongpanich,OUTPATIENT,L30.9,1237,983,APPROVED,2024-08-09,2024-08-16,Pranee Srisuwan,Prudential Life,Thailand
CLM-02369,POL-02392,Leung Ka Ming,OUTPATIENT,E11.9,2257,1716,APPROVED,2024-08-23,2024-08-28,Somchai Wattana,Prudential Life,Hong Kong
CLM-02370,POL-00129,Kanya Boonmee,OUTPATIENT,J06.9,2877,2840,APPROVED,2024-01-03,2024-01-07,Nguyen Thi Lan,Prudential Life,Thailand
CLM-02371,POL-02018,Lee Siu Fung,OUTPATIENT,J06.9,8458,6290,APPROVED,2024-06-13,2024-06-17,Nguyen Thi Lan,AIA Insurance,Hong Kong
CLM-02372,POL-00142,Malee Wattana,INPATIENT,J45.909,25036,20545,APPROVED,2024-11-12,2024-11-22,Nguyen Thi Lan,Prudential Life,Thailand
CLM-02373,POL-00041,Ho Tsz Ching,DENTAL,K02.9,2871,0,REJECTED,2024-04-24,2024-05-06,Nguyen Thi Lan,AIA Insurance,Hong Kong
CLM-02374,POL-00135,Pranee Boonmee,OUTPATIENT,A09,9660,0,REJECTED,2024-10-16,2024-10-19,Wong Ka Ming,AIA Insurance,Thailand
CLM-02375,POL-01992,Hoang Duc Thang,INPATIENT,A09,202005,0,IN_REVIEW,2024-03-03,2024-03-08,Somchai Wattana,AIA Insurance,Vietnam
CLM-02376,POL-01838,Ng Tsz Ching,MATERNITY,O82,158287,144908,APPROVED,2024-09-11,2024-09-28,Tran Van Minh,AIA Insurance,Hong Kong
CLM-02377,POL-01045,Tran Thi Mai,INPATIENT,J18.9,20836,17370,APPROVED,2024-01-01,2024-01-04,Nguyen Thi Lan,Prudential Life,Vietnam
CLM-02378,POL-01267,Pham Thu Huong,OUTPATIENT,J06.9,1323,1047,APPROVED,2024-12-30,2024-12-31,Nguyen Thi Lan,Prudential Life,Vietnam
CLM-02379,POL-00148,Siriporn Wattana,OUTPATIENT,J06.9,2381,0,IN_REVIEW,2024-10-15,2024-10-24,Somchai Wattana,AIA Insurance,Thailand
CLM-02380,POL-02240,Pranee Saetang,OUTPATIENT,J45.909,5477,0,REJECTED,2024-07-26,2024-08-04,Pranee Srisuwan,Prudential Life,Thailand
CLM-02381,POL-00912,Prasert Srisuwan,OUTPATIENT,H10.9,2084,1820,APPROVED,2024-08-08,2024-08-19,Tran Van Minh,Prudential Life,Thailand
CLM-02382,POL-02018,Lee Siu Fung,INPATIENT,E11.9,261659,0,REJECTED,2024-02-14,2024-02-20,Nguyen Thi Lan,AIA Insurance,Hong Kong
CLM-02383,POL-01142,Vu Ngoc Anh,OUTPATIENT,A09,5181,4804,APPROVED,2024-10-22,2024-10-24,Pranee Srisuwan,Prudential Life,Vietnam
CLM-02384,POL-02279,Nguyen Van An,OUTPATIENT,E11.9,6250,5187,APPROVED,2024-06-27,2024-07-01,Nguyen Thi Lan,AIA Insurance,Vietnam
CLM-02385,POL-01001,Siriporn Srisuwan,OUTPATIENT,J06.9,5190,4658,APPROVED,2024-09-08,2024-09-13,Somchai Wattana,AIA Insurance,Thailand
CLM-02386,POL-00696,Kanya Wattana,MATERNITY,O82,63143,61816,APPROVED,2024-09-19,2024-09-22,Nguyen Thi Lan,Prudential Life,Thailand
CLM-02387,POL-00037,Bui Thanh Ha,OUTPATIENT,K21.0,1993,1787,APPROVED,2024-12-29,2025-01-01,Somchai Wattana,AIA Insurance,Vietnam
CLM-02388,POL-01717,Wong Chi Keung,OUTPATIENT,J06.9,9697,8272,APPROVED,2024-08-04,2024-08-12,Wong Ka Ming,AIA Insurance,Hong Kong
CLM-02389,POL-00535,Ho Wai Yan,OUTPATIENT,A09,2150,1795,APPROVED,2024-06-25,2024-06-29,Nguyen Thi Lan,FWD Group,Hong Kong
CLM-02390,POL-01202,Ng Chi Keung,OUTPATIENT,A09,15158,14900,APPROVED,2024-06-11,2024-06-17,Wong Ka Ming,Prudential Life,Hong Kong
CLM-02391,POL-01246,Kanya Thongdee,OUTPATIENT,M54.5,1693,0,REJECTED,2024-07-17,2024-07-24,Somchai Wattana,Prudential Life,Thailand
CLM-02392,POL-02141,Do Van Long,DENTAL,K05.10,6222,5355,APPROVED,2024-05-23,2024-05-28,Somchai Wattana,AIA Insurance,Vietnam
CLM-02393,POL-00950,Tran Thi Mai,OUTPATIENT,J06.9,825,0,REJECTED,2024-10-25,2024-10-27,Pranee Srisuwan,Prudential Life,Vietnam
CLM-02394,POL-00215,Siriporn Saetang,OUTPATIENT,H10.9,1707,1254,APPROVED,2024-04-23,2024-04-26,Somchai Wattana,Prudential Life,Thailand
CLM-02395,POL-02159,Wong Ho Yin,OUTPATIENT,A09,2418,0,PENDING,2024-01-10,,Tran Van Minh,Prudential Life,Hong Kong
CLM-02396,POL-01034,Niran Rattanaporn,OUTPATIENT,M54.5,1966,1585,APPROVED,2024-12-15,2024-12-23,Pranee Srisuwan,AIA Insurance,Thailand
CLM-02397,POL-01987,Prasert Thongdee,DENTAL,K08.9,2806,2805,APPROVED,2024-01-10,2024-01-16,Wong Ka Ming,FWD Group,Thailand
CLM-02398,POL-00068,Siriporn Saetang,OUTPATIENT,I10,6016,5857,APPROVED,2024-08-16,2024-08-22,Tran Van Minh,Prudential Life,Thailand
CLM-02399,POL-01093,Pranee Srisuwan,OUTPATIENT,J06.9,2768,2737,APPROVED,2024-04-11,2024-04-17,Wong Ka Ming,AIA Insurance,Thailand
CLM-02400,POL-01882,Lau Tsz Ching,DENTAL,K02.9,7412,6393,APPROVED,2024-04-21,2024-04-26,Pranee Srisuwan,FWD Group,Hong Kong
CLM-02401,POL-01083,Ng Mei Ling,OUTPATIENT,M54.5,1595,1577,APPROVED,2024-07-09,2024-07-19,Wong Ka Ming,AIA Insurance,Hong Kong
CLM-02402,POL-01856,Le Minh Tuan,INPATIENT,A09,189752,164930,APPROVED,2024-11-07,2024-11-12,Pranee Srisuwan,AIA Insurance,Vietnam
CLM-02403,POL-00474,Lee Ka Ming,DENTAL,K08.9,8240,0,PENDING,2024-12-07,,Pranee Srisuwan,FWD Group,Hong Kong
CLM-02404,POL-01346,Lau Kwok Wah,OUTPATIENT,A09,3528,0,IN_REVIEW,2024-03-15,2024-03-26,Nguyen Thi Lan,AIA Insurance,Hong Kong
CLM-02405,POL-01821,Siriporn Phongpanich,DENTAL,K04.7,3518,0,PENDING,2024-07-31,,Wong Ka Ming,FWD Group,Thailand
CLM-02406,POL-00549,Leung Sau Lan,INPATIENT,A90,37428,0,REJECTED,2024-11-11,2024-11-21,Tran Van Minh,AIA Insurance,Hong Kong
CLM-02407,POL-01344,Cheung Chi Keung,OUTPATIENT,A09,1819,0,REJECTED,2024-10-14,2024-10-16,Somchai Wattana,Prudential Life,Hong Kong
CLM-02408,POL-01325,Lee Kwok Wah,OUTPATIENT,A09,9255,8365,APPROVED,2024-07-22,2024-07-28,Tran Van Minh,FWD Group,Hong Kong
CLM-02409,POL-01739,Do Van Long,INPATIENT,A09,26622,19080,APPROVED,2024-07-18,2024-08-08,Tran Van Minh,AIA Insurance,Vietnam
CLM-02410,POL-00828,Kittisak Srisuwan,DENTAL,K02.9,8889,8325,APPROVED,2024-10-11,2024-10-24,Pranee Srisuwan,AIA Insurance,Thailand
CLM-02411,POL-01930,Siriporn Boonmee,MATERNITY,O82,117395,91548,APPROVED,2024-08-31,2024-09-06,Tran Van Minh,Prudential Life,Thailand
CLM-02412,POL-00027,Dang Quoc Bao,OUTPATIENT,A09,7847,7827,APPROVED,2024-02-22,2024-03-13,Somchai Wattana,AIA Insurance,Vietnam
CLM-02413,POL-00308,Tran Thi Mai,INPATIENT,J18.9,632271,513853,APPROVED,2024-06-13,2024-06-22,Wong Ka Ming,FWD Group,Vietnam
CLM-02414,POL-01046,Lee Kwok Wah,DENTAL,K05.10,7671,7582,APPROVED,2024-08-20,2024-08-24,Somchai Wattana,AIA Insurance,Hong Kong
CLM-02415,POL-02125,Kanya Phongpanich,OUTPATIENT,H10.9,4817,3856,APPROVED,2024-10-05,2024-10-20,Nguyen Thi Lan,Prudential Life,Thailand
CLM-02416,POL-02252,Pranee Saetang,OUTPATIENT,A09,500,377,APPROVED,2024-03-24,2024-04-07,Pranee Srisuwan,Prudential Life,Thailand
CLM-02417,POL-01462,Dang Quoc Bao,OUTPATIENT,A09,1336,0,PENDING,2024-07-13,,Nguyen Thi Lan,AIA Insurance,Vietnam
CLM-02418,POL-01490,Dang Quoc Bao,INPATIENT,A09,45187,31664,APPROVED,2024-11-12,2024-11-18,Somchai Wattana,Prudential Life,Vietnam
CLM-02419,POL-00269,Do Van Long,MATERNITY,O80,36883,0,REJECTED,2024-09-02,2024-09-07,Somchai Wattana,AIA Insurance,Vietnam
CLM-02420,POL-01831,Le Minh Tuan,OUTPATIENT,E11.9,2668,2421,APPROVED,2024-07-03,2024-07-08,Somchai Wattana,AIA Insurance,Vietnam
CLM-02421,POL-00817,Do Van Long,OUTPATIENT,A09,7585,5976,APPROVED,2024-11-07,2024-11-11,Somchai Wattana,FWD Group,Vietnam
CLM-02422,POL-01268,Prasert Wattana,DENTAL,K02.9,42275,31528,APPROVED,2024-02-21,2024-03-01,Nguyen Thi Lan,FWD Group,Thailand
CLM-02423,POL-00842,Anong Phongpanich,MATERNITY,O80,71674,70875,APPROVED,2024-11-15,2024-11-17,Wong Ka Ming,AIA Insurance,Thailand
CLM-02424,POL-00046,Chaiwat Chaiyasit,OUTPATIENT,I10,1389,1169,APPROVED,2024-01-19,2024-01-24,Wong Ka Ming,AIA Insurance,Thailand
CLM-02425,POL-00389,Dang Quoc Bao,DENTAL,K05.10,7409,6219,APPROVED,2024-01-22,2024-01-26,Nguyen Thi Lan,Prudential Life,Vietnam
CLM-02426,POL-02001,Niran Thongdee,OUTPATIENT,J06.9,1015,743,APPROVED,2024-12-03,2024-12-06,Pranee Srisuwan,Prudential Life,Thailand
CLM-02427,POL-02301,Dang Quoc Bao,INPATIENT,S72.001A,115219,94034,APPROVED,2024-01-05,2024-01-18,Somchai Wattana,AIA Insurance,Vietnam
CLM-02428,POL-01209,Prasert Phongpanich,OUTPATIENT,I10,2479,1908,APPROVED,2024-04-13,2024-04-18,Nguyen Thi Lan,Prudential Life,Thailand
CLM-02429,POL-01882,Lau Tsz Ching,OUTPATIENT,E11.9,5409,4827,APPROVED,2024-08-07,2024-08-10,Nguyen Thi Lan,FWD Group,Hong Kong
CLM-02430,POL-01891,Nguyen Van An,INPATIENT,N39.0,204339,176305,APPROVED,2024-12-06,2024-12-12,Somchai Wattana,Prudential Life,Vietnam
CLM-02431,POL-00503,Pranee Wattana,INPATIENT,E11.9,239317,0,IN_REVIEW,2024-10-02,2024-10-09,Nguyen Thi Lan,Prudential Life,Thailand
CLM-02432,POL-00005,Somchai Rattanaporn,OUTPATIENT,A09,846,778,APPROVED,2024-12-11,2024-12-23,Wong Ka Ming,Prudential Life,Thailand
CLM-02433,POL-02084,Kittisak Wattana,DENTAL,K05.10,13348,9980,APPROVED,2024-03-15,2024-03-23,Somchai Wattana,FWD Group,Thailand
CLM-02434,POL-01452,Pranee Saetang,INPATIENT,J18.9,163842,138543,APPROVED,2024-05-15,2024-05-22,Tran Van Minh,Prudential Life,Thailand
CLM-02435,POL-01891,Nguyen Van An,MATERNITY,O80,52298,40911,APPROVED,2024-08-21,2024-08-31,Tran Van Minh,Prudential Life,Vietnam
CLM-02436,POL-00195,Bui Thanh Ha,OUTPATIENT,J45.909,1519,1214,APPROVED,2024-09-16,2024-09-22,Wong Ka Ming,Prudential Life,Vietnam
CLM-02437,POL-00317,Kanya Chaiyasit,MATERNITY,O82,116843,0,REJECTED,2024-10-17,2024-10-29,Pranee Srisuwan,Prudential Life,Thailand
CLM-02438,POL-00898,Kanya Saetang,OUTPATIENT,J06.9,28396,23426,APPROVED,2024-12-20,2024-12-25,Somchai Wattana,FWD Group,Thailand
CLM-02439,POL-02301,Dang Quoc Bao,DENTAL,K02.9,4145,0,PENDING,2024-07-16,,Somchai Wattana,AIA Insurance,Vietnam
CLM-02440,POL-00371,Le Minh Tuan,OUTPATIENT,L30.9,17190,15706,APPROVED,2024-03-07,2024-03-22,Tran Van Minh,Prudential Life,Vietnam
CLM-02441,POL-01426,Ho Ho Yin,INPATIENT,J18.9,203388,173973,APPROVED,2024-03-21,2024-03-30,Somchai Wattana,Prudential Life,Hong Kong
CLM-02442,POL-02268,Kanya Saetang,DENTAL,K05.10,2416,2408,APPROVED,2024-09-07,2024-09-15,Pranee Srisuwan,AIA Insurance,Thailand
CLM-02443,POL-01251,Malee Chaiyasit,OUTPATIENT,J06.9,10077,9925,APPROVED,2024-10-01,2024-10-17,Wong Ka Ming,AIA Insurance,Thailand
CLM-02444,POL-00381,Hoang Duc Thang,OUTPATIENT,K21.0,2305,2130,APPROVED,2024-06-27,2024-07-04,Pranee Srisuwan,AIA Insurance,Vietnam
CLM-02445,POL-00781,Dang Quoc Bao,OUTPATIENT,J45.909,669,489,APPROVED,2024-07-27,2024-07-30,Pranee Srisuwan,Prudential Life,Vietnam
CLM-02446,POL-01067,Leung Wai Yan,OUTPATIENT,N39.0,3679,0,IN_REVIEW,2024-01-21,2024-01-26,Somchai Wattana,FWD Group,Hong Kong
CLM-02447,POL-01219,Pranee Boonmee,MATERNITY,O80,108523,0,PENDING,2024-04-24,,Tran Van Minh,FWD Group,Thailand
CLM-02448,POL-01456,Pranee Chaiyasit,OUTPATIENT,L30.9,538,521,APPROVED,2024-09-16,2024-09-19,Somchai Wattana,AIA Insurance,Thailand
CLM-02449,POL-00741,Anong Thongdee,OUTPATIENT,A90,2431,1707,APPROVED,2024-09-19,2024-09-21,Nguyen Thi Lan,FWD Group,Thailand
CLM-02450,POL-00871,Malee Saetang,DENTAL,K04.7,3798,0,REJECTED,2024-09-30,2024-10-03,Somchai Wattana,FWD Group,Thailand
CLM-02451,POL-01706,Kanya Srisuwan,DENTAL,K08.9,1391,0,REJECTED,2024-04-21,2024-05-01,Wong Ka Ming,Prudential Life,Thailand
CLM-02452,POL-01667,Do Van Long,OUTPATIENT,J06.9,4480,3388,APPROVED,2024-05-03,2024-05-07,Tran Van Minh,AIA Insurance,Vietnam
CLM-02453,POL-00583,Lau Chi Keung,DENTAL,K02.9,24396,0,IN_REVIEW,2024-10-13,2024-10-21,Nguyen Thi Lan,AIA Insurance,Hong Kong
CLM-02454,POL-00639,Prasert Thongdee,OUTPATIENT,J06.9,1233,885,APPROVED,2024-11-01,2024-11-13,Wong Ka Ming,FWD Group,Thailand
CLM-02455,POL-01500,Niran Saetang,OUTPATIENT,N39.0,748,0,IN_REVIEW,2024-11-22,2024-12-06,Somchai Wattana,AIA Insurance,Thailand
CLM-02456,POL-00276,Siriporn Saetang,OUTPATIENT,L30.9,3141,0,PENDING,2024-12-16,,Nguyen Thi Lan,Prudential Life,Thailand
CLM-02457,POL-02009,Somchai Chaiyasit,OUTPATIENT,K21.0,833,0,REJECTED,2024-07-29,2024-08-06,Wong Ka Ming,Prudential Life,Thailand
CLM-02458,POL-00729,Prasert Thongdee,DENTAL,K05.10,2476,1907,APPROVED,2024-01-01,2024-01-06,Pranee Srisuwan,Prudential Life,Thailand
CLM-02459,POL-01561,Nguyen Van An,OUTPATIENT,H10.9,7954,7329,APPROVED,2024-07-09,2024-07-19,Nguyen Thi Lan,AIA Insurance,Vietnam
CLM-02460,POL-00434,Pranee Saetang,OUTPATIENT,J06.9,2291,1688,APPROVED,2024-01-03,2024-01-15,Nguyen Thi Lan,FWD Group,Thailand
CLM-02461,POL-00949,Siriporn Boonmee,OUTPATIENT,E11.9,1477,1067,APPROVED,2024-02-15,2024-03-03,Pranee Srisuwan,Prudential Life,Thailand
CLM-02462,POL-01903,Cheung Yuen Man,DENTAL,K02.9,2747,2051,APPROVED,2024-08-07,2024-08-12,Somchai Wattana,AIA Insurance,Hong Kong
CLM-02463,POL-01736,Siriporn Saetang,DENTAL,K02.9,29193,0,REJECTED,2024-12-30,2025-01-08,Nguyen Thi Lan,AIA Insurance,Thailand
CLM-02464,POL-01198,Lau Wai Yan,OUTPATIENT,J45.909,3331,0,REJECTED,2024-05-02,2024-05-13,Pranee Srisuwan,AIA Insurance,Hong Kong
CLM-02465,POL-01127,Chaiwat Thongdee,OUTPATIENT,J06.9,2241,0,PENDING,2024-11-03,,Pranee Srisuwan,FWD Group,Thailand
CLM-02466,POL-01722,Siriporn Phongpanich,OUTPATIENT,A09,2550,2010,APPROVED,2024-04-07,2024-04-11,Wong Ka Ming,Prudential Life,Thailand
CLM-02467,POL-00577,Dang Quoc Bao,OUTPATIENT,J45.909,6020,0,IN_REVIEW,2024-11-29,2024-12-03,Tran Van Minh,AIA Insurance,Vietnam
CLM-02468,POL-00633,Leung Siu Fung,OUTPATIENT,J06.9,8999,7345,APPROVED,2024-04-01,2024-04-10,Nguyen Thi Lan,FWD Group,Hong Kong
CLM-02469,POL-00190,Dang Quoc Bao,OUTPATIENT,H10.9,1536,1484,APPROVED,2024-02-22,2024-03-02,Pranee Srisuwan,FWD Group,Vietnam
CLM-02470,POL-00186,Malee Rattanaporn,OUTPATIENT,J45.909,4255,0,IN_REVIEW,2024-12-31,2025-01-06,Tran Van Minh,AIA Insurance,Thailand
CLM-02471,POL-01915,Cheung Siu Fung,OUTPATIENT,A09,5785,4374,APPROVED,2024-02-19,2024-02-25,Tran Van Minh,AIA Insurance,Hong Kong
CLM-02472,POL-00696,Kanya Wattana,OUTPATIENT,J06.9,3987,2824,APPROVED,2024-09-26,2024-10-06,Pranee Srisuwan,Prudential Life,Thailand
CLM-02473,POL-02168,Prasert Boonmee,DENTAL,K02.9,2317,0,REJECTED,2024-06-12,2024-06-20,Tran Van Minh,Prudential Life,Thailand
CLM-02474,POL-01622,Niran Saetang,OUTPATIENT,A09,4305,4173,APPROVED,2024-12-03,2024-12-16,Somchai Wattana,Prudential Life,Thailand
CLM-02475,POL-01505,Nguyen Van An,DENTAL,K02.9,1539,1184,APPROVED,2024-02-12,2024-02-19,Pranee Srisuwan,FWD Group,Vietnam
CLM-02476,POL-00637,Do Van Long,DENTAL,K08.9,3573,0,IN_REVIEW,2024-12-24,2025-01-03,Tran Van Minh,FWD Group,Vietnam
CLM-02477,POL-01280,Siriporn Phongpanich,DENTAL,K08.9,16985,12158,APPROVED,2024-08-14,2024-08-20,Nguyen Thi Lan,FWD Group,Thailand
CLM-02478,POL-01589,Le Minh Tuan,OUTPATIENT,J06.9,504,0,PENDING,2024-12-01,,Pranee Srisuwan,FWD Group,Vietnam
CLM-02479,POL-01310,Kanya Wattana,OUTPATIENT,E11.9,4478,4208,APPROVED,2024-02-02,2024-02-08,Wong Ka Ming,FWD Group,Thailand
CLM-02480,POL-00089,Leung Kwok Wah,OUTPATIENT,J06.9,2067,0,IN_REVIEW,2024-10-23,2024-10-25,Nguyen Thi Lan,AIA Insurance,Hong Kong
CLM-02481,POL-00673,Ho Ka Ming,DENTAL,K08.9,2581,0,PENDING,2024-12-26,,Nguyen Thi Lan,AIA Insurance,Hong Kong
CLM-02482,POL-00457,Prasert Chaiyasit,OUTPATIENT,I10,818,721,APPROVED,2024-07-18,2024-07-27,Pranee Srisuwan,AIA Insurance,Thailand
CLM-02483,POL-00547,Chaiwat Wattana,DENTAL,K02.9,4975,4694,APPROVED,2024-09-01,2024-09-05,Wong Ka Ming,Prudential Life,Thailand
CLM-02484,POL-01627,Chaiwat Srisuwan,INPATIENT,S72.001A,193338,176617,APPROVED,2024-01-13,2024-02-05,Tran Van Minh,AIA Insurance,Thailand
CLM-02485,POL-01809,Vu Ngoc Anh,OUTPATIENT,J06.9,8191,6991,APPROVED,2024-01-21,2024-01-27,Wong Ka Ming,Prudential Life,Vietnam
CLM-02486,POL-01491,Chan Chi Keung,OUTPATIENT,J06.9,1212,1067,APPROVED,2024-12-24,2024-12-29,Pranee Srisuwan,FWD Group,Hong Kong
CLM-02487,POL-01972,Lee Wai Yan,DENTAL,K05.10,1319,961,APPROVED,2024-06-15,2024-07-01,Nguyen Thi Lan,Prudential Life,Hong Kong
CLM-02488,POL-00776,Chaiwat Chaiyasit,OUTPATIENT,A09,7788,6856,APPROVED,2024-04-09,2024-04-23,Nguyen Thi Lan,AIA Insurance,Thailand
CLM-02489,POL-01639,Hoang Duc Thang,MATERNITY,O82,75344,57568,APPROVED,2024-12-10,2024-12-17,Pranee Srisuwan,AIA Insurance,Vietnam
CLM-02490,POL-02308,Hoang Duc Thang,OUTPATIENT,J06.9,2605,2190,APPROVED,2024-01-17,2024-01-27,Nguyen Thi Lan,Prudential Life,Vietnam
CLM-02491,POL-02353,Tran Thi Mai,OUTPATIENT,E11.9,9812,9572,APPROVED,2024-02-10,2024-02-21,Pranee Srisuwan,AIA Insurance,Vietnam
CLM-02492,POL-02074,Malee Saetang,OUTPATIENT,N39.0,769,0,REJECTED,2024-05-24,2024-05-28,Nguyen Thi Lan,AIA Insurance,Thailand
CLM-02493,POL-00946,Prasert Thongdee,OUTPATIENT,J06.9,3256,2399,APPROVED,2024-12-10,2024-12-12,Nguyen Thi Lan,AIA Insurance,Thailand
CLM-02494,POL-00827,Ho Chi Keung,INPATIENT,A09,28501,0,PENDING,2024-08-24,,Wong Ka Ming,AIA Insurance,Hong Kong
CLM-02495,POL-01670,Bui Thanh Ha,INPATIENT,J18.9,166041,0,PENDING,2024-07-17,,Somchai Wattana,FWD Group,Vietnam
CLM-02496,POL-01857,Do Van Long,OUTPATIENT,K21.0,2879,2655,APPROVED,2024-11-10,2024-11-13,Somchai Wattana,AIA Insurance,Vietnam
CLM-02497,POL-01995,Nguyen Van An,OUTPATIENT,A09,1095,0,PENDING,2024-06-26,,Somchai Wattana,Prudential Life,Vietnam
CLM-02498,POL-00140,Lee Mei Ling,DENTAL,K02.9,10058,0,REJECTED,2024-09-11,2024-09-22,Tran Van Minh,AIA Insurance,Hong Kong
CLM-02499,POL-01862,Kittisak Boonmee,DENTAL,K04.7,13792,0,REJECTED,2024-07-07,2024-07-16,Pranee Srisuwan,AIA Insurance,Thailand
CLM-02500,POL-02008,Malee Phongpanich,OUTPATIENT,I10,4537,3310,APPROVED,2024-02-16,2024-02-20,Somchai Wattana,Prudential Life,Thailand
CLM-02501,POL-00671,Leung Kwok Wah,OUTPATIENT,E11.9,1248,1008,APPROVED,2024-07-16,2024-07-23,Tran Van Minh,Prudential Life,Hong Kong
CLM-02502,POL-02018,Lee Siu Fung,OUTPATIENT,L30.9,923,0,REJECTED,2024-07-20,2024-07-23,Nguyen Thi Lan,AIA Insurance,Hong Kong
CLM-02503,POL-01980,Lau Wai Yan,MATERNITY,O80,54211,0,PENDING,2024-10-13,,Tran Van Minh,AIA Insurance,Hong Kong
CLM-02504,POL-00176,Lee Yuen Man,INPATIENT,J18.9,303308,0,IN_REVIEW,2024-01-30,2024-02-05,Tran Van Minh,FWD Group,Hong Kong
CLM-02505,POL-01670,Bui Thanh Ha,DENTAL,K08.9,2851,0,IN_REVIEW,2024-04-24,2024-05-03,Nguyen Thi Lan,FWD Group,Vietnam
CLM-02506,POL-01169,Lau Yuen Man,OUTPATIENT,N39.0,1987,0,IN_REVIEW,2024-10-21,2024-10-27,Somchai Wattana,Prudential Life,Hong Kong
CLM-02507,POL-00149,Do Van Long,INPATIENT,J45.909,118765,96123,APPROVED,2024-04-15,2024-04-26,Tran Van Minh,FWD Group,Vietnam
CLM-02508,POL-02176,Dang Quoc Bao,OUTPATIENT,J06.9,500,0,PENDING,2024-03-30,,Somchai Wattana,Prudential Life,Vietnam
CLM-02509,POL-01611,Kanya Thongdee,OUTPATIENT,N39.0,13486,11681,APPROVED,2024-05-10,2024-05-14,Tran Van Minh,Prudential Life,Thailand
CLM-02510,POL-01588,Kittisak Rattanaporn,INPATIENT,A09,249010,0,REJECTED,2024-12-12,2024-12-15,Nguyen Thi Lan,Prudential Life,Thailand
CLM-02511,POL-01849,Cheung Wai Yan,OUTPATIENT,J06.9,8881,0,PENDING,2024-12-29,,Somchai Wattana,Prudential Life,Hong Kong
CLM-02512,POL-00588,Niran Boonmee,DENTAL,K02.9,5414,4531,APPROVED,2024-10-19,2024-10-27,Somchai Wattana,AIA Insurance,Thailand
CLM-02513,POL-01798,Do Van Long,DENTAL,K05.10,10034,0,REJECTED,2024-09-23,2024-09-26,Wong Ka Ming,AIA Insurance,Vietnam
CLM-02514,POL-00644,Tran Thi Mai,OUTPATIENT,J06.9,2014,0,IN_REVIEW,2024-01-21,2024-02-03,Nguyen Thi Lan,AIA Insurance,Vietnam
CLM-02515,POL-00485,Pranee Wattana,OUTPATIENT,J45.909,1897,1655,APPROVED,2024-02-22,2024-02-25,Nguyen Thi Lan,AIA Insurance,Thailand
CLM-02516,POL-01682,Do Van Long,DENTAL,K02.9,16240,0,PENDING,2024-10-27,,Nguyen Thi Lan,Prudential Life,Vietnam
CLM-02517,POL-00267,Pranee Rattanaporn,INPATIENT,K35.80,36859,0,REJECTED,2024-11-30,2024-12-03,Wong Ka Ming,AIA Insurance,Thailand
CLM-02518,POL-02131,Le Minh Tuan,OUTPATIENT,E11.9,2663,0,IN_REVIEW,2024-03-28,2024-03-31,Wong Ka Ming,Prudential Life,Vietnam
CLM-02519,POL-00207,Somchai Thongdee,INPATIENT,E11.9,77695,75662,APPROVED,2024-01-20,2024-01-25,Wong Ka Ming,FWD Group,Thailand
CLM-02520,POL-01308,Niran Saetang,OUTPATIENT,H10.9,1503,1400,APPROVED,2024-02-14,2024-02-23,Wong Ka Ming,Prudential Life,Thailand
CLM-02521,POL-00133,Vu Ngoc Anh,OUTPATIENT,A09,500,456,APPROVED,2024-09-12,2024-09-16,Nguyen Thi Lan,Prudential Life,Vietnam
CLM-02522,POL-01325,Lee Kwok Wah,OUTPATIENT,N39.0,4888,4825,APPROVED,2024-12-13,2024-12-24,Tran Van Minh,FWD Group,Hong Kong
CLM-02523,POL-01749,Prasert Boonmee,INPATIENT,A09,73942,65751,APPROVED,2024-11-13,2024-11-18,Nguyen Thi Lan,Prudential Life,Thailand
CLM-02524,POL-00343,Leung Wai Yan,OUTPATIENT,E11.9,2386,1686,APPROVED,2024-06-14,2024-06-20,Nguyen Thi Lan,Prudential Life,Hong Kong
CLM-02525,POL-00131,Lau Ho Yin,DENTAL,K05.10,4110,0,IN_REVIEW,2024-07-08,2024-07-13,Pranee Srisuwan,FWD Group,Hong Kong
CLM-02526,POL-01441,Vu Ngoc Anh,OUTPATIENT,J06.9,1296,0,REJECTED,2024-09-16,2024-09-19,Pranee Srisuwan,Prudential Life,Vietnam
CLM-02527,POL-02360,Anong Srisuwan,OUTPATIENT,E11.9,1140,817,APPROVED,2024-02-05,2024-02-09,Wong Ka Ming,FWD Group,Thailand
CLM-02528,POL-01854,Pham Thu Huong,INPATIENT,N39.0,40074,35949,APPROVED,2024-03-30,2024-04-06,Wong Ka Ming,AIA Insurance,Vietnam
CLM-02529,POL-00189,Lee Chi Keung,OUTPATIENT,J45.909,1876,0,IN_REVIEW,2024-02-01,2024-02-07,Tran Van Minh,AIA Insurance,Hong Kong
CLM-02530,POL-02041,Dang Quoc Bao,OUTPATIENT,N39.0,3245,2568,APPROVED,2024-06-19,2024-07-02,Wong Ka Ming,Prudential Life,Vietnam
CLM-02531,POL-00230,Anong Srisuwan,OUTPATIENT,N39.0,4381,0,REJECTED,2024-06-09,2024-06-20,Somchai Wattana,AIA Insurance,Thailand
CLM-02532,POL-01089,Prasert Rattanaporn,DENTAL,K02.9,10969,10339,APPROVED,2024-08-14,2024-08-17,Somchai Wattana,FWD Group,Thailand
CLM-02533,POL-00830,Cheung Mei Ling,DENTAL,K04.7,4655,0,PENDING,2024-01-08,,Pranee Srisuwan,Prudential Life,Hong Kong
CLM-02534,POL-02320,Leung Wai Yan,OUTPATIENT,J06.9,3152,2218,APPROVED,2024-01-11,2024-01-15,Somchai Wattana,AIA Insurance,Hong Kong
CLM-02535,POL-01531,Lee Kwok Wah,OUTPATIENT,K21.0,2651,2114,APPROVED,2024-12-05,2024-12-10,Nguyen Thi Lan,AIA Insurance,Hong Kong
CLM-02536,POL-02105,Malee Phongpanich,DENTAL,K04.7,7406,0,REJECTED,2024-08-05,2024-08-10,Somchai Wattana,Prudential Life,Thailand
CLM-02537,POL-02173,Chaiwat Rattanaporn,MATERNITY,O80,27815,23660,APPROVED,2024-01-14,2024-01-20,Somchai Wattana,AIA Insurance,Thailand
CLM-02538,POL-01898,Le Minh Tuan,OUTPATIENT,K21.0,1358,1037,APPROVED,2024-09-03,2024-09-13,Somchai Wattana,AIA Insurance,Vietnam
CLM-02539,POL-01938,Vu Ngoc Anh,OUTPATIENT,I10,3241,0,PENDING,2024-03-21,,Nguyen Thi Lan,Prudential Life,Vietnam
CLM-02540,POL-00030,Anong Thongdee,OUTPATIENT,A90,2913,2661,APPROVED,2024-07-12,2024-07-26,Somchai Wattana,Prudential Life,Thailand
CLM-02541,POL-01354,Kittisak Wattana,INPATIENT,E11.9,120400,95219,APPROVED,2024-04-28,2024-05-02,Wong Ka Ming,AIA Insurance,Thailand
CLM-02542,POL-00958,Prasert Wattana,MATERNITY,O80,118791,109008,APPROVED,2024-01-07,2024-01-13,Nguyen Thi Lan,AIA Insurance,Thailand
CLM-02543,POL-00066,Bui Thanh Ha,DENTAL,K05.10,1549,1476,APPROVED,2024-06-02,2024-06-06,Nguyen Thi Lan,FWD Group,Vietnam
CLM-02544,POL-00830,Cheung Mei Ling,OUTPATIENT,K21.0,1206,1036,APPROVED,2024-11-02,2024-11-13,Nguyen Thi Lan,Prudential Life,Hong Kong
CLM-02545,POL-02377,Do Van Long,OUTPATIENT,M54.5,1282,1251,APPROVED,2024-04-27,2024-05-06,Tran Van Minh,AIA Insurance,Vietnam
CLM-02546,POL-00566,Lau Sau Lan,OUTPATIENT,J06.9,1657,0,PENDING,2024-07-22,,Wong Ka Ming,AIA Insurance,Hong Kong
CLM-02547,POL-02161,Do Van Long,OUTPATIENT,J06.9,7274,5612,APPROVED,2024-02-25,2024-02-28,Nguyen Thi Lan,FWD Group,Vietnam
CLM-02548,POL-01335,Chaiwat Chaiyasit,OUTPATIENT,I10,5242,3915,APPROVED,2024-12-19,2025-01-05,Pranee Srisuwan,AIA Insurance,Thailand
CLM-02549,POL-01901,Somchai Phongpanich,OUTPATIENT,N39.0,831,677,APPROVED,2024-01-19,2024-01-22,Pranee Srisuwan,AIA Insurance,Thailand
CLM-02550,POL-01996,Wong Kwok Wah,MATERNITY,O80,47334,33251,APPROVED,2024-02-05,2024-02-09,Somchai Wattana,AIA Insurance,Hong Kong
CLM-02551,POL-01788,Bui Thanh Ha,OUTPATIENT,K21.0,901,900,APPROVED,2024-02-01,2024-02-07,Nguyen Thi Lan,AIA Insurance,Vietnam
CLM-02552,POL-01030,Pranee Phongpanich,OUTPATIENT,H10.9,3938,2757,APPROVED,2024-07-09,2024-07-17,Nguyen Thi Lan,Prudential Life,Thailand
CLM-02553,POL-00157,Nguyen Van An,OUTPATIENT,J06.9,2100,2042,APPROVED,2024-10-29,2024-11-05,Nguyen Thi Lan,AIA Insurance,Vietnam
CLM-02554,POL-01906,Chaiwat Rattanaporn,INPATIENT,A90,169743,119089,APPROVED,2024-03-14,2024-03-23,Nguyen Thi Lan,Prudential Life,Thailand
CLM-02555,POL-00424,Ho Wai Yan,OUTPATIENT,J45.909,6170,5874,APPROVED,2024-06-15,2024-06-21,Nguyen Thi Lan,Prudential Life,Hong Kong
CLM-02556,POL-00068,Siriporn Saetang,OUTPATIENT,A09,7275,6854,APPROVED,2024-05-15,2024-05-29,Nguyen Thi Lan,Prudential Life,Thailand
CLM-02557,POL-02104,Wong Siu Fung,OUTPATIENT,M54.5,3737,0,REJECTED,2024-04-22,2024-04-26,Wong Ka Ming,AIA Insurance,Hong Kong
CLM-02558,POL-01052,Lee Tsz Ching,OUTPATIENT,M54.5,583,424,APPROVED,2024-03-07,2024-03-14,Somchai Wattana,AIA Insurance,Hong Kong
CLM-02559,POL-02306,Kittisak Boonmee,OUTPATIENT,A09,829,600,APPROVED,2024-07-23,2024-07-31,Tran Van Minh,Prudential Life,Thailand
CLM-02560,POL-00242,Kittisak Srisuwan,DENTAL,K04.7,15220,15153,APPROVED,2024-07-26,2024-08-03,Pranee Srisuwan,AIA Insurance,Thailand
CLM-02561,POL-01123,Lee Wai Yan,OUTPATIENT,J06.9,10089,7512,APPROVED,2024-10-17,2024-10-25,Somchai Wattana,FWD Group,Hong Kong
CLM-02562,POL-01531,Lee Kwok Wah,OUTPATIENT,I10,1306,0,PENDING,2024-06-08,,Nguyen Thi Lan,AIA Insurance,Hong Kong
CLM-02563,POL-01784,Hoang Duc Thang,INPATIENT,J18.9,59299,54395,APPROVED,2024-01-31,2024-02-06,Nguyen Thi Lan,AIA Insurance,Vietnam
CLM-02564,POL-01647,Siriporn Thongdee,DENTAL,K02.9,9515,0,PENDING,2024-07-30,,Wong Ka Ming,AIA Insurance,Thailand
CLM-02565,POL-01260,Nguyen Van An,OUTPATIENT,A09,1763,0,REJECTED,2024-10-06,2024-10-11,Wong Ka Ming,AIA Insurance,Vietnam
CLM-02566,POL-00564,Pranee Thongdee,DENTAL,K02.9,2559,2516,APPROVED,2024-08-17,2024-08-20,Nguyen Thi Lan,Prudential Life,Thailand
CLM-02567,POL-00160,Somchai Rattanaporn,DENTAL,K02.9,4445,4284,APPROVED,2024-04-03,2024-04-07,Nguyen Thi Lan,Prudential Life,Thailand
CLM-02568,POL-00666,Chan Kwok Wah,OUTPATIENT,A09,1569,0,PENDING,2024-12-17,,Tran Van Minh,AIA Insurance,Hong Kong
CLM-02569,POL-01111,Ngo Thi Thu,OUTPATIENT,J06.9,2819,0,IN_REVIEW,2024-11-06,2024-11-09,Pranee Srisuwan,Prudential Life,Vietnam
CLM-02570,POL-00735,Leung Mei Ling,OUTPATIENT,A90,6547,0,IN_REVIEW,2024-09-22,2024-09-24,Tran Van Minh,Prudential Life,Hong Kong
CLM-02571,POL-02258,Tran Thi Mai,OUTPATIENT,I10,6217,5330,APPROVED,2024-10-07,2024-10-11,Wong Ka Ming,FWD Group,Vietnam
CLM-02572,POL-00514,Vu Ngoc Anh,OUTPATIENT,I10,3971,3777,APPROVED,2024-01-31,2024-02-02,Nguyen Thi Lan,FWD Group,Vietnam
CLM-02573,POL-01164,Wong Tsz Ching,OUTPATIENT,H10.9,2424,0,PENDING,2024-05-28,,Nguyen Thi Lan,AIA Insurance,Hong Kong
CLM-02574,POL-00967,Lee Wai Yan,DENTAL,K02.9,12809,0,PENDING,2024-09-28,,Wong Ka Ming,AIA Insurance,Hong Kong
CLM-02575,POL-01433,Lee Yuen Man,OUTPATIENT,E11.9,2448,0,PENDING,2024-04-22,,Nguyen Thi Lan,Prudential Life,Hong Kong
CLM-02576,POL-02030,Kittisak Phongpanich,OUTPATIENT,E11.9,10694,0,IN_REVIEW,2024-08-19,2024-08-25,Nguyen Thi Lan,AIA Insurance,Thailand
CLM-02577,POL-02313,Nguyen Van An,DENTAL,K05.10,9777,9484,APPROVED,2024-10-01,2024-10-04,Pranee Srisuwan,Prudential Life,Vietnam
CLM-02578,POL-02038,Pranee Saetang,OUTPATIENT,J45.909,1971,1449,APPROVED,2024-12-05,2024-12-08,Nguyen Thi Lan,AIA Insurance,Thailand
CLM-02579,POL-01335,Chaiwat Chaiyasit,DENTAL,K08.9,1217,0,IN_REVIEW,2024-05-11,2024-05-15,Wong Ka Ming,AIA Insurance,Thailand
CLM-02580,POL-00659,Cheung Kwok Wah,OUTPATIENT,M54.5,1893,1494,APPROVED,2024-12-29,2025-01-02,Pranee Srisuwan,AIA Insurance,Hong Kong
CLM-02581,POL-00966,Cheung Mei Ling,OUTPATIENT,I10,9355,9163,APPROVED,2024-05-20,2024-05-30,Nguyen Thi Lan,Prudential Life,Hong Kong
CLM-02582,POL-02282,Chaiwat Phongpanich,MATERNITY,O82,69968,55948,APPROVED,2024-01-09,2024-01-15,Tran Van Minh,AIA Insurance,Thailand
CLM-02583,POL-01474,Lee Ho Yin,OUTPATIENT,E11.9,8882,6827,APPROVED,2024-04-01,2024-04-03,Nguyen Thi Lan,Prudential Life,Hong Kong
CLM-02584,POL-00117,Pham Thu Huong,INPATIENT,A90,63159,0,IN_REVIEW,2024-10-06,2024-10-19,Somchai Wattana,Prudential Life,Vietnam
CLM-02585,POL-02277,Nguyen Van An,INPATIENT,A90,54561,39176,APPROVED,2024-01-28,2024-02-04,Somchai Wattana,AIA Insurance,Vietnam
CLM-02586,POL-01574,Ngo Thi Thu,OUTPATIENT,H10.9,6939,5380,APPROVED,2024-09-14,2024-09-25,Tran Van Minh,AIA Insurance,Vietnam
CLM-02587,POL-00248,Pranee Thongdee,INPATIENT,A90,25576,21803,APPROVED,2024-04-27,2024-05-07,Nguyen Thi Lan,AIA Insurance,Thailand
CLM-02588,POL-02236,Leung Chi Keung,DENTAL,K05.10,1559,1357,APPROVED,2024-03-12,2024-03-14,Somchai Wattana,Prudential Life,Hong Kong
CLM-02589,POL-01727,Pham Thu Huong,OUTPATIENT,A09,1209,968,APPROVED,2024-07-29,2024-08-04,Tran Van Minh,Prudential Life,Vietnam
CLM-02590,POL-02015,Hoang Duc Thang,OUTPATIENT,A09,3319,3256,APPROVED,2024-07-20,2024-07-25,Pranee Srisuwan,Prudential Life,Vietnam
CLM-02591,POL-01969,Malee Phongpanich,OUTPATIENT,J45.909,3881,0,IN_REVIEW,2024-01-25,2024-01-30,Pranee Srisuwan,Prudential Life,Thailand
CLM-02592,POL-00905,Lau Kwok Wah,DENTAL,K05.10,2221,1607,APPROVED,2024-11-26,2024-12-02,Pranee Srisuwan,Prudential Life,Hong Kong
CLM-02593,POL-02367,Do Van Long,OUTPATIENT,E11.9,8122,0,REJECTED,2024-12-03,2024-12-14,Somchai Wattana,Prudential Life,Vietnam
CLM-02594,POL-01096,Malee Boonmee,OUTPATIENT,A09,6828,0,REJECTED,2024-06-25,2024-07-01,Somchai Wattana,Prudential Life,Thailand
CLM-02595,POL-01140,Ho Siu Fung,DENTAL,K08.9,3782,3043,APPROVED,2024-11-13,2024-11-21,Nguyen Thi Lan,FWD Group,Hong Kong
CLM-02596,POL-01875,Bui Thanh Ha,DENTAL,K05.10,5427,4008,APPROVED,2024-12-30,2025-01-06,Somchai Wattana,FWD Group,Vietnam
CLM-02597,POL-01544,Hoang Duc Thang,OUTPATIENT,E11.9,2448,0,REJECTED,2024-02-02,2024-02-06,Wong Ka Ming,Prudential Life,Vietnam
CLM-02598,POL-01141,Lau Ho Yin,DENTAL,K02.9,660,610,APPROVED,2024-08-08,2024-08-12,Pranee Srisuwan,AIA Insurance,Hong Kong
CLM-02599,POL-00746,Somchai Wattana,OUTPATIENT,J06.9,2556,1904,APPROVED,2024-11-12,2024-11-17,Nguyen Thi Lan,Prudential Life,Thailand
CLM-02600,POL-01477,Pranee Phongpanich,OUTPATIENT,J45.909,1971,1924,APPROVED,2024-01-15,2024-02-01,Tran Van Minh,AIA Insurance,Thailand
CLM-02601,POL-01222,Hoang Duc Thang,OUTPATIENT,J06.9,4593,3724,APPROVED,2024-01-04,2024-01-17,Wong Ka Ming,AIA Insurance,Vietnam
CLM-02602,POL-01414,Anong Rattanaporn,MATERNITY,O80,108734,0,IN_REVIEW,2024-11-16,2024-11-18,Nguyen Thi Lan,AIA Insurance,Thailand
CLM-02603,POL-01778,Anong Thongdee,OUTPATIENT,J06.9,2245,0,REJECTED,2024-10-25,2024-11-03,Somchai Wattana,AIA Insurance,Thailand
CLM-02604,POL-00011,Kittisak Rattanaporn,OUTPATIENT,N39.0,2506,1786,APPROVED,2024-02-11,2024-02-16,Tran Van Minh,Prudential Life,Thailand
CLM-02605,POL-01994,Ng Siu Fung,OUTPATIENT,A09,3363,2696,APPROVED,2024-01-30,2024-02-05,Wong Ka Ming,Prudential Life,Hong Kong
CLM-02606,POL-00460,Pham Thu Huong,OUTPATIENT,M54.5,1861,1426,APPROVED,2024-08-18,2024-08-22,Somchai Wattana,Prudential Life,Vietnam
CLM-02607,POL-00688,Pham Thu Huong,MATERNITY,O80,107254,79182,APPROVED,2024-07-03,2024-07-08,Somchai Wattana,FWD Group,Vietnam
CLM-02608,POL-02115,Leung Sau Lan,MATERNITY,O82,63102,56652,APPROVED,2024-04-10,2024-04-18,Wong Ka Ming,Prudential Life,Hong Kong
CLM-02609,POL-00516,Chaiwat Saetang,OUTPATIENT,J06.9,1105,0,REJECTED,2024-07-13,2024-07-18,Somchai Wattana,AIA Insurance,Thailand
CLM-02610,POL-00535,Ho Wai Yan,OUTPATIENT,N39.0,5993,5238,APPROVED,2024-04-24,2024-04-28,Somchai Wattana,FWD Group,Hong Kong
CLM-02611,POL-00069,Wong Yuen Man,OUTPATIENT,A09,18818,14731,APPROVED,2024-06-25,2024-06-28,Pranee Srisuwan,AIA Insurance,Hong Kong
CLM-02612,POL-00610,Nguyen Van An,OUTPATIENT,J06.9,1426,1323,APPROVED,2024-01-09,2024-01-19,Pranee Srisuwan,Prudential Life,Vietnam
CLM-02613,POL-01639,Hoang Duc Thang,DENTAL,K02.9,10830,9401,APPROVED,2024-03-23,2024-03-27,Wong Ka Ming,AIA Insurance,Vietnam
CLM-02614,POL-01637,Tran Thi Mai,OUTPATIENT,L30.9,18101,13286,APPROVED,2024-12-15,2025-01-06,Wong Ka Ming,Prudential Life,Vietnam
CLM-02615,POL-00608,Niran Rattanaporn,INPATIENT,S72.001A,169193,152729,APPROVED,2024-03-29,2024-04-02,Pranee Srisuwan,AIA Insurance,Thailand
CLM-02616,POL-00988,Siriporn Rattanaporn,OUTPATIENT,J06.9,25988,0,IN_REVIEW,2024-09-12,2024-09-19,Nguyen Thi Lan,Prudential Life,Thailand
CLM-02617,POL-00134,Niran Saetang,OUTPATIENT,N39.0,1398,0,REJECTED,2024-12-20,2024-12-28,Somchai Wattana,AIA Insurance,Thailand
CLM-02618,POL-00736,Pham Thu Huong,DENTAL,K08.9,6329,0,IN_REVIEW,2024-06-19,2024-06-25,Tran Van Minh,FWD Group,Vietnam
CLM-02619,POL-01827,Chan Siu Fung,OUTPATIENT,A90,3833,3630,APPROVED,2024-06-16,2024-06-21,Somchai Wattana,Prudential Life,Hong Kong
CLM-02620,POL-00657,Siriporn Boonmee,INPATIENT,J18.9,31893,23092,APPROVED,2024-10-11,2024-10-19,Tran Van Minh,Prudential Life,Thailand
CLM-02621,POL-00731,Wong Yuen Man,OUTPATIENT,M54.5,11976,10347,APPROVED,2024-12-12,2024-12-17,Nguyen Thi Lan,Prudential Life,Hong Kong
CLM-02622,POL-01253,Nguyen Van An,MATERNITY,O80,82839,0,REJECTED,2024-05-19,2024-05-29,Somchai Wattana,AIA Insurance,Vietnam
CLM-02623,POL-01614,Anong Boonmee,OUTPATIENT,I10,4494,4308,APPROVED,2024-12-05,2024-12-09,Wong Ka Ming,AIA Insurance,Thailand
CLM-02624,POL-00955,Siriporn Srisuwan,OUTPATIENT,A90,1610,1581,APPROVED,2024-08-07,2024-08-11,Nguyen Thi Lan,Prudential Life,Thailand
CLM-02625,POL-02207,Chaiwat Thongdee,OUTPATIENT,K21.0,2696,2200,APPROVED,2024-08-28,2024-09-04,Pranee Srisuwan,Prudential Life,Thailand
CLM-02626,POL-02167,Nguyen Van An,OUTPATIENT,A09,2077,2074,APPROVED,2024-05-27,2024-06-04,Somchai Wattana,FWD Group,Vietnam
CLM-02627,POL-00746,Somchai Wattana,INPATIENT,A09,15600,14824,APPROVED,2024-04-14,2024-05-01,Wong Ka Ming,Prudential Life,Thailand
CLM-02628,POL-01051,Niran Wattana,OUTPATIENT,E11.9,5092,0,REJECTED,2024-07-08,2024-07-14,Tran Van Minh,Prudential Life,Thailand
CLM-02629,POL-01035,Anong Saetang,OUTPATIENT,L30.9,864,612,APPROVED,2024-04-29,2024-05-05,Tran Van Minh,AIA Insurance,Thailand
CLM-02630,POL-00958,Prasert Wattana,OUTPATIENT,M54.5,891,858,APPROVED,2024-07-10,2024-07-13,Nguyen Thi Lan,AIA Insurance,Thailand
CLM-02631,POL-00845,Lee Chi Keung,DENTAL,K02.9,4670,0,IN_REVIEW,2024-08-06,2024-08-11,Somchai Wattana,FWD Group,Hong Kong
CLM-02632,POL-02367,Do Van Long,OUTPATIENT,A09,1100,794,APPROVED,2024-10-02,2024-10-07,Tran Van Minh,Prudential Life,Vietnam
CLM-02633,POL-01975,Somchai Thongdee,DENTAL,K02.9,11164,8607,APPROVED,2024-04-17,2024-04-22,Wong Ka Ming,Prudential Life,Thailand
CLM-02634,POL-02281,Lee Tsz Ching,OUTPATIENT,N39.0,2151,1896,APPROVED,2024-03-09,2024-03-17,Tran Van Minh,FWD Group,Hong Kong
CLM-02635,POL-01345,Kanya Thongdee,OUTPATIENT,J06.9,5140,3778,APPROVED,2024-01-16,2024-01-24,Somchai Wattana,AIA Insurance,Thailand
CLM-02636,POL-00892,Niran Thongdee,OUTPATIENT,K21.0,950,0,PENDING,2024-09-21,,Somchai Wattana,AIA Insurance,Thailand
CLM-02637,POL-00058,Kittisak Phongpanich,MATERNITY,O80,29912,0,REJECTED,2024-11-07,2024-11-09,Nguyen Thi Lan,FWD Group,Thailand
CLM-02638,POL-01548,Cheung Yuen Man,OUTPATIENT,I10,817,711,APPROVED,2024-10-23,2024-10-30,Somchai Wattana,AIA Insurance,Hong Kong
CLM-02639,POL-00659,Cheung Kwok Wah,OUTPATIENT,A90,4122,3032,APPROVED,2024-01-16,2024-01-23,Pranee Srisuwan,AIA Insurance,Hong Kong
CLM-02640,POL-01833,Do Van Long,OUTPATIENT,J45.909,500,0,IN_REVIEW,2024-07-31,2024-08-02,Tran Van Minh,AIA Insurance,Vietnam
CLM-02641,POL-00258,Kanya Srisuwan,DENTAL,K04.7,3290,0,REJECTED,2024-09-08,2024-09-14,Nguyen Thi Lan,FWD Group,Thailand
CLM-02642,POL-02332,Pham Thu Huong,OUTPATIENT,A09,2040,1639,APPROVED,2024-12-15,2024-12-19,Tran Van Minh,Prudential Life,Vietnam
CLM-02643,POL-01108,Prasert Thongdee,OUTPATIENT,L30.9,2079,1674,APPROVED,2024-04-28,2024-05-03,Wong Ka Ming,AIA Insurance,Thailand
CLM-02644,POL-02190,Ng Ho Yin,OUTPATIENT,E11.9,2597,0,IN_REVIEW,2024-06-22,2024-06-24,Wong Ka Ming,Prudential Life,Hong Kong
CLM-02645,POL-00088,Lee Sau Lan,OUTPATIENT,J06.9,3531,2635,APPROVED,2024-05-11,2024-05-14,Somchai Wattana,AIA Insurance,Hong Kong
CLM-02646,POL-01219,Pranee Boonmee,INPATIENT,A90,346703,0,REJECTED,2024-07-31,2024-08-17,Tran Van Minh,FWD Group,Thailand
CLM-02647,POL-01331,Niran Srisuwan,INPATIENT,J18.9,151088,112197,APPROVED,2024-02-04,2024-02-14,Somchai Wattana,AIA Insurance,Thailand
CLM-02648,POL-00306,Pham Thu Huong,OUTPATIENT,I10,3034,2398,APPROVED,2024-12-31,2025-01-06,Tran Van Minh,FWD Group,Vietnam
CLM-02649,POL-02339,Malee Thongdee,OUTPATIENT,A09,9437,0,REJECTED,2024-02-04,2024-02-07,Wong Ka Ming,Prudential Life,Thailand
CLM-02650,POL-00591,Siriporn Rattanaporn,INPATIENT,J45.909,27040,21411,APPROVED,2024-03-28,2024-04-04,Pranee Srisuwan,Prudential Life,Thailand
CLM-02651,POL-01428,Tran Thi Mai,INPATIENT,J18.9,113450,79913,APPROVED,2024-10-01,2024-10-04,Pranee Srisuwan,AIA Insurance,Vietnam
CLM-02652,POL-01944,Anong Thongdee,DENTAL,K04.7,6101,5464,APPROVED,2024-09-25,2024-09-29,Tran Van Minh,FWD Group,Thailand
CLM-02653,POL-01219,Pranee Boonmee,OUTPATIENT,H10.9,1375,1031,APPROVED,2024-07-22,2024-07-31,Somchai Wattana,FWD Group,Thailand
CLM-02654,POL-00965,Somchai Saetang,MATERNITY,O80,45643,32639,APPROVED,2024-12-05,2024-12-20,Tran Van Minh,Prudential Life,Thailand
CLM-02655,POL-01066,Malee Chaiyasit,MATERNITY,O80,81969,71597,APPROVED,2024-12-26,2025-01-03,Pranee Srisuwan,AIA Insurance,Thailand
CLM-02656,POL-02285,Lau Chi Keung,MATERNITY,O82,62514,59717,APPROVED,2024-07-07,2024-07-10,Tran Van Minh,FWD Group,Hong Kong
CLM-02657,POL-01979,Pranee Saetang,OUTPATIENT,E11.9,2632,2410,APPROVED,2024-12-20,2025-01-07,Wong Ka Ming,Prudential Life,Thailand
CLM-02658,POL-01746,Chan Sau Lan,INPATIENT,A09,2000000,1855074,APPROVED,2024-09-05,2024-09-14,Nguyen Thi Lan,AIA Insurance,Hong Kong
CLM-02659,POL-01278,Somchai Phongpanich,OUTPATIENT,N39.0,2591,1899,APPROVED,2024-01-31,2024-02-05,Somchai Wattana,AIA Insurance,Thailand
CLM-02660,POL-01408,Siriporn Rattanaporn,MATERNITY,O82,53975,0,REJECTED,2024-12-11,2024-12-18,Somchai Wattana,AIA Insurance,Thailand
CLM-02661,POL-00096,Anong Rattanaporn,OUTPATIENT,H10.9,9205,0,IN_REVIEW,2024-09-24,2024-09-26,Somchai Wattana,AIA Insurance,Thailand
CLM-02662,POL-00227,Lau Kwok Wah,MATERNITY,O82,108546,0,REJECTED,2024-01-31,2024-02-05,Somchai Wattana,AIA Insurance,Hong Kong
CLM-02663,POL-00537,Vu Ngoc Anh,OUTPATIENT,L30.9,1637,0,IN_REVIEW,2024-04-24,2024-04-29,Tran Van Minh,FWD Group,Vietnam
CLM-02664,POL-00872,Wong Chi Keung,OUTPATIENT,I10,3079,0,PENDING,2024-10-02,,Somchai Wattana,FWD Group,Hong Kong
CLM-02665,POL-00695,Bui Thanh Ha,DENTAL,K04.7,2876,2334,APPROVED,2024-05-14,2024-05-28,Pranee Srisuwan,FWD Group,Vietnam
CLM-02666,POL-00723,Somchai Thongdee,OUTPATIENT,E11.9,1232,1067,APPROVED,2024-01-17,2024-01-26,Somchai Wattana,Prudential Life,Thailand
CLM-02667,POL-00662,Ngo Thi Thu,DENTAL,K02.9,8244,0,REJECTED,2024-09-01,2024-09-03,Nguyen Thi Lan,Prudential Life,Vietnam
CLM-02668,POL-00356,Nguyen Van An,INPATIENT,J45.909,37545,26723,APPROVED,2024-09-23,2024-09-28,Wong Ka Ming,Prudential Life,Vietnam
CLM-02669,POL-01898,Le Minh Tuan,DENTAL,K08.9,7610,5361,APPROVED,2024-06-24,2024-07-03,Wong Ka Ming,AIA Insurance,Vietnam
CLM-02670,POL-00673,Ho Ka Ming,OUTPATIENT,J45.909,985,894,APPROVED,2024-11-28,2024-12-09,Somchai Wattana,AIA Insurance,Hong Kong
CLM-02671,POL-00686,Ho Kwok Wah,OUTPATIENT,M54.5,3187,3123,APPROVED,2024-10-13,2024-10-21,Pranee Srisuwan,Prudential Life,Hong Kong
CLM-02672,POL-01013,Pham Thu Huong,INPATIENT,J18.9,71800,54658,APPROVED,2024-01-31,2024-02-05,Somchai Wattana,AIA Insurance,Vietnam
CLM-02673,POL-02224,Dang Quoc Bao,OUTPATIENT,A09,4034,0,IN_REVIEW,2024-07-24,2024-07-27,Tran Van Minh,Prudential Life,Vietnam
CLM-02674,POL-00626,Somchai Boonmee,INPATIENT,J45.909,71561,57521,APPROVED,2024-01-29,2024-02-06,Nguyen Thi Lan,FWD Group,Thailand
CLM-02675,POL-00819,Le Minh Tuan,OUTPATIENT,J06.9,879,0,PENDING,2024-01-30,,Somchai Wattana,AIA Insurance,Vietnam
CLM-02676,POL-01888,Chaiwat Thongdee,OUTPATIENT,J45.909,11180,8790,APPROVED,2024-10-25,2024-10-30,Nguyen Thi Lan,AIA Insurance,Thailand
CLM-02677,POL-02394,Hoang Duc Thang,INPATIENT,E11.9,264184,0,REJECTED,2024-11-24,2024-12-03,Wong Ka Ming,Prudential Life,Vietnam
CLM-02678,POL-02209,Lau Sau Lan,OUTPATIENT,A09,4929,0,PENDING,2024-02-07,,Wong Ka Ming,AIA Insurance,Hong Kong
CLM-02679,POL-01322,Niran Thongdee,DENTAL,K05.10,6450,6287,APPROVED,2024-10-24,2024-10-26,Wong Ka Ming,FWD Group,Thailand
CLM-02680,POL-00426,Chaiwat Boonmee,OUTPATIENT,E11.9,866,0,PENDING,2024-07-09,,Somchai Wattana,Prudential Life,Thailand
CLM-02681,POL-00366,Hoang Duc Thang,OUTPATIENT,K21.0,3228,2592,APPROVED,2024-10-21,2024-10-28,Somchai Wattana,FWD Group,Vietnam
CLM-02682,POL-02177,Somchai Srisuwan,OUTPATIENT,J06.9,1539,0,PENDING,2024-01-29,,Nguyen Thi Lan,Prudential Life,Thailand
CLM-02683,POL-01168,Nguyen Van An,OUTPATIENT,J06.9,2363,0,PENDING,2024-07-11,,Nguyen Thi Lan,AIA Insurance,Vietnam
CLM-02684,POL-01054,Do Van Long,OUTPATIENT,J06.9,1096,901,APPROVED,2024-11-09,2024-11-12,Nguyen Thi Lan,Prudential Life,Vietnam
CLM-02685,POL-02117,Kanya Rattanaporn,OUTPATIENT,J45.909,1242,0,PENDING,2024-04-11,,Pranee Srisuwan,Prudential Life,Thailand
CLM-02686,POL-00756,Lau Sau Lan,OUTPATIENT,M54.5,17130,16341,APPROVED,2024-06-08,2024-06-15,Wong Ka Ming,FWD Group,Hong Kong
CLM-02687,POL-01892,Do Van Long,OUTPATIENT,E11.9,2165,1836,APPROVED,2024-02-19,2024-02-21,Somchai Wattana,FWD Group,Vietnam
CLM-02688,POL-00782,Niran Boonmee,INPATIENT,E11.9,41574,0,IN_REVIEW,2024-08-03,2024-08-14,Nguyen Thi Lan,AIA Insurance,Thailand
CLM-02689,POL-00107,Prasert Rattanaporn,DENTAL,K04.7,8809,6457,APPROVED,2024-10-04,2024-10-06,Somchai Wattana,FWD Group,Thailand
CLM-02690,POL-02368,Dang Quoc Bao,OUTPATIENT,M54.5,6339,0,PENDING,2024-08-08,,Somchai Wattana,FWD Group,Vietnam
CLM-02691,POL-01082,Lau Chi Keung,OUTPATIENT,E11.9,9235,0,PENDING,2024-03-27,,Somchai Wattana,Prudential Life,Hong Kong
CLM-02692,POL-00445,Ho Yuen Man,DENTAL,K05.10,3929,2877,APPROVED,2024-05-23,2024-06-06,Tran Van Minh,Prudential Life,Hong Kong
CLM-02693,POL-00068,Siriporn Saetang,INPATIENT,J18.9,18936,13980,APPROVED,2024-07-19,2024-08-02,Wong Ka Ming,Prudential Life,Thailand
CLM-02694,POL-00507,Kanya Boonmee,OUTPATIENT,N39.0,3598,2931,APPROVED,2024-07-27,2024-08-02,Nguyen Thi Lan,FWD Group,Thailand
CLM-02695,POL-00344,Pranee Chaiyasit,DENTAL,K05.10,20225,17462,APPROVED,2024-06-03,2024-06-10,Somchai Wattana,Prudential Life,Thailand
CLM-02696,POL-00467,Pham Thu Huong,DENTAL,K02.9,14263,13195,APPROVED,2024-04-05,2024-04-14,Tran Van Minh,Prudential Life,Vietnam
CLM-02697,POL-01035,Anong Saetang,OUTPATIENT,H10.9,37966,0,REJECTED,2024-01-06,2024-01-13,Tran Van Minh,AIA Insurance,Thailand
CLM-02698,POL-00862,Wong Siu Fung,OUTPATIENT,A90,2772,1961,APPROVED,2024-11-08,2024-11-12,Nguyen Thi Lan,AIA Insurance,Hong Kong
CLM-02699,POL-00754,Siriporn Srisuwan,OUTPATIENT,N39.0,3503,3007,APPROVED,2024-02-09,2024-02-13,Somchai Wattana,AIA Insurance,Thailand
CLM-02700,POL-00360,Cheung Ho Yin,DENTAL,K02.9,2481,2262,APPROVED,2024-06-10,2024-06-18,Pranee Srisuwan,FWD Group,Hong Kong
CLM-02701,POL-01135,Ngo Thi Thu,OUTPATIENT,I10,2905,0,REJECTED,2024-03-30,2024-04-12,Pranee Srisuwan,Prudential Life,Vietnam
CLM-02702,POL-01468,Lee Mei Ling,DENTAL,K08.9,2101,0,PENDING,2024-04-17,,Nguyen Thi Lan,Prudential Life,Hong Kong
CLM-02703,POL-01476,Hoang Duc Thang,OUTPATIENT,A09,10293,8869,APPROVED,2024-04-17,2024-04-21,Somchai Wattana,AIA Insurance,Vietnam
CLM-02704,POL-00598,Chan Tsz Ching,MATERNITY,O80,42758,42522,APPROVED,2024-06-02,2024-06-12,Somchai Wattana,Prudential Life,Hong Kong
CLM-02705,POL-01126,Niran Phongpanich,INPATIENT,A09,35679,29161,APPROVED,2024-01-05,2024-01-09,Pranee Srisuwan,Prudential Life,Thailand
CLM-02706,POL-01303,Anong Rattanaporn,DENTAL,K04.7,4092,3593,APPROVED,2024-08-11,2024-08-31,Tran Van Minh,Prudential Life,Thailand
CLM-02707,POL-00966,Cheung Mei Ling,OUTPATIENT,I10,2116,1972,APPROVED,2024-08-04,2024-08-09,Wong Ka Ming,Prudential Life,Hong Kong
CLM-02708,POL-00119,Prasert Rattanaporn,MATERNITY,O80,77508,73535,APPROVED,2024-12-24,2024-12-27,Nguyen Thi Lan,AIA Insurance,Thailand
CLM-02709,POL-00125,Ho Chi Keung,INPATIENT,J45.909,56293,45319,APPROVED,2024-02-06,2024-02-18,Pranee Srisuwan,Prudential Life,Hong Kong
CLM-02710,POL-00730,Kanya Chaiyasit,OUTPATIENT,A90,9740,9486,APPROVED,2024-09-02,2024-09-08,Pranee Srisuwan,Prudential Life,Thailand
CLM-02711,POL-01315,Prasert Thongdee,INPATIENT,S72.001A,40729,0,REJECTED,2024-01-02,2024-01-09,Wong Ka Ming,FWD Group,Thailand
CLM-02712,POL-01993,Chaiwat Thongdee,OUTPATIENT,E11.9,6057,0,REJECTED,2024-01-05,2024-01-08,Pranee Srisuwan,AIA Insurance,Thailand
CLM-02713,POL-01897,Chaiwat Srisuwan,OUTPATIENT,E11.9,871,800,APPROVED,2024-09-13,2024-09-30,Tran Van Minh,FWD Group,Thailand
CLM-02714,POL-02256,Ho Tsz Ching,OUTPATIENT,J06.9,2496,0,IN_REVIEW,2024-11-29,2024-12-06,Tran Van Minh,AIA Insurance,Hong Kong
CLM-02715,POL-02055,Hoang Duc Thang,INPATIENT,E11.9,277396,0,REJECTED,2024-09-14,2024-09-17,Wong Ka Ming,AIA Insurance,Vietnam
CLM-02716,POL-02304,Chaiwat Phongpanich,DENTAL,K05.10,2246,0,PENDING,2024-05-12,,Somchai Wattana,AIA Insurance,Thailand
CLM-02717,POL-00193,Ng Ka Ming,OUTPATIENT,K21.0,1786,1751,APPROVED,2024-08-04,2024-08-10,Wong Ka Ming,Prudential Life,Hong Kong
CLM-02718,POL-00004,Somchai Rattanaporn,INPATIENT,E11.9,35007,33910,APPROVED,2024-02-04,2024-02-08,Somchai Wattana,FWD Group,Thailand
CLM-02719,POL-01400,Vu Ngoc Anh,OUTPATIENT,J06.9,2367,0,IN_REVIEW,2024-10-25,2024-11-04,Somchai Wattana,Prudential Life,Vietnam
CLM-02720,POL-01344,Cheung Chi Keung,INPATIENT,A09,163101,0,REJECTED,2024-12-10,2024-12-12,Somchai Wattana,Prudential Life,Hong Kong
CLM-02721,POL-00683,Cheung Ho Yin,OUTPATIENT,H10.9,2228,0,PENDING,2024-11-29,,Wong Ka Ming,Prudential Life,Hong Kong
CLM-02722,POL-02270,Dang Quoc Bao,OUTPATIENT,K21.0,14842,13379,APPROVED,2024-05-08,2024-05-13,Tran Van Minh,AIA Insurance,Vietnam
CLM-02723,POL-00839,Kittisak Srisuwan,OUTPATIENT,J06.9,1507,0,REJECTED,2024-12-22,2024-12-31,Wong Ka Ming,AIA Insurance,Thailand
CLM-02724,POL-02036,Vu Ngoc Anh,INPATIENT,E11.9,38549,0,PENDING,2024-09-13,,Nguyen Thi Lan,Prudential Life,Vietnam
CLM-02725,POL-02254,Kittisak Wattana,OUTPATIENT,K21.0,2219,1756,APPROVED,2024-10-11,2024-10-25,Nguyen Thi Lan,FWD Group,Thailand
CLM-02726,POL-01317,Le Minh Tuan,OUTPATIENT,A90,2274,0,IN_REVIEW,2024-11-26,2024-12-03,Nguyen Thi Lan,FWD Group,Vietnam
CLM-02727,POL-00759,Tran Thi Mai,INPATIENT,K35.80,14652,11092,APPROVED,2024-12-26,2025-01-02,Somchai Wattana,FWD Group,Vietnam
CLM-02728,POL-00663,Le Minh Tuan,INPATIENT,N39.0,51975,48010,APPROVED,2024-09-11,2024-09-29,Somchai Wattana,AIA Insurance,Vietnam
CLM-02729,POL-00129,Kanya Boonmee,OUTPATIENT,N39.0,500,0,PENDING,2024-05-16,,Wong Ka Ming,Prudential Life,Thailand
CLM-02730,POL-01333,Le Minh Tuan,OUTPATIENT,J06.9,4433,0,REJECTED,2024-11-26,2024-11-28,Nguyen Thi Lan,FWD Group,Vietnam
CLM-02731,POL-01815,Chan Sau Lan,OUTPATIENT,J06.9,3228,2600,APPROVED,2024-03-16,2024-03-20,Tran Van Minh,AIA Insurance,Hong Kong
CLM-02732,POL-01283,Chaiwat Saetang,OUTPATIENT,J06.9,1945,1448,APPROVED,2024-12-26,2024-12-30,Wong Ka Ming,Prudential Life,Thailand
CLM-02733,POL-01639,Hoang Duc Thang,DENTAL,K04.7,3303,0,PENDING,2024-12-01,,Somchai Wattana,AIA Insurance,Vietnam
CLM-02734,POL-02347,Le Minh Tuan,OUTPATIENT,M54.5,500,393,APPROVED,2024-01-01,2024-01-10,Nguyen Thi Lan,Prudential Life,Vietnam
CLM-02735,POL-00681,Malee Rattanaporn,OUTPATIENT,M54.5,1953,1461,APPROVED,2024-10-14,2024-10-18,Pranee Srisuwan,FWD Group,Thailand
CLM-02736,POL-00771,Lau Ka Ming,INPATIENT,E11.9,277033,0,REJECTED,2024-02-14,2024-02-18,Pranee Srisuwan,AIA Insurance,Hong Kong
CLM-02737,POL-02010,Hoang Duc Thang,OUTPATIENT,J06.9,3798,3617,APPROVED,2024-09-13,2024-09-19,Nguyen Thi Lan,AIA Insurance,Vietnam
CLM-02738,POL-02394,Hoang Duc Thang,OUTPATIENT,A90,6214,0,IN_REVIEW,2024-09-15,2024-09-20,Pranee Srisuwan,Prudential Life,Vietnam
CLM-02739,POL-00948,Wong Ho Yin,INPATIENT,J18.9,64514,57481,APPROVED,2024-12-08,2024-12-14,Pranee Srisuwan,Prudential Life,Hong Kong
CLM-02740,POL-02176,Dang Quoc Bao,MATERNITY,O80,87670,0,REJECTED,2024-05-14,2024-05-22,Nguyen Thi Lan,Prudential Life,Vietnam
CLM-02741,POL-00805,Vu Ngoc Anh,MATERNITY,O80,59979,0,PENDING,2024-12-21,,Pranee Srisuwan,FWD Group,Vietnam
CLM-02742,POL-01595,Leung Mei Ling,OUTPATIENT,J45.909,938,0,IN_REVIEW,2024-05-09,2024-05-15,Nguyen Thi Lan,Prudential Life,Hong Kong
CLM-02743,POL-02123,Prasert Chaiyasit,OUTPATIENT,J06.9,4096,0,REJECTED,2024-04-02,2024-04-06,Nguyen Thi Lan,AIA Insurance,Thailand
CLM-02744,POL-01533,Do Van Long,OUTPATIENT,I10,1874,1478,APPROVED,2024-08-13,2024-08-16,Somchai Wattana,Prudential Life,Vietnam
CLM-02745,POL-00427,Chaiwat Rattanaporn,OUTPATIENT,H10.9,3326,3104,APPROVED,2024-01-27,2024-01-31,Tran Van Minh,AIA Insurance,Thailand
CLM-02746,POL-02020,Do Van Long,DENTAL,K04.7,21658,18305,APPROVED,2024-11-05,2024-11-08,Somchai Wattana,Prudential Life,Vietnam
CLM-02747,POL-01917,Hoang Duc Thang,OUTPATIENT,J06.9,9487,8414,APPROVED,2024-05-05,2024-05-13,Tran Van Minh,FWD Group,Vietnam
CLM-02748,POL-01853,Lee Wai Yan,OUTPATIENT,A90,1369,1295,APPROVED,2024-03-15,2024-04-14,Somchai Wattana,Prudential Life,Hong Kong
CLM-02749,POL-01142,Vu Ngoc Anh,OUTPATIENT,H10.9,4708,3899,APPROVED,2024-08-03,2024-08-23,Somchai Wattana,Prudential Life,Vietnam
CLM-02750,POL-00338,Bui Thanh Ha,INPATIENT,A90,141569,0,REJECTED,2024-05-19,2024-05-25,Pranee Srisuwan,AIA Insurance,Vietnam
CLM-02751,POL-02170,Niran Thongdee,DENTAL,K04.7,2248,2215,APPROVED,2024-03-17,2024-03-22,Wong Ka Ming,FWD Group,Thailand
CLM-02752,POL-01599,Chaiwat Wattana,OUTPATIENT,E11.9,1529,0,PENDING,2024-02-26,,Tran Van Minh,Prudential Life,Thailand
CLM-02753,POL-01436,Pham Thu Huong,DENTAL,K02.9,1192,1127,APPROVED,2024-02-15,2024-02-17,Nguyen Thi Lan,AIA Insurance,Vietnam
CLM-02754,POL-00379,Ho Mei Ling,OUTPATIENT,K21.0,2343,0,PENDING,2024-07-29,,Somchai Wattana,AIA Insurance,Hong Kong
CLM-02755,POL-00907,Leung Chi Keung,OUTPATIENT,A09,25868,25135,APPROVED,2024-05-17,2024-05-31,Tran Van Minh,AIA Insurance,Hong Kong
CLM-02756,POL-00064,Lau Tsz Ching,OUTPATIENT,J45.909,3353,0,PENDING,2024-03-01,,Wong Ka Ming,FWD Group,Hong Kong
CLM-02757,POL-01229,Ho Sau Lan,DENTAL,K05.10,4383,3195,APPROVED,2024-05-13,2024-05-21,Tran Van Minh,FWD Group,Hong Kong
CLM-02758,POL-00641,Siriporn Boonmee,OUTPATIENT,I10,1421,1386,APPROVED,2024-04-16,2024-04-23,Nguyen Thi Lan,Prudential Life,Thailand
CLM-02759,POL-00058,Kittisak Phongpanich,OUTPATIENT,J06.9,2656,2595,APPROVED,2024-02-16,2024-02-22,Somchai Wattana,FWD Group,Thailand
CLM-02760,POL-01121,Anong Saetang,OUTPATIENT,N39.0,4738,0,REJECTED,2024-08-16,2024-08-26,Somchai Wattana,FWD Group,Thailand
CLM-02761,POL-00824,Tran Thi Mai,OUTPATIENT,E11.9,1013,770,APPROVED,2024-01-05,2024-01-15,Tran Van Minh,AIA Insurance,Vietnam
CLM-02762,POL-02191,Pham Thu Huong,INPATIENT,J18.9,151995,0,PENDING,2024-09-13,,Pranee Srisuwan,AIA Insurance,Vietnam
CLM-02763,POL-01196,Ng Mei Ling,MATERNITY,O80,29453,0,REJECTED,2024-11-13,2024-11-27,Nguyen Thi Lan,Prudential Life,Hong Kong
CLM-02764,POL-02339,Malee Thongdee,DENTAL,K05.10,4484,3813,APPROVED,2024-01-10,2024-01-14,Somchai Wattana,Prudential Life,Thailand
CLM-02765,POL-00746,Somchai Wattana,MATERNITY,O82,67128,60310,APPROVED,2024-12-10,2024-12-20,Pranee Srisuwan,Prudential Life,Thailand
CLM-02766,POL-02119,Kanya Chaiyasit,INPATIENT,N39.0,230796,189317,APPROVED,2024-10-28,2024-11-01,Pranee Srisuwan,AIA Insurance,Thailand
CLM-02767,POL-01187,Lee Ho Yin,INPATIENT,J18.9,1251633,1159318,APPROVED,2024-07-23,2024-07-27,Pranee Srisuwan,FWD Group,Hong Kong
CLM-02768,POL-00920,Kittisak Chaiyasit,OUTPATIENT,I10,601,422,APPROVED,2024-10-18,2024-10-26,Somchai Wattana,Prudential Life,Thailand
CLM-02769,POL-02325,Chan Yuen Man,OUTPATIENT,M54.5,4193,0,IN_REVIEW,2024-05-26,2024-05-30,Nguyen Thi Lan,AIA Insurance,Hong Kong
CLM-02770,POL-02025,Ng Mei Ling,MATERNITY,O82,79672,67965,APPROVED,2024-10-22,2024-11-01,Wong Ka Ming,Prudential Life,Hong Kong
CLM-02771,POL-00041,Ho Tsz Ching,INPATIENT,A09,39196,38407,APPROVED,2024-11-14,2024-11-29,Somchai Wattana,AIA Insurance,Hong Kong
CLM-02772,POL-00806,Le Minh Tuan,OUTPATIENT,K21.0,2568,1829,APPROVED,2024-10-13,2024-10-15,Nguyen Thi Lan,AIA Insurance,Vietnam
CLM-02773,POL-02387,Malee Wattana,DENTAL,K02.9,10226,0,PENDING,2024-09-08,,Somchai Wattana,FWD Group,Thailand
CLM-02774,POL-01001,Siriporn Srisuwan,MATERNITY,O82,52293,51450,APPROVED,2024-04-22,2024-04-25,Wong Ka Ming,AIA Insurance,Thailand
CLM-02775,POL-02210,Cheung Ka Ming,OUTPATIENT,M54.5,4355,3129,APPROVED,2024-02-24,2024-03-09,Wong Ka Ming,FWD Group,Hong Kong
CLM-02776,POL-00512,Dang Quoc Bao,OUTPATIENT,E11.9,1584,1255,APPROVED,2024-03-29,2024-04-09,Pranee Srisuwan,Prudential Life,Vietnam
CLM-02777,POL-01230,Ng Ka Ming,OUTPATIENT,J06.9,2175,1892,APPROVED,2024-11-04,2024-11-09,Pranee Srisuwan,Prudential Life,Hong Kong
CLM-02778,POL-01898,Le Minh Tuan,OUTPATIENT,J06.9,1014,0,IN_REVIEW,2024-06-29,2024-07-05,Nguyen Thi Lan,AIA Insurance,Vietnam
CLM-02779,POL-02029,Pham Thu Huong,OUTPATIENT,J45.909,2527,2334,APPROVED,2024-11-26,2024-11-29,Pranee Srisuwan,Prudential Life,Vietnam
CLM-02780,POL-02208,Malee Boonmee,OUTPATIENT,A90,4152,0,REJECTED,2024-07-01,2024-07-03,Nguyen Thi Lan,Prudential Life,Thailand
CLM-02781,POL-02089,Prasert Saetang,DENTAL,K02.9,1513,0,IN_REVIEW,2024-09-11,2024-09-22,Wong Ka Ming,AIA Insurance,Thailand
CLM-02782,POL-00295,Nguyen Van An,OUTPATIENT,A09,2294,2064,APPROVED,2024-07-05,2024-07-12,Pranee Srisuwan,AIA Insurance,Vietnam
CLM-02783,POL-01120,Vu Ngoc Anh,OUTPATIENT,H10.9,3755,2776,APPROVED,2024-04-24,2024-04-27,Nguyen Thi Lan,Prudential Life,Vietnam
CLM-02784,POL-01969,Malee Phongpanich,INPATIENT,J45.909,49051,40953,APPROVED,2024-10-07,2024-10-28,Somchai Wattana,Prudential Life,Thailand
CLM-02785,POL-00939,Lee Mei Ling,OUTPATIENT,J06.9,7105,5865,APPROVED,2024-11-28,2024-12-07,Nguyen Thi Lan,FWD Group,Hong Kong
CLM-02786,POL-01778,Anong Thongdee,OUTPATIENT,A09,5078,0,IN_REVIEW,2024-01-10,2024-01-13,Nguyen Thi Lan,AIA Insurance,Thailand
CLM-02787,POL-02209,Lau Sau Lan,OUTPATIENT,E11.9,7743,0,PENDING,2024-08-25,,Wong Ka Ming,AIA Insurance,Hong Kong
CLM-02788,POL-00781,Dang Quoc Bao,DENTAL,K02.9,4874,0,REJECTED,2024-10-02,2024-10-10,Nguyen Thi Lan,Prudential Life,Vietnam
CLM-02789,POL-02250,Chan Chi Keung,OUTPATIENT,E11.9,8152,6175,APPROVED,2024-07-10,2024-07-13,Tran Van Minh,AIA Insurance,Hong Kong
CLM-02790,POL-01211,Chaiwat Wattana,INPATIENT,J18.9,32287,0,IN_REVIEW,2024-10-07,2024-10-15,Pranee Srisuwan,Prudential Life,Thailand
CLM-02791,POL-01142,Vu Ngoc Anh,OUTPATIENT,A90,850,0,REJECTED,2024-03-24,2024-03-28,Nguyen Thi Lan,Prudential Life,Vietnam
CLM-02792,POL-00146,Lau Tsz Ching,OUTPATIENT,L30.9,1514,0,REJECTED,2024-09-14,2024-09-16,Somchai Wattana,Prudential Life,Hong Kong
CLM-02793,POL-01063,Somchai Wattana,OUTPATIENT,A09,9961,8585,APPROVED,2024-02-25,2024-03-07,Nguyen Thi Lan,AIA Insurance,Thailand
CLM-02794,POL-01447,Pranee Phongpanich,OUTPATIENT,I10,3326,3098,APPROVED,2024-01-10,2024-01-15,Somchai Wattana,AIA Insurance,Thailand
CLM-02795,POL-00130,Somchai Wattana,OUTPATIENT,J06.9,3093,0,PENDING,2024-12-19,,Tran Van Minh,Prudential Life,Thailand
CLM-02796,POL-01717,Wong Chi Keung,OUTPATIENT,A09,7661,7030,APPROVED,2024-06-15,2024-06-21,Tran Van Minh,AIA Insurance,Hong Kong
CLM-02797,POL-02062,Ng Wai Yan,INPATIENT,J45.909,70690,66746,APPROVED,2024-12-18,2024-12-21,Wong Ka Ming,Prudential Life,Hong Kong
CLM-02798,POL-00595,Ngo Thi Thu,OUTPATIENT,K21.0,3226,2415,APPROVED,2024-12-10,2024-12-15,Tran Van Minh,Prudential Life,Vietnam
CLM-02799,POL-01307,Pham Thu Huong,OUTPATIENT,A09,2802,1971,APPROVED,2024-04-11,2024-04-13,Somchai Wattana,Prudential Life,Vietnam
CLM-02800,POL-02315,Somchai Rattanaporn,OUTPATIENT,K21.0,3737,2822,APPROVED,2024-02-21,2024-02-23,Somchai Wattana,AIA Insurance,Thailand
CLM-02801,POL-00990,Tran Thi Mai,OUTPATIENT,J45.909,784,676,APPROVED,2024-12-15,2024-12-19,Tran Van Minh,AIA Insurance,Vietnam
CLM-02802,POL-01051,Niran Wattana,OUTPATIENT,N39.0,962,0,PENDING,2024-11-07,,Nguyen Thi Lan,Prudential Life,Thailand
CLM-02803,POL-01751,Pham Thu Huong,DENTAL,K05.10,8263,6479,APPROVED,2024-01-26,2024-02-16,Tran Van Minh,Prudential Life,Vietnam
CLM-02804,POL-00329,Pranee Saetang,DENTAL,K05.10,4372,0,REJECTED,2024-01-15,2024-01-21,Pranee Srisuwan,FWD Group,Thailand
CLM-02805,POL-00281,Tran Thi Mai,INPATIENT,A09,178251,151576,APPROVED,2024-07-22,2024-07-24,Pranee Srisuwan,FWD Group,Vietnam
CLM-02806,POL-00495,Pranee Wattana,OUTPATIENT,J06.9,4959,3800,APPROVED,2024-03-25,2024-04-14,Somchai Wattana,AIA Insurance,Thailand
CLM-02807,POL-01765,Chan Yuen Man,MATERNITY,O82,48080,37765,APPROVED,2024-01-21,2024-01-27,Pranee Srisuwan,Prudential Life,Hong Kong
CLM-02808,POL-02017,Hoang Duc Thang,DENTAL,K08.9,4167,0,REJECTED,2024-10-07,2024-10-16,Wong Ka Ming,AIA Insurance,Vietnam
CLM-02809,POL-00659,Cheung Kwok Wah,OUTPATIENT,J45.909,3269,0,PENDING,2024-11-15,,Wong Ka Ming,AIA Insurance,Hong Kong
CLM-02810,POL-02322,Siriporn Phongpanich,OUTPATIENT,I10,6412,0,PENDING,2024-01-31,,Somchai Wattana,AIA Insurance,Thailand
CLM-02811,POL-02062,Ng Wai Yan,INPATIENT,J18.9,9275,7770,APPROVED,2024-11-03,2024-11-05,Nguyen Thi Lan,Prudential Life,Hong Kong
CLM-02812,POL-00178,Vu Ngoc Anh,OUTPATIENT,A09,596,0,REJECTED,2024-03-14,2024-03-21,Somchai Wattana,AIA Insurance,Vietnam
CLM-02813,POL-00887,Pham Thu Huong,OUTPATIENT,I10,1133,887,APPROVED,2024-09-13,2024-09-24,Somchai Wattana,Prudential Life,Vietnam
CLM-02814,POL-01932,Bui Thanh Ha,DENTAL,K04.7,13823,12384,APPROVED,2024-02-22,2024-02-29,Pranee Srisuwan,AIA Insurance,Vietnam
CLM-02815,POL-00296,Hoang Duc Thang,OUTPATIENT,I10,2446,2205,APPROVED,2024-03-01,2024-03-07,Somchai Wattana,AIA Insurance,Vietnam
CLM-02816,POL-01567,Tran Thi Mai,OUTPATIENT,A90,2446,0,IN_REVIEW,2024-07-24,2024-08-10,Tran Van Minh,AIA Insurance,Vietnam
CLM-02817,POL-00867,Pranee Phongpanich,OUTPATIENT,H10.9,500,375,APPROVED,2024-11-25,2024-12-01,Tran Van Minh,AIA Insurance,Thailand
CLM-02818,POL-01468,Lee Mei Ling,MATERNITY,O80,47334,0,IN_REVIEW,2024-01-31,2024-02-13,Somchai Wattana,Prudential Life,Hong Kong
CLM-02819,POL-01156,Hoang Duc Thang,OUTPATIENT,A90,1376,1174,APPROVED,2024-09-15,2024-09-21,Somchai Wattana,AIA Insurance,Vietnam
CLM-02820,POL-00427,Chaiwat Rattanaporn,OUTPATIENT,N39.0,6216,5996,APPROVED,2024-10-08,2024-10-22,Wong Ka Ming,AIA Insurance,Thailand
CLM-02821,POL-00544,Anong Saetang,OUTPATIENT,A90,1002,729,APPROVED,2024-10-14,2024-10-17,Nguyen Thi Lan,AIA Insurance,Thailand
CLM-02822,POL-00677,Lau Sau Lan,OUTPATIENT,I10,4191,3189,APPROVED,2024-10-17,2024-10-24,Wong Ka Ming,AIA Insurance,Hong Kong
CLM-02823,POL-00622,Pham Thu Huong,DENTAL,K08.9,5814,5191,APPROVED,2024-06-01,2024-06-03,Tran Van Minh,Prudential Life,Vietnam
CLM-02824,POL-00153,Lau Chi Keung,OUTPATIENT,I10,4337,0,REJECTED,2024-09-22,2024-09-27,Pranee Srisuwan,Prudential Life,Hong Kong
CLM-02825,POL-00370,Hoang Duc Thang,OUTPATIENT,A90,3546,2576,APPROVED,2024-10-25,2024-11-12,Nguyen Thi Lan,FWD Group,Vietnam
CLM-02826,POL-01967,Malee Srisuwan,OUTPATIENT,H10.9,3311,0,REJECTED,2024-12-30,2025-01-05,Tran Van Minh,AIA Insurance,Thailand
CLM-02827,POL-02213,Kanya Saetang,OUTPATIENT,E11.9,20751,14898,APPROVED,2024-08-05,2024-08-11,Somchai Wattana,FWD Group,Thailand
CLM-02828,POL-00402,Chan Mei Ling,INPATIENT,J18.9,99477,0,REJECTED,2024-11-27,2024-11-29,Pranee Srisuwan,Prudential Life,Hong Kong
CLM-02829,POL-00228,Vu Ngoc Anh,OUTPATIENT,E11.9,2183,1583,APPROVED,2024-07-25,2024-07-27,Pranee Srisuwan,Prudential Life,Vietnam
CLM-02830,POL-00156,Anong Phongpanich,OUTPATIENT,L30.9,3423,2524,APPROVED,2024-09-05,2024-09-11,Pranee Srisuwan,AIA Insurance,Thailand
CLM-02831,POL-00715,Tran Thi Mai,OUTPATIENT,M54.5,1497,1410,APPROVED,2024-04-13,2024-04-15,Tran Van Minh,Prudential Life,Vietnam
CLM-02832,POL-00608,Niran Rattanaporn,DENTAL,K02.9,1673,1636,APPROVED,2024-04-07,2024-04-10,Pranee Srisuwan,AIA Insurance,Thailand
CLM-02833,POL-02249,Niran Rattanaporn,OUTPATIENT,I10,851,624,APPROVED,2024-01-27,2024-02-06,Wong Ka Ming,AIA Insurance,Thailand
CLM-02834,POL-00585,Prasert Wattana,OUTPATIENT,E11.9,8378,6283,APPROVED,2024-01-27,2024-02-05,Somchai Wattana,Prudential Life,Thailand
CLM-02835,POL-01582,Le Minh Tuan,OUTPATIENT,J06.9,1595,0,IN_REVIEW,2024-08-13,2024-09-08,Wong Ka Ming,AIA Insurance,Vietnam
CLM-02836,POL-00147,Chaiwat Wattana,INPATIENT,J45.909,103044,96563,APPROVED,2024-07-12,2024-07-21,Wong Ka Ming,Prudential Life,Thailand
CLM-02837,POL-00684,Ho Yuen Man,OUTPATIENT,J45.909,7103,0,PENDING,2024-10-27,,Nguyen Thi Lan,AIA Insurance,Hong Kong
CLM-02838,POL-00989,Vu Ngoc Anh,OUTPATIENT,J45.909,884,852,APPROVED,2024-08-09,2024-08-13,Nguyen Thi Lan,Prudential Life,Vietnam
CLM-02839,POL-01021,Anong Saetang,DENTAL,K05.10,5420,4746,APPROVED,2024-09-21,2024-09-25,Somchai Wattana,Prudential Life,Thailand
CLM-02840,POL-00460,Pham Thu Huong,OUTPATIENT,M54.5,27575,0,IN_REVIEW,2024-11-14,2024-11-21,Wong Ka Ming,Prudential Life,Vietnam
CLM-02841,POL-01582,Le Minh Tuan,OUTPATIENT,N39.0,10347,0,PENDING,2024-11-09,,Tran Van Minh,AIA Insurance,Vietnam
CLM-02842,POL-02003,Chan Yuen Man,OUTPATIENT,J06.9,3603,0,REJECTED,2024-06-12,2024-06-15,Wong Ka Ming,AIA Insurance,Hong Kong
CLM-02843,POL-00680,Chan Yuen Man,OUTPATIENT,A09,7335,6717,APPROVED,2024-09-18,2024-09-21,Somchai Wattana,Prudential Life,Hong Kong
CLM-02844,POL-01093,Pranee Srisuwan,OUTPATIENT,A09,1223,1128,APPROVED,2024-01-17,2024-01-27,Tran Van Minh,AIA Insurance,Thailand
CLM-02845,POL-00809,Wong Siu Fung,INPATIENT,J18.9,66136,0,REJECTED,2024-12-10,2024-12-18,Nguyen Thi Lan,Prudential Life,Hong Kong
CLM-02846,POL-00033,Do Van Long,INPATIENT,E11.9,98060,69234,APPROVED,2024-12-08,2024-12-20,Tran Van Minh,Prudential Life,Vietnam
CLM-02847,POL-00807,Chan Wai Yan,DENTAL,K05.10,2925,2508,APPROVED,2024-12-13,2024-12-18,Pranee Srisuwan,AIA Insurance,Hong Kong
CLM-02848,POL-00829,Lau Wai Yan,OUTPATIENT,J45.909,1990,1399,APPROVED,2024-03-13,2024-04-02,Wong Ka Ming,AIA Insurance,Hong Kong
CLM-02849,POL-00714,Prasert Boonmee,OUTPATIENT,E11.9,1448,1426,APPROVED,2024-11-15,2024-11-29,Pranee Srisuwan,AIA Insurance,Thailand
CLM-02850,POL-00368,Ng Tsz Ching,DENTAL,K02.9,19137,17237,APPROVED,2024-01-08,2024-01-29,Nguyen Thi Lan,AIA Insurance,Hong Kong
CLM-02851,POL-01993,Chaiwat Thongdee,OUTPATIENT,E11.9,1394,0,IN_REVIEW,2024-03-25,2024-04-04,Nguyen Thi Lan,AIA Insurance,Thailand
CLM-02852,POL-00071,Chan Mei Ling,DENTAL,K08.9,11888,8955,APPROVED,2024-01-22,2024-01-27,Wong Ka Ming,FWD Group,Hong Kong
CLM-02853,POL-00344,Pranee Chaiyasit,OUTPATIENT,J45.909,4490,4026,APPROVED,2024-09-21,2024-09-29,Pranee Srisuwan,Prudential Life,Thailand
CLM-02854,POL-00601,Vu Ngoc Anh,OUTPATIENT,A90,2806,0,IN_REVIEW,2024-08-05,2024-08-09,Tran Van Minh,Prudential Life,Vietnam
CLM-02855,POL-00177,Hoang Duc Thang,OUTPATIENT,M54.5,1567,1287,APPROVED,2024-05-25,2024-05-29,Somchai Wattana,FWD Group,Vietnam
CLM-02856,POL-00143,Pham Thu Huong,OUTPATIENT,A90,10810,0,PENDING,2024-09-01,,Tran Van Minh,FWD Group,Vietnam
CLM-02857,POL-01340,Siriporn Boonmee,OUTPATIENT,A90,1296,1055,APPROVED,2024-08-16,2024-08-19,Tran Van Minh,AIA Insurance,Thailand
CLM-02858,POL-00096,Anong Rattanaporn,DENTAL,K02.9,2452,1744,APPROVED,2024-12-12,2024-12-15,Somchai Wattana,AIA Insurance,Thailand
CLM-02859,POL-00682,Chan Chi Keung,MATERNITY,O80,98589,98351,APPROVED,2024-04-24,2024-05-01,Tran Van Minh,FWD Group,Hong Kong
CLM-02860,POL-02159,Wong Ho Yin,OUTPATIENT,A09,1454,1339,APPROVED,2024-01-25,2024-02-02,Somchai Wattana,Prudential Life,Hong Kong
CLM-02861,POL-02395,Dang Quoc Bao,OUTPATIENT,J45.909,4533,4531,APPROVED,2024-02-11,2024-02-15,Somchai Wattana,AIA Insurance,Vietnam
CLM-02862,POL-00899,Siriporn Boonmee,DENTAL,K08.9,1508,1339,APPROVED,2024-11-18,2024-11-23,Pranee Srisuwan,Prudential Life,Thailand
CLM-02863,POL-01105,Wong Siu Fung,OUTPATIENT,M54.5,2284,2031,APPROVED,2024-09-03,2024-09-16,Nguyen Thi Lan,AIA Insurance,Hong Kong
CLM-02864,POL-00428,Lee Ho Yin,DENTAL,K04.7,4021,2884,APPROVED,2024-01-07,2024-01-10,Somchai Wattana,Prudential Life,Hong Kong
CLM-02865,POL-01420,Ngo Thi Thu,OUTPATIENT,M54.5,9758,7118,APPROVED,2024-07-05,2024-07-10,Somchai Wattana,FWD Group,Vietnam
CLM-02866,POL-00489,Le Minh Tuan,OUTPATIENT,J06.9,5158,4009,APPROVED,2024-04-20,2024-05-06,Tran Van Minh,Prudential Life,Vietnam
CLM-02867,POL-00467,Pham Thu Huong,OUTPATIENT,J06.9,10634,0,IN_REVIEW,2024-11-04,2024-11-09,Somchai Wattana,Prudential Life,Vietnam
CLM-02868,POL-01850,Do Van Long,INPATIENT,J45.909,275216,232127,APPROVED,2024-10-24,2024-10-29,Nguyen Thi Lan,AIA Insurance,Vietnam
CLM-02869,POL-01152,Somchai Phongpanich,DENTAL,K08.9,2922,2395,APPROVED,2024-04-25,2024-04-29,Somchai Wattana,FWD Group,Thailand
CLM-02870,POL-00204,Dang Quoc Bao,OUTPATIENT,E11.9,625,471,APPROVED,2024-01-31,2024-02-06,Pranee Srisuwan,Prudential Life,Vietnam
CLM-02871,POL-00358,Somchai Rattanaporn,OUTPATIENT,E11.9,1092,1090,APPROVED,2024-10-16,2024-10-25,Somchai Wattana,Prudential Life,Thailand
CLM-02872,POL-00784,Cheung Sau Lan,DENTAL,K02.9,8550,0,IN_REVIEW,2024-09-26,2024-10-02,Tran Van Minh,AIA Insurance,Hong Kong
CLM-02873,POL-01305,Hoang Duc Thang,OUTPATIENT,E11.9,6828,5595,APPROVED,2024-11-23,2024-11-26,Somchai Wattana,AIA Insurance,Vietnam
CLM-02874,POL-00561,Kanya Chaiyasit,OUTPATIENT,H10.9,6542,5472,APPROVED,2024-08-24,2024-09-05,Pranee Srisuwan,Prudential Life,Thailand
CLM-02875,POL-00127,Lee Tsz Ching,MATERNITY,O80,16835,13943,APPROVED,2024-10-18,2024-10-25,Pranee Srisuwan,AIA Insurance,Hong Kong
CLM-02876,POL-01754,Siriporn Phongpanich,OUTPATIENT,I10,688,553,APPROVED,2024-06-27,2024-06-30,Pranee Srisuwan,FWD Group,Thailand
CLM-02877,POL-01567,Tran Thi Mai,OUTPATIENT,J45.909,4499,3237,APPROVED,2024-11-19,2024-12-01,Somchai Wattana,AIA Insurance,Vietnam
CLM-02878,POL-01189,Kanya Boonmee,OUTPATIENT,J45.909,4283,3886,APPROVED,2024-10-09,2024-10-12,Nguyen Thi Lan,Prudential Life,Thailand
CLM-02879,POL-01464,Somchai Rattanaporn,OUTPATIENT,M54.5,2125,0,IN_REVIEW,2024-12-04,2024-12-07,Somchai Wattana,FWD Group,Thailand
CLM-02880,POL-00042,Wong Yuen Man,DENTAL,K05.10,2151,2085,APPROVED,2024-05-08,2024-05-17,Nguyen Thi Lan,Prudential Life,Hong Kong
CLM-02881,POL-02128,Prasert Phongpanich,OUTPATIENT,N39.0,41184,30973,APPROVED,2024-12-22,2024-12-28,Wong Ka Ming,AIA Insurance,Thailand
CLM-02882,POL-00461,Chan Kwok Wah,DENTAL,K02.9,1128,0,REJECTED,2024-02-13,2024-02-15,Nguyen Thi Lan,AIA Insurance,Hong Kong
CLM-02883,POL-00510,Ng Yuen Man,OUTPATIENT,K21.0,1506,1126,APPROVED,2024-11-10,2024-11-17,Wong Ka Ming,Prudential Life,Hong Kong
CLM-02884,POL-01832,Ng Mei Ling,OUTPATIENT,J06.9,528,510,APPROVED,2024-03-13,2024-03-21,Nguyen Thi Lan,AIA Insurance,Hong Kong
CLM-02885,POL-01285,Leung Ka Ming,OUTPATIENT,E11.9,500,383,APPROVED,2024-02-05,2024-02-14,Somchai Wattana,Prudential Life,Hong Kong
CLM-02886,POL-01621,Ng Ka Ming,OUTPATIENT,J06.9,1175,1133,APPROVED,2024-11-23,2024-11-28,Tran Van Minh,Prudential Life,Hong Kong
CLM-02887,POL-00202,Siriporn Chaiyasit,OUTPATIENT,L30.9,3974,0,PENDING,2024-10-23,,Wong Ka Ming,AIA Insurance,Thailand
CLM-02888,POL-02204,Ngo Thi Thu,DENTAL,K05.10,6376,5930,APPROVED,2024-02-02,2024-02-12,Nguyen Thi Lan,AIA Insurance,Vietnam
CLM-02889,POL-02245,Chaiwat Boonmee,DENTAL,K05.10,36645,0,IN_REVIEW,2024-07-17,2024-07-19,Somchai Wattana,FWD Group,Thailand
CLM-02890,POL-00368,Ng Tsz Ching,DENTAL,K04.7,1701,1579,APPROVED,2024-01-16,2024-01-20,Pranee Srisuwan,AIA Insurance,Hong Kong
CLM-02891,POL-01414,Anong Rattanaporn,OUTPATIENT,E11.9,1516,1178,APPROVED,2024-08-15,2024-08-28,Wong Ka Ming,AIA Insurance,Thailand
CLM-02892,POL-00345,Malee Chaiyasit,OUTPATIENT,H10.9,5419,5295,APPROVED,2024-06-03,2024-06-06,Somchai Wattana,FWD Group,Thailand
CLM-02893,POL-00504,Tran Thi Mai,OUTPATIENT,A90,9228,0,REJECTED,2024-09-26,2024-10-01,Somchai Wattana,Prudential Life,Vietnam
CLM-02894,POL-00305,Wong Wai Yan,OUTPATIENT,M54.5,12450,12364,APPROVED,2024-09-07,2024-09-11,Somchai Wattana,AIA Insurance,Hong Kong
CLM-02895,POL-00044,Dang Quoc Bao,DENTAL,K04.7,7868,0,REJECTED,2024-07-19,2024-07-25,Tran Van Minh,AIA Insurance,Vietnam
CLM-02896,POL-00234,Tran Thi Mai,DENTAL,K02.9,22050,0,PENDING,2024-09-23,,Pranee Srisuwan,FWD Group,Vietnam
CLM-02897,POL-00805,Vu Ngoc Anh,DENTAL,K05.10,10440,9248,APPROVED,2024-06-25,2024-07-01,Tran Van Minh,FWD Group,Vietnam
CLM-02898,POL-01673,Chan Sau Lan,OUTPATIENT,J06.9,1538,1149,APPROVED,2024-06-23,2024-07-01,Wong Ka Ming,Prudential Life,Hong Kong
CLM-02899,POL-01094,Pham Thu Huong,OUTPATIENT,A09,500,0,IN_REVIEW,2024-12-11,2024-12-24,Tran Van Minh,Prudential Life,Vietnam
CLM-02900,POL-01727,Pham Thu Huong,OUTPATIENT,I10,5365,0,REJECTED,2024-09-02,2024-09-11,Nguyen Thi Lan,Prudential Life,Vietnam
CLM-02901,POL-01140,Ho Siu Fung,INPATIENT,A09,66745,63430,APPROVED,2024-12-05,2024-12-10,Somchai Wattana,FWD Group,Hong Kong
CLM-02902,POL-01475,Chaiwat Chaiyasit,INPATIENT,A09,35875,0,PENDING,2024-07-25,,Nguyen Thi Lan,AIA Insurance,Thailand
CLM-02903,POL-01232,Lau Mei Ling,DENTAL,K04.7,1879,1719,APPROVED,2024-06-19,2024-06-28,Wong Ka Ming,Prudential Life,Hong Kong
CLM-02904,POL-02128,Prasert Phongpanich,DENTAL,K02.9,2048,1569,APPROVED,2024-10-01,2024-10-14,Pranee Srisuwan,AIA Insurance,Thailand
CLM-02905,POL-00953,Lee Ho Yin,OUTPATIENT,I10,1872,1354,APPROVED,2024-08-16,2024-08-21,Nguyen Thi Lan,AIA Insurance,Hong Kong
CLM-02906,POL-02129,Nguyen Van An,OUTPATIENT,J06.9,1228,0,PENDING,2024-01-12,,Pranee Srisuwan,Prudential Life,Vietnam
CLM-02907,POL-00033,Do Van Long,INPATIENT,S72.001A,316695,305553,APPROVED,2024-10-18,2024-10-22,Wong Ka Ming,Prudential Life,Vietnam
CLM-02908,POL-01223,Ngo Thi Thu,OUTPATIENT,K21.0,1218,0,REJECTED,2024-02-01,2024-02-18,Nguyen Thi Lan,AIA Insurance,Vietnam
CLM-02909,POL-00658,Pranee Saetang,OUTPATIENT,N39.0,4476,3666,APPROVED,2024-01-12,2024-01-16,Somchai Wattana,Prudential Life,Thailand
CLM-02910,POL-00274,Lau Kwok Wah,OUTPATIENT,I10,1164,0,REJECTED,2024-11-26,2024-12-01,Pranee Srisuwan,Prudential Life,Hong Kong
CLM-02911,POL-01872,Ngo Thi Thu,DENTAL,K04.7,5617,0,REJECTED,2024-06-20,2024-06-22,Pranee Srisuwan,Prudential Life,Vietnam
CLM-02912,POL-00798,Cheung Kwok Wah,DENTAL,K02.9,2133,1897,APPROVED,2024-06-28,2024-07-01,Somchai Wattana,AIA Insurance,Hong Kong
CLM-02913,POL-00221,Chaiwat Wattana,OUTPATIENT,L30.9,964,0,IN_REVIEW,2024-11-20,2024-11-29,Pranee Srisuwan,FWD Group,Thailand
CLM-02914,POL-00881,Prasert Saetang,DENTAL,K02.9,2359,0,IN_REVIEW,2024-01-12,2024-01-22,Somchai Wattana,AIA Insurance,Thailand
CLM-02915,POL-00669,Leung Ho Yin,OUTPATIENT,E11.9,1894,0,IN_REVIEW,2024-02-02,2024-02-04,Somchai Wattana,Prudential Life,Hong Kong
CLM-02916,POL-00909,Lau Ka Ming,OUTPATIENT,L30.9,3550,2890,APPROVED,2024-04-21,2024-05-14,Nguyen Thi Lan,Prudential Life,Hong Kong
CLM-02917,POL-01047,Leung Chi Keung,OUTPATIENT,A09,1697,0,REJECTED,2024-03-03,2024-03-10,Wong Ka Ming,FWD Group,Hong Kong
CLM-02918,POL-01685,Kittisak Boonmee,DENTAL,K02.9,4710,4568,APPROVED,2024-01-10,2024-01-23,Nguyen Thi Lan,AIA Insurance,Thailand
CLM-02919,POL-01618,Anong Saetang,MATERNITY,O82,42011,35984,APPROVED,2024-09-24,2024-10-01,Pranee Srisuwan,AIA Insurance,Thailand
CLM-02920,POL-00887,Pham Thu Huong,OUTPATIENT,I10,2231,0,REJECTED,2024-02-06,2024-02-18,Nguyen Thi Lan,Prudential Life,Vietnam
CLM-02921,POL-01835,Chaiwat Boonmee,MATERNITY,O82,38499,37208,APPROVED,2024-03-04,2024-03-06,Pranee Srisuwan,AIA Insurance,Thailand
CLM-02922,POL-01988,Ngo Thi Thu,OUTPATIENT,L30.9,1444,1275,APPROVED,2024-01-24,2024-01-28,Wong Ka Ming,AIA Insurance,Vietnam
CLM-02923,POL-00283,Wong Ka Ming,DENTAL,K04.7,12858,10232,APPROVED,2024-12-27,2024-12-30,Wong Ka Ming,AIA Insurance,Hong Kong
CLM-02924,POL-00273,Anong Boonmee,OUTPATIENT,E11.9,6717,5296,APPROVED,2024-03-26,2024-03-30,Pranee Srisuwan,Prudential Life,Thailand
CLM-02925,POL-02177,Somchai Srisuwan,OUTPATIENT,K21.0,1139,0,IN_REVIEW,2024-04-30,2024-05-17,Pranee Srisuwan,Prudential Life,Thailand
CLM-02926,POL-00877,Anong Saetang,OUTPATIENT,J45.909,6426,5468,APPROVED,2024-08-24,2024-09-03,Somchai Wattana,FWD Group,Thailand
CLM-02927,POL-02332,Pham Thu Huong,OUTPATIENT,A09,2406,0,IN_REVIEW,2024-04-03,2024-04-06,Pranee Srisuwan,Prudential Life,Vietnam
CLM-02928,POL-02207,Chaiwat Thongdee,DENTAL,K08.9,5365,4270,APPROVED,2024-09-13,2024-09-29,Nguyen Thi Lan,Prudential Life,Thailand
CLM-02929,POL-00231,Dang Quoc Bao,DENTAL,K04.7,3475,2536,APPROVED,2024-04-22,2024-04-30,Somchai Wattana,AIA Insurance,Vietnam
CLM-02930,POL-00149,Do Van Long,DENTAL,K04.7,4522,0,PENDING,2024-07-09,,Nguyen Thi Lan,FWD Group,Vietnam
CLM-02931,POL-00917,Ho Sau Lan,DENTAL,K04.7,4475,3979,APPROVED,2024-03-09,2024-03-18,Tran Van Minh,AIA Insurance,Hong Kong
CLM-02932,POL-02335,Nguyen Van An,OUTPATIENT,K21.0,6186,6125,APPROVED,2024-02-20,2024-02-28,Pranee Srisuwan,AIA Insurance,Vietnam
CLM-02933,POL-01368,Chan Ho Yin,OUTPATIENT,J06.9,7775,0,REJECTED,2024-03-26,2024-04-08,Wong Ka Ming,FWD Group,Hong Kong
CLM-02934,POL-00302,Lau Wai Yan,INPATIENT,E11.9,236358,0,PENDING,2024-10-03,,Tran Van Minh,AIA Insurance,Hong Kong
CLM-02935,POL-01964,Siriporn Wattana,OUTPATIENT,L30.9,1071,750,APPROVED,2024-04-09,2024-04-17,Pranee Srisuwan,Prudential Life,Thailand
CLM-02936,POL-01865,Cheung Tsz Ching,OUTPATIENT,A90,4709,4142,APPROVED,2024-01-14,2024-01-22,Pranee Srisuwan,Prudential Life,Hong Kong
CLM-02937,POL-01616,Somchai Thongdee,INPATIENT,A90,182693,175306,APPROVED,2024-06-17,2024-06-23,Wong Ka Ming,AIA Insurance,Thailand
CLM-02938,POL-01671,Hoang Duc Thang,OUTPATIENT,M54.5,9960,8237,APPROVED,2024-05-09,2024-05-18,Nguyen Thi Lan,AIA Insurance,Vietnam
CLM-02939,POL-02168,Prasert Boonmee,DENTAL,K05.10,1449,0,PENDING,2024-05-20,,Pranee Srisuwan,Prudential Life,Thailand
CLM-02940,POL-02043,Dang Quoc Bao,DENTAL,K05.10,21634,18926,APPROVED,2024-08-13,2024-08-15,Pranee Srisuwan,Prudential Life,Vietnam
CLM-02941,POL-00554,Hoang Duc Thang,OUTPATIENT,A90,2220,1926,APPROVED,2024-08-18,2024-08-21,Pranee Srisuwan,Prudential Life,Vietnam
CLM-02942,POL-01863,Nguyen Van An,OUTPATIENT,I10,6411,0,IN_REVIEW,2024-04-02,2024-04-10,Nguyen Thi Lan,FWD Group,Vietnam
CLM-02943,POL-00933,Dang Quoc Bao,OUTPATIENT,E11.9,2421,1991,APPROVED,2024-02-29,2024-03-14,Tran Van Minh,AIA Insurance,Vietnam
CLM-02944,POL-01202,Ng Chi Keung,OUTPATIENT,M54.5,1934,1386,APPROVED,2024-12-14,2024-12-17,Tran Van Minh,Prudential Life,Hong Kong
CLM-02945,POL-01512,Anong Chaiyasit,OUTPATIENT,J06.9,1172,0,PENDING,2024-11-26,,Wong Ka Ming,FWD Group,Thailand
CLM-02946,POL-00640,Malee Saetang,OUTPATIENT,I10,5445,0,REJECTED,2024-01-04,2024-01-06,Tran Van Minh,AIA Insurance,Thailand
CLM-02947,POL-01574,Ngo Thi Thu,DENTAL,K08.9,36062,0,REJECTED,2024-07-16,2024-07-19,Nguyen Thi Lan,AIA Insurance,Vietnam
CLM-02948,POL-00187,Anong Phongpanich,INPATIENT,J18.9,76196,68814,APPROVED,2024-04-23,2024-05-04,Somchai Wattana,Prudential Life,Thailand
CLM-02949,POL-01595,Leung Mei Ling,DENTAL,K04.7,2619,2368,APPROVED,2024-08-13,2024-08-17,Tran Van Minh,Prudential Life,Hong Kong
CLM-02950,POL-00730,Kanya Chaiyasit,DENTAL,K02.9,3631,3141,APPROVED,2024-08-02,2024-08-13,Nguyen Thi Lan,Prudential Life,Thailand
CLM-02951,POL-00013,Vu Ngoc Anh,DENTAL,K05.10,2379,1928,APPROVED,2024-02-27,2024-03-05,Tran Van Minh,AIA Insurance,Vietnam
CLM-02952,POL-00237,Malee Chaiyasit,DENTAL,K08.9,2375,1953,APPROVED,2024-06-09,2024-06-11,Somchai Wattana,FWD Group,Thailand
CLM-02953,POL-00927,Wong Siu Fung,DENTAL,K08.9,3877,0,REJECTED,2024-09-12,2024-09-17,Wong Ka Ming,FWD Group,Hong Kong
CLM-02954,POL-00672,Lee Ho Yin,OUTPATIENT,A09,7092,7057,APPROVED,2024-08-10,2024-08-16,Nguyen Thi Lan,AIA Insurance,Hong Kong
CLM-02955,POL-01259,Prasert Srisuwan,OUTPATIENT,A90,856,847,APPROVED,2024-05-14,2024-05-24,Tran Van Minh,Prudential Life,Thailand
CLM-02956,POL-01535,Malee Chaiyasit,OUTPATIENT,I10,5539,4552,APPROVED,2024-05-30,2024-06-08,Wong Ka Ming,AIA Insurance,Thailand
CLM-02957,POL-01245,Le Minh Tuan,MATERNITY,O80,71671,51937,APPROVED,2024-01-25,2024-01-31,Nguyen Thi Lan,FWD Group,Vietnam
CLM-02958,POL-01389,Lau Mei Ling,DENTAL,K05.10,6785,5980,APPROVED,2024-11-21,2024-11-30,Somchai Wattana,Prudential Life,Hong Kong
CLM-02959,POL-01807,Malee Phongpanich,OUTPATIENT,L30.9,1336,1167,APPROVED,2024-02-09,2024-02-11,Wong Ka Ming,AIA Insurance,Thailand
CLM-02960,POL-01434,Ho Ho Yin,DENTAL,K04.7,5230,0,IN_REVIEW,2024-11-22,2024-12-16,Pranee Srisuwan,AIA Insurance,Hong Kong
CLM-02961,POL-02146,Ngo Thi Thu,OUTPATIENT,N39.0,3718,3429,APPROVED,2024-05-13,2024-05-25,Wong Ka Ming,FWD Group,Vietnam
CLM-02962,POL-02119,Kanya Chaiyasit,OUTPATIENT,K21.0,2903,0,IN_REVIEW,2024-10-07,2024-10-11,Somchai Wattana,AIA Insurance,Thailand
CLM-02963,POL-01067,Leung Wai Yan,INPATIENT,A09,29250,27079,APPROVED,2024-12-01,2024-12-17,Somchai Wattana,FWD Group,Hong Kong
CLM-02964,POL-01225,Ho Chi Keung,DENTAL,K05.10,4561,0,PENDING,2024-03-07,,Pranee Srisuwan,Prudential Life,Hong Kong
CLM-02965,POL-01966,Do Van Long,DENTAL,K05.10,8394,6351,APPROVED,2024-06-20,2024-06-25,Wong Ka Ming,Prudential Life,Vietnam
CLM-02966,POL-02067,Siriporn Thongdee,OUTPATIENT,J06.9,539,0,REJECTED,2024-01-26,2024-01-28,Pranee Srisuwan,AIA Insurance,Thailand
CLM-02967,POL-00620,Niran Chaiyasit,OUTPATIENT,I10,9854,9711,APPROVED,2024-03-03,2024-03-09,Nguyen Thi Lan,Prudential Life,Thailand
CLM-02968,POL-01364,Chaiwat Chaiyasit,DENTAL,K05.10,13753,0,PENDING,2024-08-20,,Tran Van Minh,FWD Group,Thailand
CLM-02969,POL-01374,Lee Wai Yan,INPATIENT,A90,55193,50245,APPROVED,2024-09-27,2024-10-03,Tran Van Minh,AIA Insurance,Hong Kong
CLM-02970,POL-01617,Wong Ka Ming,OUTPATIENT,E11.9,1978,0,IN_REVIEW,2024-04-16,2024-04-30,Tran Van Minh,AIA Insurance,Hong Kong
CLM-02971,POL-00205,Anong Saetang,DENTAL,K08.9,2116,1693,APPROVED,2024-01-21,2024-01-30,Pranee Srisuwan,FWD Group,Thailand
CLM-02972,POL-01448,Bui Thanh Ha,OUTPATIENT,I10,2751,2535,APPROVED,2024-12-06,2024-12-09,Wong Ka Ming,FWD Group,Vietnam
CLM-02973,POL-02241,Chan Sau Lan,MATERNITY,O80,44495,37077,APPROVED,2024-04-08,2024-04-12,Pranee Srisuwan,Prudential Life,Hong Kong
CLM-02974,POL-01573,Siriporn Wattana,OUTPATIENT,M54.5,4806,0,IN_REVIEW,2024-03-09,2024-03-14,Somchai Wattana,AIA Insurance,Thailand
CLM-02975,POL-00781,Dang Quoc Bao,DENTAL,K05.10,1933,0,PENDING,2024-02-25,,Tran Van Minh,Prudential Life,Vietnam
CLM-02976,POL-01791,Siriporn Boonmee,OUTPATIENT,J06.9,6837,6129,APPROVED,2024-09-06,2024-09-10,Somchai Wattana,FWD Group,Thailand
CLM-02977,POL-02117,Kanya Rattanaporn,OUTPATIENT,N39.0,1057,935,APPROVED,2024-09-07,2024-09-12,Somchai Wattana,Prudential Life,Thailand
CLM-02978,POL-01833,Do Van Long,OUTPATIENT,E11.9,7932,0,REJECTED,2024-07-11,2024-07-20,Wong Ka Ming,AIA Insurance,Vietnam
CLM-02979,POL-01143,Siriporn Saetang,OUTPATIENT,I10,3350,2372,APPROVED,2024-06-22,2024-06-29,Wong Ka Ming,AIA Insurance,Thailand
CLM-02980,POL-00751,Pham Thu Huong,OUTPATIENT,K21.0,1223,1147,APPROVED,2024-01-15,2024-01-23,Wong Ka Ming,FWD Group,Vietnam
CLM-02981,POL-01103,Pranee Rattanaporn,OUTPATIENT,H10.9,13348,0,IN_REVIEW,2024-09-30,2024-10-03,Tran Van Minh,Prudential Life,Thailand
CLM-02982,POL-01112,Lau Yuen Man,OUTPATIENT,I10,2179,2000,APPROVED,2024-09-06,2024-09-14,Somchai Wattana,AIA Insurance,Hong Kong
CLM-02983,POL-00182,Somchai Rattanaporn,OUTPATIENT,E11.9,1293,918,APPROVED,2024-12-12,2024-12-15,Pranee Srisuwan,AIA Insurance,Thailand
CLM-02984,POL-00170,Chaiwat Saetang,DENTAL,K05.10,13743,0,PENDING,2024-09-10,,Nguyen Thi Lan,AIA Insurance,Thailand
CLM-02985,POL-01584,Dang Quoc Bao,DENTAL,K04.7,2579,2362,APPROVED,2024-11-17,2024-11-24,Somchai Wattana,FWD Group,Vietnam
CLM-02986,POL-01040,Hoang Duc Thang,DENTAL,K05.10,4797,0,IN_REVIEW,2024-10-12,2024-10-18,Wong Ka Ming,AIA Insurance,Vietnam
CLM-02987,POL-02290,Chaiwat Boonmee,OUTPATIENT,N39.0,1745,1235,APPROVED,2024-11-13,2024-11-22,Somchai Wattana,Prudential Life,Thailand
CLM-02988,POL-01631,Prasert Saetang,DENTAL,K04.7,9084,0,PENDING,2024-07-02,,Somchai Wattana,AIA Insurance,Thailand
CLM-02989,POL-01634,Do Van Long,DENTAL,K04.7,1062,0,IN_REVIEW,2024-05-23,2024-05-29,Pranee Srisuwan,AIA Insurance,Vietnam
CLM-02990,POL-01081,Siriporn Rattanaporn,DENTAL,K02.9,14820,11252,APPROVED,2024-10-19,2024-10-28,Wong Ka Ming,AIA Insurance,Thailand
CLM-02991,POL-01963,Cheung Ho Yin,OUTPATIENT,J06.9,945,0,IN_REVIEW,2024-11-04,2024-11-06,Nguyen Thi Lan,AIA Insurance,Hong Kong
CLM-02992,POL-01704,Niran Boonmee,OUTPATIENT,J45.909,1506,1476,APPROVED,2024-08-10,2024-08-20,Pranee Srisuwan,FWD Group,Thailand
CLM-02993,POL-02016,Ngo Thi Thu,OUTPATIENT,A09,3158,2546,APPROVED,2024-05-07,2024-05-13,Nguyen Thi Lan,Prudential Life,Vietnam
CLM-02994,POL-00157,Nguyen Van An,OUTPATIENT,I10,500,0,REJECTED,2024-12-13,2024-12-21,Nguyen Thi Lan,AIA Insurance,Vietnam
CLM-02995,POL-01483,Malee Srisuwan,INPATIENT,N39.0,78204,0,REJECTED,2024-02-29,2024-03-02,Pranee Srisuwan,Prudential Life,Thailand
CLM-02996,POL-01098,Kittisak Wattana,DENTAL,K04.7,2038,1657,APPROVED,2024-11-18,2024-11-30,Somchai Wattana,AIA Insurance,Thailand
CLM-02997,POL-01678,Kanya Wattana,DENTAL,K04.7,10126,8670,APPROVED,2024-10-30,2024-11-05,Tran Van Minh,AIA Insurance,Thailand
CLM-02998,POL-01569,Pranee Saetang,OUTPATIENT,K21.0,4428,3254,APPROVED,2024-06-26,2024-06-28,Pranee Srisuwan,AIA Insurance,Thailand
CLM-02999,POL-01875,Bui Thanh Ha,INPATIENT,A90,23519,0,IN_REVIEW,2024-10-02,2024-10-08,Pranee Srisuwan,FWD Group,Vietnam
CLM-03000,POL-01380,Pham Thu Huong,OUTPATIENT,A90,2584,2365,APPROVED,2024-01-16,2024-01-26,Somchai Wattana,AIA Insurance,Vietnam
CLM-03001,POL-00031,Cheung Yuen Man,DENTAL,K05.10,5131,4779,APPROVED,2024-05-19,2024-05-23,Tran Van Minh,Prudential Life,Hong Kong
CLM-03002,POL-00942,Chaiwat Saetang,MATERNITY,O80,115849,0,REJECTED,2024-04-07,2024-04-13,Tran Van Minh,AIA Insurance,Thailand
CLM-03003,POL-02222,Somchai Saetang,OUTPATIENT,I10,5745,5131,APPROVED,2024-09-06,2024-09-09,Wong Ka Ming,AIA Insurance,Thailand
CLM-03004,POL-01954,Kittisak Saetang,OUTPATIENT,H10.9,1032,0,PENDING,2024-12-03,,Tran Van Minh,AIA Insurance,Thailand
CLM-03005,POL-00757,Ng Siu Fung,INPATIENT,A90,214681,0,PENDING,2024-03-15,,Somchai Wattana,FWD Group,Hong Kong
CLM-03006,POL-00898,Kanya Saetang,OUTPATIENT,J45.909,9428,8981,APPROVED,2024-01-06,2024-01-08,Nguyen Thi Lan,FWD Group,Thailand
CLM-03007,POL-00857,Lau Kwok Wah,OUTPATIENT,I10,4039,0,PENDING,2024-09-09,,Pranee Srisuwan,AIA Insurance,Hong Kong
CLM-03008,POL-01454,Vu Ngoc Anh,OUTPATIENT,A90,1915,1642,APPROVED,2024-01-28,2024-02-11,Pranee Srisuwan,FWD Group,Vietnam
CLM-03009,POL-01528,Somchai Saetang,INPATIENT,S72.001A,99667,0,IN_REVIEW,2024-12-20,2024-12-27,Somchai Wattana,AIA Insurance,Thailand
CLM-03010,POL-01489,Kittisak Phongpanich,DENTAL,K05.10,3492,3294,APPROVED,2024-03-28,2024-04-05,Tran Van Minh,AIA Insurance,Thailand
CLM-03011,POL-01268,Prasert Wattana,OUTPATIENT,E11.9,9679,9143,APPROVED,2024-01-20,2024-01-27,Wong Ka Ming,FWD Group,Thailand
CLM-03012,POL-00148,Siriporn Wattana,OUTPATIENT,J06.9,4468,0,REJECTED,2024-03-09,2024-03-17,Somchai Wattana,AIA Insurance,Thailand
CLM-03013,POL-01205,Pham Thu Huong,OUTPATIENT,J06.9,500,430,APPROVED,2024-02-15,2024-02-26,Somchai Wattana,FWD Group,Vietnam
CLM-03014,POL-01557,Niran Phongpanich,DENTAL,K04.7,3173,0,IN_REVIEW,2024-05-14,2024-05-18,Wong Ka Ming,FWD Group,Thailand
CLM-03015,POL-00255,Chaiwat Chaiyasit,OUTPATIENT,E11.9,3053,0,IN_REVIEW,2024-03-30,2024-04-01,Nguyen Thi Lan,FWD Group,Thailand
CLM-03016,POL-01528,Somchai Saetang,INPATIENT,N39.0,52634,0,PENDING,2024-09-23,,Nguyen Thi Lan,AIA Insurance,Thailand
CLM-03017,POL-00191,Kittisak Wattana,OUTPATIENT,I10,813,587,APPROVED,2024-08-15,2024-08-21,Pranee Srisuwan,Prudential Life,Thailand
CLM-03018,POL-01400,Vu Ngoc Anh,OUTPATIENT,J06.9,4178,0,IN_REVIEW,2024-05-04,2024-05-15,Tran Van Minh,Prudential Life,Vietnam
CLM-03019,POL-02222,Somchai Saetang,DENTAL,K02.9,4544,4426,APPROVED,2024-12-01,2024-12-16,Nguyen Thi Lan,AIA Insurance,Thailand
CLM-03020,POL-02196,Kanya Wattana,DENTAL,K05.10,10831,9430,APPROVED,2024-01-14,2024-01-21,Wong Ka Ming,FWD Group,Thailand
CLM-03021,POL-01586,Leung Chi Keung,OUTPATIENT,M54.5,1236,1218,APPROVED,2024-07-18,2024-07-31,Tran Van Minh,Prudential Life,Hong Kong
CLM-03022,POL-01884,Wong Siu Fung,OUTPATIENT,I10,1764,1255,APPROVED,2024-10-14,2024-10-16,Wong Ka Ming,AIA Insurance,Hong Kong
CLM-03023,POL-00103,Anong Srisuwan,DENTAL,K04.7,6147,4434,APPROVED,2024-04-01,2024-04-11,Somchai Wattana,Prudential Life,Thailand
CLM-03024,POL-01158,Ng Sau Lan,OUTPATIENT,A09,973,951,APPROVED,2024-07-31,2024-08-09,Tran Van Minh,FWD Group,Hong Kong
CLM-03025,POL-01683,Ho Mei Ling,OUTPATIENT,A09,500,0,REJECTED,2024-06-23,2024-06-30,Somchai Wattana,Prudential Life,Hong Kong
CLM-03026,POL-01610,Do Van Long,OUTPATIENT,J06.9,5867,5580,APPROVED,2024-12-21,2024-12-29,Nguyen Thi Lan,FWD Group,Vietnam
CLM-03027,POL-00118,Vu Ngoc Anh,OUTPATIENT,J06.9,6508,0,IN_REVIEW,2024-03-30,2024-04-03,Tran Van Minh,FWD Group,Vietnam
CLM-03028,POL-01412,Kanya Phongpanich,INPATIENT,A90,594650,587325,APPROVED,2024-11-17,2024-11-21,Tran Van Minh,AIA Insurance,Thailand
CLM-03029,POL-00359,Kittisak Wattana,INPATIENT,J45.909,82102,71394,APPROVED,2024-06-08,2024-06-14,Tran Van Minh,Prudential Life,Thailand
CLM-03030,POL-00701,Lee Tsz Ching,INPATIENT,A09,48152,0,REJECTED,2024-07-26,2024-08-04,Wong Ka Ming,AIA Insurance,Hong Kong
CLM-03031,POL-01194,Pham Thu Huong,OUTPATIENT,J06.9,2008,1933,APPROVED,2024-02-05,2024-02-06,Somchai Wattana,FWD Group,Vietnam
CLM-03032,POL-00945,Anong Chaiyasit,DENTAL,K08.9,2935,2888,APPROVED,2024-04-21,2024-04-26,Nguyen Thi Lan,FWD Group,Thailand
CLM-03033,POL-00474,Lee Ka Ming,OUTPATIENT,A09,1020,0,REJECTED,2024-05-05,2024-05-06,Pranee Srisuwan,FWD Group,Hong Kong
CLM-03034,POL-02235,Ng Tsz Ching,MATERNITY,O80,17825,13566,APPROVED,2024-02-04,2024-02-13,Somchai Wattana,Prudential Life,Hong Kong
CLM-03035,POL-00319,Anong Phongpanich,OUTPATIENT,K21.0,541,484,APPROVED,2024-01-16,2024-01-24,Wong Ka Ming,Prudential Life,Thailand
CLM-03036,POL-02073,Vu Ngoc Anh,OUTPATIENT,J06.9,659,480,APPROVED,2024-12-20,2024-12-29,Somchai Wattana,AIA Insurance,Vietnam
CLM-03037,POL-00980,Lau Chi Keung,OUTPATIENT,A90,5137,3923,APPROVED,2024-05-12,2024-05-15,Nguyen Thi Lan,FWD Group,Hong Kong
CLM-03038,POL-01954,Kittisak Saetang,INPATIENT,E11.9,207359,0,PENDING,2024-09-01,,Wong Ka Ming,AIA Insurance,Thailand
CLM-03039,POL-00022,Lee Yuen Man,OUTPATIENT,H10.9,3854,0,IN_REVIEW,2024-02-14,2024-02-26,Nguyen Thi Lan,Prudential Life,Hong Kong
CLM-03040,POL-00228,Vu Ngoc Anh,MATERNITY,O80,75132,64872,APPROVED,2024-04-08,2024-04-11,Tran Van Minh,Prudential Life,Vietnam
CLM-03041,POL-02036,Vu Ngoc Anh,OUTPATIENT,J06.9,2908,2401,APPROVED,2024-05-09,2024-05-16,Wong Ka Ming,Prudential Life,Vietnam
CLM-03042,POL-02376,Prasert Thongdee,OUTPATIENT,A09,2031,1756,APPROVED,2024-01-30,2024-02-08,Wong Ka Ming,FWD Group,Thailand
CLM-03043,POL-01723,Prasert Chaiyasit,OUTPATIENT,J45.909,4375,3847,APPROVED,2024-08-28,2024-09-02,Somchai Wattana,AIA Insurance,Thailand
CLM-03044,POL-00475,Le Minh Tuan,OUTPATIENT,I10,5425,4313,APPROVED,2024-06-22,2024-07-01,Tran Van Minh,Prudential Life,Vietnam
CLM-03045,POL-01438,Ng Tsz Ching,OUTPATIENT,M54.5,1036,0,IN_REVIEW,2024-12-01,2024-12-08,Pranee Srisuwan,FWD Group,Hong Kong
CLM-03046,POL-01147,Nguyen Van An,OUTPATIENT,H10.9,4247,3984,APPROVED,2024-11-23,2024-11-28,Somchai Wattana,AIA Insurance,Vietnam
CLM-03047,POL-00820,Malee Srisuwan,MATERNITY,O80,27292,22655,APPROVED,2024-08-04,2024-08-11,Nguyen Thi Lan,AIA Insurance,Thailand
CLM-03048,POL-00517,Siriporn Chaiyasit,OUTPATIENT,E11.9,6636,4769,APPROVED,2024-03-11,2024-04-08,Wong Ka Ming,FWD Group,Thailand
CLM-03049,POL-00328,Leung Tsz Ching,OUTPATIENT,I10,2971,2547,APPROVED,2024-10-09,2024-10-13,Tran Van Minh,FWD Group,Hong Kong
CLM-03050,POL-01046,Lee Kwok Wah,OUTPATIENT,N39.0,17323,13539,APPROVED,2024-10-21,2024-10-28,Somchai Wattana,AIA Insurance,Hong Kong
CLM-03051,POL-01948,Prasert Srisuwan,INPATIENT,J18.9,564045,422019,APPROVED,2024-10-27,2024-11-03,Pranee Srisuwan,FWD Group,Thailand
CLM-03052,POL-00923,Vu Ngoc Anh,MATERNITY,O82,43831,0,REJECTED,2024-01-18,2024-01-25,Nguyen Thi Lan,AIA Insurance,Vietnam
CLM-03053,POL-01795,Niran Chaiyasit,DENTAL,K04.7,2929,2229,APPROVED,2024-04-11,2024-04-19,Tran Van Minh,Prudential Life,Thailand
CLM-03054,POL-01438,Ng Tsz Ching,INPATIENT,E11.9,13818,12801,APPROVED,2024-05-24,2024-05-30,Tran Van Minh,FWD Group,Hong Kong
CLM-03055,POL-01253,Nguyen Van An,DENTAL,K02.9,4935,4592,APPROVED,2024-12-29,2025-01-04,Wong Ka Ming,AIA Insurance,Vietnam
CLM-03056,POL-00323,Leung Ho Yin,OUTPATIENT,A09,1056,929,APPROVED,2024-10-03,2024-10-08,Nguyen Thi Lan,FWD Group,Hong Kong
CLM-03057,POL-00774,Ho Siu Fung,INPATIENT,K35.80,398246,285853,APPROVED,2024-07-19,2024-07-29,Tran Van Minh,FWD Group,Hong Kong
CLM-03058,POL-01078,Dang Quoc Bao,OUTPATIENT,J06.9,1191,1105,APPROVED,2024-11-04,2024-11-11,Wong Ka Ming,Prudential Life,Vietnam
CLM-03059,POL-00434,Pranee Saetang,OUTPATIENT,I10,806,708,APPROVED,2024-01-27,2024-02-08,Nguyen Thi Lan,FWD Group,Thailand
CLM-03060,POL-02330,Siriporn Thongdee,MATERNITY,O80,66911,0,PENDING,2024-08-24,,Nguyen Thi Lan,Prudential Life,Thailand
CLM-03061,POL-01995,Nguyen Van An,OUTPATIENT,J45.909,3092,0,REJECTED,2024-03-02,2024-03-07,Pranee Srisuwan,Prudential Life,Vietnam
CLM-03062,POL-00187,Anong Phongpanich,DENTAL,K08.9,5679,0,IN_REVIEW,2024-10-13,2024-10-14,Somchai Wattana,Prudential Life,Thailand
CLM-03063,POL-00892,Niran Thongdee,DENTAL,K02.9,2915,2592,APPROVED,2024-02-03,2024-02-13,Somchai Wattana,AIA Insurance,Thailand
CLM-03064,POL-00022,Lee Yuen Man,OUTPATIENT,L30.9,4380,4298,APPROVED,2024-05-22,2024-05-26,Nguyen Thi Lan,Prudential Life,Hong Kong
CLM-03065,POL-00760,Ng Mei Ling,INPATIENT,K35.80,50773,0,PENDING,2024-03-13,,Tran Van Minh,FWD Group,Hong Kong
CLM-03066,POL-01279,Kanya Chaiyasit,INPATIENT,K35.80,81911,72979,APPROVED,2024-07-08,2024-07-19,Wong Ka Ming,Prudential Life,Thailand
CLM-03067,POL-00534,Ho Mei Ling,DENTAL,K02.9,7961,6854,APPROVED,2024-11-25,2024-12-05,Nguyen Thi Lan,Prudential Life,Hong Kong
CLM-03068,POL-01784,Hoang Duc Thang,OUTPATIENT,K21.0,1760,1472,APPROVED,2024-10-31,2024-11-05,Pranee Srisuwan,AIA Insurance,Vietnam
CLM-03069,POL-01512,Anong Chaiyasit,OUTPATIENT,J45.909,3552,3183,APPROVED,2024-12-04,2024-12-09,Somchai Wattana,FWD Group,Thailand
CLM-03070,POL-02220,Pranee Boonmee,INPATIENT,E11.9,41477,0,IN_REVIEW,2024-12-09,2024-12-14,Somchai Wattana,AIA Insurance,Thailand
CLM-03071,POL-00539,Chan Mei Ling,INPATIENT,J45.909,18777,13478,APPROVED,2024-06-10,2024-06-15,Somchai Wattana,Prudential Life,Hong Kong
CLM-03072,POL-00705,Pham Thu Huong,OUTPATIENT,K21.0,977,742,APPROVED,2024-03-22,2024-04-02,Tran Van Minh,FWD Group,Vietnam
CLM-03073,POL-01971,Leung Yuen Man,OUTPATIENT,J06.9,1281,0,PENDING,2024-09-25,,Somchai Wattana,AIA Insurance,Hong Kong
CLM-03074,POL-00266,Prasert Phongpanich,OUTPATIENT,N39.0,4831,0,IN_REVIEW,2024-08-06,2024-08-12,Tran Van Minh,AIA Insurance,Thailand
CLM-03075,POL-02309,Kanya Phongpanich,OUTPATIENT,J06.9,4087,0,IN_REVIEW,2024-01-30,2024-02-14,Somchai Wattana,FWD Group,Thailand
CLM-03076,POL-01274,Niran Boonmee,OUTPATIENT,M54.5,3635,0,REJECTED,2024-03-19,2024-03-24,Tran Van Minh,Prudential Life,Thailand
CLM-03077,POL-02021,Pham Thu Huong,INPATIENT,J45.909,308320,226397,APPROVED,2024-10-17,2024-10-20,Tran Van Minh,FWD Group,Vietnam
CLM-03078,POL-01290,Pranee Saetang,MATERNITY,O80,44117,32605,APPROVED,2024-10-25,2024-11-03,Nguyen Thi Lan,AIA Insurance,Thailand
CLM-03079,POL-00159,Ho Wai Yan,OUTPATIENT,J06.9,3937,3725,APPROVED,2024-02-11,2024-02-19,Tran Van Minh,Prudential Life,Hong Kong
CLM-03080,POL-00491,Niran Boonmee,OUTPATIENT,H10.9,500,411,APPROVED,2024-05-06,2024-05-23,Pranee Srisuwan,Prudential Life,Thailand
CLM-03081,POL-02212,Chaiwat Saetang,OUTPATIENT,E11.9,3027,2935,APPROVED,2024-11-30,2024-12-02,Pranee Srisuwan,Prudential Life,Thailand
CLM-03082,POL-02192,Ng Wai Yan,OUTPATIENT,A90,13944,0,REJECTED,2024-01-16,2024-01-18,Somchai Wattana,AIA Insurance,Hong Kong
CLM-03083,POL-00314,Do Van Long,OUTPATIENT,H10.9,1355,0,PENDING,2024-11-14,,Tran Van Minh,FWD Group,Vietnam
CLM-03084,POL-01246,Kanya Thongdee,OUTPATIENT,A90,6610,6430,APPROVED,2024-08-04,2024-08-13,Pranee Srisuwan,Prudential Life,Thailand
CLM-03085,POL-01661,Ho Yuen Man,OUTPATIENT,A09,930,0,REJECTED,2024-07-07,2024-07-11,Nguyen Thi Lan,AIA Insurance,Hong Kong
CLM-03086,POL-00478,Kittisak Boonmee,INPATIENT,J18.9,82869,81562,APPROVED,2024-03-06,2024-03-13,Pranee Srisuwan,AIA Insurance,Thailand
CLM-03087,POL-01373,Ho Mei Ling,OUTPATIENT,A90,6657,0,PENDING,2024-05-31,,Pranee Srisuwan,Prudential Life,Hong Kong
CLM-03088,POL-00865,Chaiwat Thongdee,DENTAL,K02.9,6352,0,PENDING,2024-05-31,,Wong Ka Ming,Prudential Life,Thailand
CLM-03089,POL-00031,Cheung Yuen Man,MATERNITY,O80,108904,82548,APPROVED,2024-12-12,2024-12-26,Nguyen Thi Lan,Prudential Life,Hong Kong
CLM-03090,POL-01335,Chaiwat Chaiyasit,MATERNITY,O82,74944,0,REJECTED,2024-02-24,2024-03-05,Tran Van Minh,AIA Insurance,Thailand
CLM-03091,POL-01147,Nguyen Van An,OUTPATIENT,M54.5,6966,5357,APPROVED,2024-01-21,2024-02-03,Pranee Srisuwan,AIA Insurance,Vietnam
CLM-03092,POL-00827,Ho Chi Keung,INPATIENT,J18.9,422231,382827,APPROVED,2024-12-31,2025-01-08,Somchai Wattana,AIA Insurance,Hong Kong
CLM-03093,POL-01381,Somchai Chaiyasit,OUTPATIENT,M54.5,2644,0,PENDING,2024-10-08,,Pranee Srisuwan,Prudential Life,Thailand
CLM-03094,POL-00095,Somchai Rattanaporn,DENTAL,K05.10,5922,4680,APPROVED,2024-10-16,2024-10-23,Pranee Srisuwan,AIA Insurance,Thailand
CLM-03095,POL-01726,Chan Sau Lan,OUTPATIENT,J06.9,787,0,IN_REVIEW,2024-01-23,2024-02-11,Tran Van Minh,AIA Insurance,Hong Kong
CLM-03096,POL-00180,Nguyen Van An,OUTPATIENT,M54.5,6709,5406,APPROVED,2024-06-13,2024-06-27,Pranee Srisuwan,AIA Insurance,Vietnam
CLM-03097,POL-00959,Chaiwat Chaiyasit,MATERNITY,O82,32712,29424,APPROVED,2024-04-25,2024-05-03,Nguyen Thi Lan,Prudential Life,Thailand
CLM-03098,POL-01975,Somchai Thongdee,OUTPATIENT,M54.5,1900,1784,APPROVED,2024-01-30,2024-02-11,Nguyen Thi Lan,Prudential Life,Thailand
CLM-03099,POL-02089,Prasert Saetang,OUTPATIENT,J45.909,7851,7133,APPROVED,2024-05-01,2024-05-07,Pranee Srisuwan,AIA Insurance,Thailand
CLM-03100,POL-00581,Ho Tsz Ching,OUTPATIENT,E11.9,3281,0,PENDING,2024-04-14,,Nguyen Thi Lan,AIA Insurance,Hong Kong
CLM-03101,POL-00280,Wong Chi Keung,MATERNITY,O80,22810,0,IN_REVIEW,2024-09-16,2024-09-18,Nguyen Thi Lan,Prudential Life,Hong Kong
CLM-03102,POL-00446,Nguyen Van An,OUTPATIENT,L30.9,1680,1221,APPROVED,2024-07-04,2024-07-09,Wong Ka Ming,Prudential Life,Vietnam
CLM-03103,POL-00564,Pranee Thongdee,INPATIENT,S72.001A,37598,34633,APPROVED,2024-08-08,2024-08-17,Tran Van Minh,Prudential Life,Thailand
CLM-03104,POL-01277,Ngo Thi Thu,OUTPATIENT,J06.9,610,0,PENDING,2024-12-27,,Tran Van Minh,AIA Insurance,Vietnam
CLM-03105,POL-00025,Anong Boonmee,OUTPATIENT,N39.0,3356,3310,APPROVED,2024-10-15,2024-10-27,Wong Ka Ming,FWD Group,Thailand
CLM-03106,POL-01082,Lau Chi Keung,DENTAL,K08.9,5406,5352,APPROVED,2024-12-14,2024-12-16,Somchai Wattana,Prudential Life,Hong Kong
CLM-03107,POL-00591,Siriporn Rattanaporn,OUTPATIENT,A09,1765,0,REJECTED,2024-11-13,2024-11-15,Somchai Wattana,Prudential Life,Thailand
CLM-03108,POL-00619,Ngo Thi Thu,OUTPATIENT,I10,6414,5702,APPROVED,2024-11-28,2024-12-04,Pranee Srisuwan,FWD Group,Vietnam
CLM-03109,POL-00201,Ho Chi Keung,INPATIENT,J45.909,32293,26073,APPROVED,2024-11-30,2024-12-11,Wong Ka Ming,Prudential Life,Hong Kong
CLM-03110,POL-00120,Wong Yuen Man,OUTPATIENT,A09,886,825,APPROVED,2024-05-21,2024-05-24,Tran Van Minh,FWD Group,Hong Kong
CLM-03111,POL-02226,Lee Tsz Ching,OUTPATIENT,J06.9,3140,2565,APPROVED,2024-03-16,2024-04-09,Pranee Srisuwan,AIA Insurance,Hong Kong
CLM-03112,POL-00722,Pham Thu Huong,OUTPATIENT,H10.9,2632,0,REJECTED,2024-03-25,2024-03-29,Pranee Srisuwan,AIA Insurance,Vietnam
CLM-03113,POL-00647,Niran Boonmee,DENTAL,K05.10,1536,1170,APPROVED,2024-06-14,2024-06-19,Tran Van Minh,FWD Group,Thailand
CLM-03114,POL-01162,Do Van Long,DENTAL,K08.9,20953,19831,APPROVED,2024-11-25,2024-12-02,Wong Ka Ming,AIA Insurance,Vietnam
CLM-03115,POL-00989,Vu Ngoc Anh,OUTPATIENT,A09,1004,972,APPROVED,2024-06-15,2024-06-22,Wong Ka Ming,Prudential Life,Vietnam
CLM-03116,POL-00997,Le Minh Tuan,OUTPATIENT,E11.9,2404,0,IN_REVIEW,2024-03-09,2024-03-11,Nguyen Thi Lan,AIA Insurance,Vietnam
CLM-03117,POL-01982,Lee Kwok Wah,OUTPATIENT,I10,2728,0,IN_REVIEW,2024-03-22,2024-03-29,Wong Ka Ming,AIA Insurance,Hong Kong
CLM-03118,POL-00688,Pham Thu Huong,INPATIENT,J45.909,57275,40710,APPROVED,2024-10-24,2024-10-31,Somchai Wattana,FWD Group,Vietnam
CLM-03119,POL-01774,Lau Sau Lan,OUTPATIENT,H10.9,4103,0,IN_REVIEW,2024-08-27,2024-09-08,Wong Ka Ming,AIA Insurance,Hong Kong
CLM-03120,POL-02030,Kittisak Phongpanich,INPATIENT,E11.9,153701,0,IN_REVIEW,2024-01-20,2024-01-23,Wong Ka Ming,AIA Insurance,Thailand
CLM-03121,POL-02222,Somchai Saetang,INPATIENT,J18.9,391079,345894,APPROVED,2024-04-17,2024-04-23,Pranee Srisuwan,AIA Insurance,Thailand
CLM-03122,POL-00649,Somchai Srisuwan,DENTAL,K02.9,11198,0,IN_REVIEW,2024-07-01,2024-07-10,Wong Ka Ming,Prudential Life,Thailand
CLM-03123,POL-00239,Tran Thi Mai,OUTPATIENT,I10,2833,2551,APPROVED,2024-03-01,2024-03-06,Somchai Wattana,Prudential Life,Vietnam
CLM-03124,POL-01475,Chaiwat Chaiyasit,OUTPATIENT,J45.909,14781,14593,APPROVED,2024-07-12,2024-07-26,Tran Van Minh,AIA Insurance,Thailand
CLM-03125,POL-00242,Kittisak Srisuwan,DENTAL,K05.10,7206,0,IN_REVIEW,2024-06-15,2024-06-24,Nguyen Thi Lan,AIA Insurance,Thailand
CLM-03126,POL-00029,Malee Wattana,OUTPATIENT,N39.0,1586,0,REJECTED,2024-04-26,2024-05-05,Wong Ka Ming,Prudential Life,Thailand
CLM-03127,POL-01824,Do Van Long,OUTPATIENT,A09,1972,0,PENDING,2024-12-26,,Tran Van Minh,FWD Group,Vietnam
CLM-03128,POL-02021,Pham Thu Huong,OUTPATIENT,H10.9,2621,0,REJECTED,2024-11-26,2024-11-30,Wong Ka Ming,FWD Group,Vietnam
CLM-03129,POL-02069,Bui Thanh Ha,INPATIENT,K35.80,49591,44440,APPROVED,2024-12-06,2024-12-09,Pranee Srisuwan,FWD Group,Vietnam
CLM-03130,POL-00947,Le Minh Tuan,MATERNITY,O80,82044,69656,APPROVED,2024-02-21,2024-02-27,Wong Ka Ming,Prudential Life,Vietnam
CLM-03131,POL-01966,Do Van Long,OUTPATIENT,J06.9,585,415,APPROVED,2024-11-03,2024-11-08,Nguyen Thi Lan,Prudential Life,Vietnam
CLM-03132,POL-00821,Bui Thanh Ha,INPATIENT,E11.9,126398,109075,APPROVED,2024-12-08,2024-12-12,Somchai Wattana,AIA Insurance,Vietnam
CLM-03133,POL-01953,Le Minh Tuan,OUTPATIENT,M54.5,5037,4019,APPROVED,2024-12-11,2025-01-04,Somchai Wattana,FWD Group,Vietnam
CLM-03134,POL-01287,Kittisak Rattanaporn,OUTPATIENT,J45.909,4193,0,REJECTED,2024-08-22,2024-08-26,Somchai Wattana,AIA Insurance,Thailand
CLM-03135,POL-01847,Niran Boonmee,OUTPATIENT,E11.9,1166,1145,APPROVED,2024-08-23,2024-08-31,Somchai Wattana,Prudential Life,Thailand
CLM-03136,POL-00760,Ng Mei Ling,DENTAL,K02.9,2963,0,IN_REVIEW,2024-08-03,2024-08-10,Somchai Wattana,FWD Group,Hong Kong
CLM-03137,POL-00979,Chaiwat Boonmee,DENTAL,K08.9,3652,3612,APPROVED,2024-01-26,2024-02-11,Nguyen Thi Lan,Prudential Life,Thailand
CLM-03138,POL-01580,Wong Kwok Wah,INPATIENT,K35.80,92318,71875,APPROVED,2024-07-19,2024-08-03,Nguyen Thi Lan,AIA Insurance,Hong Kong
CLM-03139,POL-01085,Niran Rattanaporn,OUTPATIENT,H10.9,1155,1056,APPROVED,2024-01-25,2024-02-04,Wong Ka Ming,Prudential Life,Thailand
CLM-03140,POL-01376,Dang Quoc Bao,OUTPATIENT,A09,1026,1008,APPROVED,2024-01-25,2024-01-30,Nguyen Thi Lan,Prudential Life,Vietnam
CLM-03141,POL-02186,Anong Rattanaporn,INPATIENT,K35.80,176922,0,PENDING,2024-05-09,,Nguyen Thi Lan,AIA Insurance,Thailand
CLM-03142,POL-02276,Le Minh Tuan,DENTAL,K04.7,1062,856,APPROVED,2024-07-06,2024-07-14,Somchai Wattana,Prudential Life,Vietnam
CLM-03143,POL-01957,Lee Sau Lan,OUTPATIENT,E11.9,1328,1243,APPROVED,2024-10-18,2024-10-24,Nguyen Thi Lan,Prudential Life,Hong Kong
CLM-03144,POL-01076,Hoang Duc Thang,OUTPATIENT,I10,2154,1516,APPROVED,2024-05-17,2024-05-22,Pranee Srisuwan,Prudential Life,Vietnam
CLM-03145,POL-01943,Ho Wai Yan,OUTPATIENT,J06.9,2657,2515,APPROVED,2024-11-22,2024-11-28,Nguyen Thi Lan,Prudential Life,Hong Kong
CLM-03146,POL-01903,Cheung Yuen Man,OUTPATIENT,A09,2060,1989,APPROVED,2024-12-10,2024-12-15,Wong Ka Ming,AIA Insurance,Hong Kong
CLM-03147,POL-02265,Leung Yuen Man,INPATIENT,J18.9,100409,0,REJECTED,2024-04-04,2024-04-09,Somchai Wattana,FWD Group,Hong Kong
CLM-03148,POL-02108,Malee Phongpanich,OUTPATIENT,E11.9,1381,1378,APPROVED,2024-12-18,2024-12-26,Somchai Wattana,Prudential Life,Thailand
CLM-03149,POL-01124,Siriporn Srisuwan,INPATIENT,A09,43758,42419,APPROVED,2024-07-07,2024-07-16,Somchai Wattana,FWD Group,Thailand
CLM-03150,POL-01302,Kittisak Boonmee,INPATIENT,J45.909,535309,381607,APPROVED,2024-10-13,2024-10-18,Pranee Srisuwan,AIA Insurance,Thailand
CLM-03151,POL-01125,Lau Kwok Wah,OUTPATIENT,E11.9,3969,0,REJECTED,2024-03-06,2024-03-13,Somchai Wattana,AIA Insurance,Hong Kong
CLM-03152,POL-01013,Pham Thu Huong,DENTAL,K04.7,5084,4605,APPROVED,2024-06-10,2024-06-17,Wong Ka Ming,AIA Insurance,Vietnam
CLM-03153,POL-01743,Ngo Thi Thu,OUTPATIENT,N39.0,2615,0,PENDING,2024-01-22,,Somchai Wattana,Prudential Life,Vietnam
CLM-03154,POL-01660,Chaiwat Phongpanich,DENTAL,K04.7,5076,0,REJECTED,2024-09-08,2024-09-15,Nguyen Thi Lan,AIA Insurance,Thailand
CLM-03155,POL-00670,Vu Ngoc Anh,INPATIENT,E11.9,150039,116347,APPROVED,2024-02-26,2024-03-03,Pranee Srisuwan,AIA Insurance,Vietnam
CLM-03156,POL-00538,Hoang Duc Thang,OUTPATIENT,A90,1910,0,PENDING,2024-11-09,,Tran Van Minh,AIA Insurance,Vietnam
CLM-03157,POL-01917,Hoang Duc Thang,DENTAL,K05.10,8583,0,REJECTED,2024-09-09,2024-09-12,Somchai Wattana,FWD Group,Vietnam
CLM-03158,POL-00495,Pranee Wattana,OUTPATIENT,J06.9,500,445,APPROVED,2024-07-07,2024-07-16,Tran Van Minh,AIA Insurance,Thailand
CLM-03159,POL-01949,Malee Phongpanich,OUTPATIENT,J06.9,3463,0,IN_REVIEW,2024-01-01,2024-01-08,Tran Van Minh,AIA Insurance,Thailand
CLM-03160,POL-02241,Chan Sau Lan,INPATIENT,E11.9,61342,45030,APPROVED,2024-10-14,2024-10-22,Wong Ka Ming,Prudential Life,Hong Kong
CLM-03161,POL-01671,Hoang Duc Thang,INPATIENT,A90,11485,0,IN_REVIEW,2024-12-25,2024-12-28,Somchai Wattana,AIA Insurance,Vietnam
CLM-03162,POL-01844,Tran Thi Mai,OUTPATIENT,J06.9,4948,0,IN_REVIEW,2024-11-13,2024-11-19,Pranee Srisuwan,Prudential Life,Vietnam
CLM-03163,POL-01594,Hoang Duc Thang,INPATIENT,A09,52232,51888,APPROVED,2024-01-26,2024-02-02,Somchai Wattana,AIA Insurance,Vietnam
CLM-03164,POL-01779,Do Van Long,DENTAL,K02.9,7300,0,REJECTED,2024-03-02,2024-03-08,Nguyen Thi Lan,FWD Group,Vietnam
CLM-03165,POL-00620,Niran Chaiyasit,OUTPATIENT,A90,519,417,APPROVED,2024-07-07,2024-07-12,Somchai Wattana,Prudential Life,Thailand
CLM-03166,POL-01226,Dang Quoc Bao,OUTPATIENT,I10,1608,1577,APPROVED,2024-07-24,2024-08-06,Nguyen Thi Lan,Prudential Life,Vietnam
CLM-03167,POL-00929,Do Van Long,OUTPATIENT,J06.9,2232,0,REJECTED,2024-02-14,2024-02-24,Tran Van Minh,FWD Group,Vietnam
CLM-03168,POL-02335,Nguyen Van An,OUTPATIENT,H10.9,3017,2250,APPROVED,2024-06-30,2024-07-03,Tran Van Minh,AIA Insurance,Vietnam
CLM-03169,POL-00795,Ng Tsz Ching,OUTPATIENT,J06.9,3817,0,PENDING,2024-04-29,,Somchai Wattana,FWD Group,Hong Kong
CLM-03170,POL-00957,Malee Thongdee,DENTAL,K08.9,6645,6418,APPROVED,2024-06-04,2024-06-10,Wong Ka Ming,Prudential Life,Thailand
CLM-03171,POL-01352,Chan Wai Yan,OUTPATIENT,M54.5,2534,2138,APPROVED,2024-05-05,2024-05-13,Somchai Wattana,AIA Insurance,Hong Kong
CLM-03172,POL-02214,Malee Thongdee,OUTPATIENT,J06.9,6907,0,PENDING,2024-11-04,,Wong Ka Ming,Prudential Life,Thailand
CLM-03173,POL-01149,Somchai Srisuwan,OUTPATIENT,A09,2336,2219,APPROVED,2024-07-13,2024-07-31,Nguyen Thi Lan,FWD Group,Thailand
CLM-03174,POL-02109,Hoang Duc Thang,OUTPATIENT,A90,1037,0,PENDING,2024-12-17,,Nguyen Thi Lan,Prudential Life,Vietnam
CLM-03175,POL-01547,Lee Yuen Man,OUTPATIENT,K21.0,1427,1344,APPROVED,2024-12-09,2024-12-13,Nguyen Thi Lan,Prudential Life,Hong Kong
CLM-03176,POL-00129,Kanya Boonmee,OUTPATIENT,H10.9,1508,0,IN_REVIEW,2024-06-06,2024-06-08,Nguyen Thi Lan,Prudential Life,Thailand
CLM-03177,POL-01622,Niran Saetang,INPATIENT,A09,263789,207793,APPROVED,2024-08-05,2024-08-10,Pranee Srisuwan,Prudential Life,Thailand
CLM-03178,POL-00700,Siriporn Saetang,DENTAL,K02.9,3070,2466,APPROVED,2024-09-05,2024-09-10,Tran Van Minh,AIA Insurance,Thailand
CLM-03179,POL-01073,Nguyen Van An,OUTPATIENT,N39.0,2284,1609,APPROVED,2024-02-03,2024-02-08,Nguyen Thi Lan,FWD Group,Vietnam
CLM-03180,POL-01440,Prasert Wattana,DENTAL,K02.9,10766,0,REJECTED,2024-05-28,2024-06-03,Wong Ka Ming,Prudential Life,Thailand
CLM-03181,POL-00397,Anong Rattanaporn,OUTPATIENT,A09,4733,4580,APPROVED,2024-08-21,2024-09-01,Wong Ka Ming,AIA Insurance,Thailand
CLM-03182,POL-01074,Pranee Thongdee,OUTPATIENT,I10,24047,21447,APPROVED,2024-12-17,2024-12-23,Somchai Wattana,AIA Insurance,Thailand
CLM-03183,POL-02135,Do Van Long,OUTPATIENT,L30.9,2892,0,PENDING,2024-04-08,,Nguyen Thi Lan,AIA Insurance,Vietnam
CLM-03184,POL-01657,Malee Phongpanich,OUTPATIENT,I10,2974,2651,APPROVED,2024-06-20,2024-06-27,Nguyen Thi Lan,Prudential Life,Thailand
CLM-03185,POL-00909,Lau Ka Ming,OUTPATIENT,J06.9,4003,2961,APPROVED,2024-06-05,2024-06-12,Pranee Srisuwan,Prudential Life,Hong Kong
CLM-03186,POL-00158,Kanya Wattana,OUTPATIENT,N39.0,2340,2171,APPROVED,2024-09-24,2024-10-05,Wong Ka Ming,AIA Insurance,Thailand
CLM-03187,POL-01224,Vu Ngoc Anh,INPATIENT,A90,54290,43307,APPROVED,2024-03-03,2024-03-05,Pranee Srisuwan,Prudential Life,Vietnam
CLM-03188,POL-01023,Hoang Duc Thang,OUTPATIENT,L30.9,1274,1036,APPROVED,2024-11-29,2024-12-07,Nguyen Thi Lan,AIA Insurance,Vietnam
CLM-03189,POL-00682,Chan Chi Keung,OUTPATIENT,A90,24882,0,IN_REVIEW,2024-02-22,2024-03-03,Tran Van Minh,FWD Group,Hong Kong
CLM-03190,POL-00012,Tran Thi Mai,OUTPATIENT,H10.9,3115,2975,APPROVED,2024-05-03,2024-05-07,Wong Ka Ming,Prudential Life,Vietnam
CLM-03191,POL-01594,Hoang Duc Thang,OUTPATIENT,A09,5485,0,IN_REVIEW,2024-03-29,2024-04-04,Nguyen Thi Lan,AIA Insurance,Vietnam
CLM-03192,POL-01817,Leung Kwok Wah,OUTPATIENT,A90,795,735,APPROVED,2024-04-02,2024-04-09,Wong Ka Ming,FWD Group,Hong Kong
CLM-03193,POL-01213,Pham Thu Huong,DENTAL,K05.10,3149,0,IN_REVIEW,2024-06-29,2024-07-13,Tran Van Minh,AIA Insurance,Vietnam
CLM-03194,POL-02149,Wong Mei Ling,OUTPATIENT,E11.9,24058,0,IN_REVIEW,2024-03-10,2024-03-11,Tran Van Minh,Prudential Life,Hong Kong
CLM-03195,POL-00873,Ho Ho Yin,OUTPATIENT,I10,11013,9578,APPROVED,2024-09-01,2024-09-03,Wong Ka Ming,FWD Group,Hong Kong
CLM-03196,POL-01220,Tran Thi Mai,OUTPATIENT,N39.0,6562,5963,APPROVED,2024-05-19,2024-05-22,Pranee Srisuwan,Prudential Life,Vietnam
CLM-03197,POL-00077,Malee Srisuwan,OUTPATIENT,M54.5,1628,1520,APPROVED,2024-12-06,2024-12-12,Pranee Srisuwan,Prudential Life,Thailand
CLM-03198,POL-00126,Siriporn Srisuwan,OUTPATIENT,A09,500,0,IN_REVIEW,2024-02-05,2024-02-21,Nguyen Thi Lan,FWD Group,Thailand
CLM-03199,POL-00912,Prasert Srisuwan,OUTPATIENT,J06.9,4768,4403,APPROVED,2024-07-29,2024-08-15,Somchai Wattana,Prudential Life,Thailand
CLM-03200,POL-00648,Malee Thongdee,OUTPATIENT,J06.9,642,0,REJECTED,2024-10-18,2024-10-21,Nguyen Thi Lan,AIA Insurance,Thailand
CLM-03201,POL-01344,Cheung Chi Keung,OUTPATIENT,I10,984,918,APPROVED,2024-03-15,2024-03-20,Somchai Wattana,Prudential Life,Hong Kong
CLM-03202,POL-00381,Hoang Duc Thang,DENTAL,K02.9,3422,3414,APPROVED,2024-12-20,2024-12-29,Somchai Wattana,AIA Insurance,Vietnam
CLM-03203,POL-01936,Pranee Saetang,OUTPATIENT,J06.9,1822,1462,APPROVED,2024-04-28,2024-05-10,Somchai Wattana,AIA Insurance,Thailand
CLM-03204,POL-00263,Ho Sau Lan,INPATIENT,J45.909,106223,93910,APPROVED,2024-08-12,2024-08-18,Nguyen Thi Lan,AIA Insurance,Hong Kong
CLM-03205,POL-02359,Chan Mei Ling,OUTPATIENT,K21.0,6591,5212,APPROVED,2024-02-16,2024-02-29,Wong Ka Ming,FWD Group,Hong Kong
CLM-03206,POL-01113,Hoang Duc Thang,OUTPATIENT,I10,9552,8067,APPROVED,2024-12-19,2024-12-24,Wong Ka Ming,Prudential Life,Vietnam
CLM-03207,POL-01860,Anong Thongdee,DENTAL,K08.9,10136,8656,APPROVED,2024-11-15,2024-11-18,Pranee Srisuwan,Prudential Life,Thailand
CLM-03208,POL-01456,Pranee Chaiyasit,OUTPATIENT,J45.909,1852,1468,APPROVED,2024-12-08,2024-12-12,Pranee Srisuwan,AIA Insurance,Thailand
CLM-03209,POL-00551,Do Van Long,INPATIENT,K35.80,784355,0,REJECTED,2024-08-08,2024-08-16,Nguyen Thi Lan,AIA Insurance,Vietnam
CLM-03210,POL-00246,Ngo Thi Thu,OUTPATIENT,N39.0,3235,2588,APPROVED,2024-04-07,2024-04-11,Somchai Wattana,Prudential Life,Vietnam
CLM-03211,POL-01064,Ngo Thi Thu,OUTPATIENT,I10,2793,2419,APPROVED,2024-03-14,2024-03-17,Somchai Wattana,FWD Group,Vietnam
CLM-03212,POL-02202,Lee Siu Fung,OUTPATIENT,E11.9,2673,2268,APPROVED,2024-11-12,2024-11-29,Somchai Wattana,FWD Group,Hong Kong
CLM-03213,POL-00611,Leung Kwok Wah,DENTAL,K02.9,4547,0,PENDING,2024-03-12,,Nguyen Thi Lan,FWD Group,Hong Kong
CLM-03214,POL-01348,Nguyen Van An,OUTPATIENT,J06.9,12169,11260,APPROVED,2024-10-18,2024-11-01,Nguyen Thi Lan,AIA Insurance,Vietnam
CLM-03215,POL-00987,Anong Boonmee,INPATIENT,E11.9,52978,44135,APPROVED,2024-06-27,2024-06-30,Somchai Wattana,Prudential Life,Thailand
CLM-03216,POL-02288,Ng Yuen Man,OUTPATIENT,I10,1428,0,IN_REVIEW,2024-12-13,2024-12-23,Nguyen Thi Lan,Prudential Life,Hong Kong
CLM-03217,POL-00833,Do Van Long,OUTPATIENT,K21.0,2511,0,REJECTED,2024-08-01,2024-08-08,Wong Ka Ming,AIA Insurance,Vietnam
CLM-03218,POL-01945,Lau Siu Fung,OUTPATIENT,A90,2460,0,IN_REVIEW,2024-04-28,2024-05-01,Somchai Wattana,Prudential Life,Hong Kong
CLM-03219,POL-00151,Tran Thi Mai,OUTPATIENT,J45.909,3872,3228,APPROVED,2024-10-12,2024-10-21,Wong Ka Ming,Prudential Life,Vietnam
CLM-03220,POL-02028,Le Minh Tuan,OUTPATIENT,I10,2930,2321,APPROVED,2024-02-29,2024-03-03,Wong Ka Ming,FWD Group,Vietnam
CLM-03221,POL-01675,Kanya Boonmee,INPATIENT,A90,92157,0,IN_REVIEW,2024-03-11,2024-03-17,Somchai Wattana,Prudential Life,Thailand
CLM-03222,POL-02017,Hoang Duc Thang,INPATIENT,A09,117044,113554,APPROVED,2024-12-22,2025-01-03,Somchai Wattana,AIA Insurance,Vietnam
CLM-03223,POL-00141,Kittisak Phongpanich,MATERNITY,O80,49639,0,IN_REVIEW,2024-04-28,2024-05-08,Pranee Srisuwan,Prudential Life,Thailand
CLM-03224,POL-00973,Pranee Saetang,INPATIENT,J18.9,121191,0,REJECTED,2024-06-10,2024-06-13,Somchai Wattana,AIA Insurance,Thailand
CLM-03225,POL-01219,Pranee Boonmee,OUTPATIENT,J45.909,2427,2024,APPROVED,2024-03-22,2024-03-27,Pranee Srisuwan,FWD Group,Thailand
CLM-03226,POL-02377,Do Van Long,INPATIENT,J18.9,12734,0,REJECTED,2024-12-31,2025-01-07,Tran Van Minh,AIA Insurance,Vietnam
CLM-03227,POL-00469,Somchai Phongpanich,OUTPATIENT,A90,7896,0,REJECTED,2024-09-13,2024-09-18,Somchai Wattana,AIA Insurance,Thailand
CLM-03228,POL-02309,Kanya Phongpanich,OUTPATIENT,L30.9,8386,0,IN_REVIEW,2024-05-12,2024-05-19,Somchai Wattana,FWD Group,Thailand
CLM-03229,POL-00772,Niran Rattanaporn,DENTAL,K05.10,6316,5613,APPROVED,2024-08-02,2024-08-06,Pranee Srisuwan,FWD Group,Thailand
CLM-03230,POL-02344,Pranee Chaiyasit,INPATIENT,A09,93593,74404,APPROVED,2024-09-09,2024-09-11,Tran Van Minh,AIA Insurance,Thailand
CLM-03231,POL-01473,Le Minh Tuan,OUTPATIENT,J06.9,1111,818,APPROVED,2024-03-23,2024-04-04,Wong Ka Ming,FWD Group,Vietnam
CLM-03232,POL-00031,Cheung Yuen Man,OUTPATIENT,J06.9,4174,0,PENDING,2024-12-06,,Somchai Wattana,Prudential Life,Hong Kong
CLM-03233,POL-00632,Vu Ngoc Anh,INPATIENT,J45.909,46624,42961,APPROVED,2024-12-31,2025-01-12,Tran Van Minh,AIA Insurance,Vietnam
CLM-03234,POL-01098,Kittisak Wattana,OUTPATIENT,I10,1030,817,APPROVED,2024-03-07,2024-03-13,Wong Ka Ming,AIA Insurance,Thailand
CLM-03235,POL-00877,Anong Saetang,DENTAL,K02.9,4323,0,PENDING,2024-05-02,,Pranee Srisuwan,FWD Group,Thailand
CLM-03236,POL-00542,Siriporn Wattana,OUTPATIENT,J06.9,2007,0,IN_REVIEW,2024-07-26,2024-08-03,Nguyen Thi Lan,AIA Insurance,Thailand
CLM-03237,POL-00636,Le Minh Tuan,OUTPATIENT,K21.0,1235,1209,APPROVED,2024-08-05,2024-08-08,Pranee Srisuwan,Prudential Life,Vietnam
CLM-03238,POL-01003,Wong Tsz Ching,OUTPATIENT,K21.0,553,494,APPROVED,2024-05-07,2024-05-19,Wong Ka Ming,FWD Group,Hong Kong
CLM-03239,POL-01530,Ho Yuen Man,OUTPATIENT,E11.9,1619,1587,APPROVED,2024-01-21,2024-01-27,Somchai Wattana,FWD Group,Hong Kong
CLM-03240,POL-02225,Ho Ho Yin,OUTPATIENT,E11.9,6461,5215,APPROVED,2024-06-06,2024-06-12,Somchai Wattana,FWD Group,Hong Kong
CLM-03241,POL-00463,Pranee Boonmee,OUTPATIENT,A09,3399,2702,APPROVED,2024-09-26,2024-10-04,Somchai Wattana,Prudential Life,Thailand
CLM-03242,POL-00216,Cheung Siu Fung,OUTPATIENT,I10,2021,1631,APPROVED,2024-12-27,2024-12-30,Wong Ka Ming,Prudential Life,Hong Kong
CLM-03243,POL-00997,Le Minh Tuan,OUTPATIENT,J06.9,1336,0,PENDING,2024-01-19,,Tran Van Minh,AIA Insurance,Vietnam
CLM-03244,POL-01131,Lee Mei Ling,DENTAL,K02.9,2539,0,IN_REVIEW,2024-01-02,2024-01-04,Tran Van Minh,Prudential Life,Hong Kong
CLM-03245,POL-00837,Ng Kwok Wah,OUTPATIENT,E11.9,5988,5685,APPROVED,2024-10-24,2024-10-27,Somchai Wattana,AIA Insurance,Hong Kong
CLM-03246,POL-01661,Ho Yuen Man,OUTPATIENT,A09,2174,1678,APPROVED,2024-05-31,2024-06-08,Somchai Wattana,AIA Insurance,Hong Kong
CLM-03247,POL-00599,Niran Rattanaporn,OUTPATIENT,K21.0,752,0,REJECTED,2024-11-19,2024-11-24,Pranee Srisuwan,AIA Insurance,Thailand
CLM-03248,POL-00970,Niran Saetang,DENTAL,K02.9,1242,0,PENDING,2024-01-27,,Tran Van Minh,FWD Group,Thailand
CLM-03249,POL-01278,Somchai Phongpanich,OUTPATIENT,J45.909,2307,0,PENDING,2024-10-13,,Nguyen Thi Lan,AIA Insurance,Thailand
CLM-03250,POL-01365,Dang Quoc Bao,DENTAL,K02.9,8700,7839,APPROVED,2024-08-17,2024-08-29,Wong Ka Ming,AIA Insurance,Vietnam
CLM-03251,POL-02277,Nguyen Van An,MATERNITY,O80,82670,73327,APPROVED,2024-03-16,2024-03-21,Tran Van Minh,AIA Insurance,Vietnam
CLM-03252,POL-01907,Niran Chaiyasit,INPATIENT,K35.80,61010,56718,APPROVED,2024-02-17,2024-02-20,Tran Van Minh,Prudential Life,Thailand
CLM-03253,POL-01927,Leung Tsz Ching,OUTPATIENT,M54.5,2541,2409,APPROVED,2024-06-12,2024-06-25,Nguyen Thi Lan,FWD Group,Hong Kong
CLM-03254,POL-00393,Anong Phongpanich,OUTPATIENT,N39.0,18973,0,REJECTED,2024-09-05,2024-09-08,Pranee Srisuwan,AIA Insurance,Thailand
CLM-03255,POL-01157,Somchai Wattana,OUTPATIENT,M54.5,6224,6190,APPROVED,2024-07-09,2024-07-24,Wong Ka Ming,Prudential Life,Thailand
CLM-03256,POL-00292,Prasert Phongpanich,MATERNITY,O80,101654,0,REJECTED,2024-03-22,2024-03-26,Tran Van Minh,Prudential Life,Thailand
CLM-03257,POL-01193,Siriporn Boonmee,DENTAL,K02.9,2699,0,REJECTED,2024-10-21,2024-10-26,Nguyen Thi Lan,Prudential Life,Thailand
CLM-03258,POL-00177,Hoang Duc Thang,OUTPATIENT,E11.9,3837,0,PENDING,2024-10-27,,Wong Ka Ming,FWD Group,Vietnam
CLM-03259,POL-02394,Hoang Duc Thang,DENTAL,K02.9,11105,0,REJECTED,2024-10-30,2024-11-05,Wong Ka Ming,Prudential Life,Vietnam
CLM-03260,POL-02243,Somchai Chaiyasit,OUTPATIENT,E11.9,780,662,APPROVED,2024-10-21,2024-10-27,Tran Van Minh,AIA Insurance,Thailand
CLM-03261,POL-01102,Pranee Phongpanich,OUTPATIENT,K21.0,1059,0,REJECTED,2024-12-20,2024-12-31,Nguyen Thi Lan,Prudential Life,Thailand
CLM-03262,POL-02151,Anong Boonmee,DENTAL,K02.9,4083,2874,APPROVED,2024-12-20,2024-12-24,Wong Ka Ming,AIA Insurance,Thailand
CLM-03263,POL-01623,Niran Boonmee,DENTAL,K05.10,3406,2892,APPROVED,2024-07-08,2024-07-28,Somchai Wattana,AIA Insurance,Thailand
CLM-03264,POL-00174,Somchai Rattanaporn,MATERNITY,O82,41518,30052,APPROVED,2024-01-02,2024-01-06,Wong Ka Ming,Prudential Life,Thailand
CLM-03265,POL-00686,Ho Kwok Wah,INPATIENT,E11.9,20861,15371,APPROVED,2024-07-17,2024-07-21,Tran Van Minh,Prudential Life,Hong Kong
CLM-03266,POL-02361,Lee Ho Yin,OUTPATIENT,M54.5,7423,0,REJECTED,2024-11-17,2024-11-25,Wong Ka Ming,AIA Insurance,Hong Kong
CLM-03267,POL-00004,Somchai Rattanaporn,INPATIENT,S72.001A,68274,58028,APPROVED,2024-01-06,2024-01-13,Pranee Srisuwan,FWD Group,Thailand
CLM-03268,POL-01744,Anong Srisuwan,INPATIENT,N39.0,88616,72634,APPROVED,2024-01-14,2024-02-01,Somchai Wattana,FWD Group,Thailand
CLM-03269,POL-00141,Kittisak Phongpanich,DENTAL,K05.10,21831,16635,APPROVED,2024-05-02,2024-05-05,Wong Ka Ming,Prudential Life,Thailand
CLM-03270,POL-01320,Pham Thu Huong,OUTPATIENT,J06.9,12712,0,REJECTED,2024-02-05,2024-02-13,Wong Ka Ming,Prudential Life,Vietnam
CLM-03271,POL-00247,Kanya Wattana,DENTAL,K08.9,2772,2131,APPROVED,2024-04-17,2024-04-21,Pranee Srisuwan,AIA Insurance,Thailand
CLM-03272,POL-00954,Somchai Srisuwan,OUTPATIENT,K21.0,4806,3692,APPROVED,2024-07-05,2024-07-11,Wong Ka Ming,FWD Group,Thailand
CLM-03273,POL-00981,Bui Thanh Ha,INPATIENT,S72.001A,101136,96435,APPROVED,2024-07-12,2024-07-21,Wong Ka Ming,FWD Group,Vietnam
CLM-03274,POL-00765,Nguyen Van An,OUTPATIENT,L30.9,4205,3544,APPROVED,2024-01-17,2024-01-25,Pranee Srisuwan,AIA Insurance,Vietnam
CLM-03275,POL-00922,Lau Wai Yan,OUTPATIENT,I10,13852,12592,APPROVED,2024-12-25,2024-12-31,Tran Van Minh,FWD Group,Hong Kong
CLM-03276,POL-00642,Hoang Duc Thang,INPATIENT,A09,26177,21453,APPROVED,2024-01-26,2024-02-08,Somchai Wattana,FWD Group,Vietnam
CLM-03277,POL-01849,Cheung Wai Yan,INPATIENT,E11.9,5945,0,REJECTED,2024-02-14,2024-02-21,Wong Ka Ming,Prudential Life,Hong Kong
CLM-03278,POL-01870,Vu Ngoc Anh,INPATIENT,K35.80,361182,0,REJECTED,2024-11-11,2024-11-21,Pranee Srisuwan,AIA Insurance,Vietnam
CLM-03279,POL-00762,Le Minh Tuan,OUTPATIENT,J45.909,5760,4158,APPROVED,2024-04-04,2024-04-06,Pranee Srisuwan,AIA Insurance,Vietnam
CLM-03280,POL-02386,Pham Thu Huong,OUTPATIENT,E11.9,1463,1339,APPROVED,2024-03-10,2024-03-12,Pranee Srisuwan,AIA Insurance,Vietnam
CLM-03281,POL-00343,Leung Wai Yan,OUTPATIENT,A90,1759,1499,APPROVED,2024-07-23,2024-07-27,Pranee Srisuwan,Prudential Life,Hong Kong
CLM-03282,POL-01114,Ngo Thi Thu,OUTPATIENT,L30.9,4082,0,IN_REVIEW,2024-11-08,2024-11-11,Pranee Srisuwan,FWD Group,Vietnam
CLM-03283,POL-00370,Hoang Duc Thang,MATERNITY,O82,36426,26376,APPROVED,2024-11-12,2024-11-15,Nguyen Thi Lan,FWD Group,Vietnam
CLM-03284,POL-00505,Chan Ho Yin,OUTPATIENT,E11.9,1173,929,APPROVED,2024-02-28,2024-03-04,Somchai Wattana,AIA Insurance,Hong Kong
CLM-03285,POL-02026,Bui Thanh Ha,DENTAL,K02.9,1135,810,APPROVED,2024-08-11,2024-08-14,Pranee Srisuwan,Prudential Life,Vietnam
CLM-03286,POL-01601,Vu Ngoc Anh,OUTPATIENT,A09,4521,0,PENDING,2024-01-13,,Pranee Srisuwan,AIA Insurance,Vietnam
CLM-03287,POL-01254,Leung Wai Yan,INPATIENT,A09,53085,46411,APPROVED,2024-03-17,2024-03-25,Wong Ka Ming,AIA Insurance,Hong Kong
CLM-03288,POL-00267,Pranee Rattanaporn,OUTPATIENT,J06.9,849,0,PENDING,2024-06-22,,Pranee Srisuwan,AIA Insurance,Thailand
CLM-03289,POL-01159,Pham Thu Huong,OUTPATIENT,J45.909,6716,6091,APPROVED,2024-02-01,2024-02-06,Somchai Wattana,Prudential Life,Vietnam
CLM-03290,POL-02118,Vu Ngoc Anh,OUTPATIENT,I10,1795,0,IN_REVIEW,2024-09-27,2024-09-30,Pranee Srisuwan,AIA Insurance,Vietnam
CLM-03291,POL-01596,Lee Ka Ming,MATERNITY,O80,51944,0,REJECTED,2024-11-11,2024-11-18,Somchai Wattana,Prudential Life,Hong Kong
CLM-03292,POL-01549,Anong Chaiyasit,OUTPATIENT,E11.9,4501,3897,APPROVED,2024-05-28,2024-06-07,Pranee Srisuwan,AIA Insurance,Thailand
CLM-03293,POL-01368,Chan Ho Yin,OUTPATIENT,J06.9,2403,1919,APPROVED,2024-02-04,2024-02-13,Somchai Wattana,FWD Group,Hong Kong
CLM-03294,POL-01500,Niran Saetang,OUTPATIENT,M54.5,3292,0,REJECTED,2024-01-31,2024-02-10,Pranee Srisuwan,AIA Insurance,Thailand
CLM-03295,POL-01084,Dang Quoc Bao,OUTPATIENT,M54.5,6739,5677,APPROVED,2024-10-26,2024-11-01,Nguyen Thi Lan,FWD Group,Vietnam
CLM-03296,POL-00028,Ngo Thi Thu,DENTAL,K05.10,5428,4503,APPROVED,2024-01-13,2024-01-28,Wong Ka Ming,AIA Insurance,Vietnam
CLM-03297,POL-00137,Ho Ka Ming,OUTPATIENT,J06.9,5010,4548,APPROVED,2024-01-21,2024-01-24,Somchai Wattana,Prudential Life,Hong Kong
CLM-03298,POL-01071,Ngo Thi Thu,OUTPATIENT,N39.0,10121,0,PENDING,2024-08-23,,Nguyen Thi Lan,Prudential Life,Vietnam
CLM-03299,POL-02227,Ng Chi Keung,OUTPATIENT,A09,7270,5128,APPROVED,2024-01-23,2024-01-30,Nguyen Thi Lan,AIA Insurance,Hong Kong
CLM-03300,POL-00185,Kittisak Thongdee,MATERNITY,O80,45575,0,PENDING,2024-11-02,,Pranee Srisuwan,Prudential Life,Thailand
CLM-03301,POL-02208,Malee Boonmee,DENTAL,K02.9,3169,0,PENDING,2024-09-17,,Pranee Srisuwan,Prudential Life,Thailand
CLM-03302,POL-00471,Anong Chaiyasit,OUTPATIENT,A09,26809,23770,APPROVED,2024-02-01,2024-02-07,Pranee Srisuwan,Prudential Life,Thailand
CLM-03303,POL-01878,Ngo Thi Thu,INPATIENT,J18.9,135343,0,REJECTED,2024-08-27,2024-09-04,Wong Ka Ming,AIA Insurance,Vietnam
CLM-03304,POL-01890,Tran Thi Mai,OUTPATIENT,I10,2311,0,REJECTED,2024-11-30,2024-12-02,Nguyen Thi Lan,FWD Group,Vietnam
CLM-03305,POL-00981,Bui Thanh Ha,OUTPATIENT,E11.9,2174,0,IN_REVIEW,2024-02-25,2024-02-28,Somchai Wattana,FWD Group,Vietnam
CLM-03306,POL-00244,Wong Yuen Man,OUTPATIENT,A09,3225,2426,APPROVED,2024-04-09,2024-04-15,Nguyen Thi Lan,FWD Group,Hong Kong
CLM-03307,POL-02107,Do Van Long,INPATIENT,J45.909,9825,8101,APPROVED,2024-08-20,2024-08-24,Pranee Srisuwan,AIA Insurance,Vietnam
CLM-03308,POL-00626,Somchai Boonmee,INPATIENT,E11.9,14264,0,REJECTED,2024-11-03,2024-11-09,Somchai Wattana,FWD Group,Thailand
CLM-03309,POL-01159,Pham Thu Huong,DENTAL,K08.9,16055,0,PENDING,2024-03-30,,Pranee Srisuwan,Prudential Life,Vietnam
CLM-03310,POL-02285,Lau Chi Keung,OUTPATIENT,N39.0,4414,0,REJECTED,2024-11-13,2024-11-15,Nguyen Thi Lan,FWD Group,Hong Kong
CLM-03311,POL-01328,Pranee Wattana,OUTPATIENT,A09,3549,0,IN_REVIEW,2024-09-27,2024-10-02,Pranee Srisuwan,FWD Group,Thailand
CLM-03312,POL-01702,Kanya Phongpanich,DENTAL,K05.10,18232,0,PENDING,2024-01-05,,Somchai Wattana,AIA Insurance,Thailand
CLM-03313,POL-00030,Anong Thongdee,OUTPATIENT,M54.5,2187,1744,APPROVED,2024-08-28,2024-09-01,Somchai Wattana,Prudential Life,Thailand
CLM-03314,POL-00961,Siriporn Saetang,INPATIENT,E11.9,189033,0,IN_REVIEW,2024-06-19,2024-06-26,Nguyen Thi Lan,AIA Insurance,Thailand
CLM-03315,POL-00823,Dang Quoc Bao,OUTPATIENT,N39.0,3189,2609,APPROVED,2024-01-16,2024-01-22,Wong Ka Ming,FWD Group,Vietnam
CLM-03316,POL-02269,Vu Ngoc Anh,INPATIENT,A90,12086,9896,APPROVED,2024-02-12,2024-02-16,Somchai Wattana,FWD Group,Vietnam
CLM-03317,POL-02127,Wong Mei Ling,OUTPATIENT,A09,2578,0,REJECTED,2024-07-25,2024-07-28,Nguyen Thi Lan,Prudential Life,Hong Kong
CLM-03318,POL-00770,Le Minh Tuan,INPATIENT,E11.9,94488,0,IN_REVIEW,2024-08-01,2024-08-06,Pranee Srisuwan,AIA Insurance,Vietnam
CLM-03319,POL-00812,Kanya Rattanaporn,OUTPATIENT,A09,7743,0,PENDING,2024-07-29,,Wong Ka Ming,Prudential Life,Thailand
CLM-03320,POL-00777,Le Minh Tuan,OUTPATIENT,E11.9,2270,2195,APPROVED,2024-04-15,2024-04-21,Tran Van Minh,Prudential Life,Vietnam
CLM-03321,POL-01871,Tran Thi Mai,INPATIENT,A09,39679,34818,APPROVED,2024-12-10,2024-12-14,Somchai Wattana,FWD Group,Vietnam
CLM-03322,POL-01281,Nguyen Van An,MATERNITY,O80,66174,0,REJECTED,2024-07-08,2024-07-23,Nguyen Thi Lan,FWD Group,Vietnam
CLM-03323,POL-01147,Nguyen Van An,DENTAL,K04.7,4933,0,IN_REVIEW,2024-07-13,2024-07-23,Pranee Srisuwan,AIA Insurance,Vietnam
CLM-03324,POL-00505,Chan Ho Yin,OUTPATIENT,I10,1682,0,REJECTED,2024-12-23,2024-12-31,Tran Van Minh,AIA Insurance,Hong Kong
CLM-03325,POL-00632,Vu Ngoc Anh,DENTAL,K08.9,2037,1455,APPROVED,2024-04-10,2024-04-15,Pranee Srisuwan,AIA Insurance,Vietnam
CLM-03326,POL-01678,Kanya Wattana,INPATIENT,A90,14540,11526,APPROVED,2024-01-21,2024-01-26,Nguyen Thi Lan,AIA Insurance,Thailand
CLM-03327,POL-01189,Kanya Boonmee,INPATIENT,N39.0,56827,0,PENDING,2024-11-22,,Somchai Wattana,Prudential Life,Thailand
CLM-03328,POL-02336,Pham Thu Huong,DENTAL,K02.9,6924,0,REJECTED,2024-01-13,2024-01-23,Wong Ka Ming,AIA Insurance,Vietnam
CLM-03329,POL-02092,Chan Chi Keung,OUTPATIENT,N39.0,4586,4314,APPROVED,2024-09-10,2024-09-21,Pranee Srisuwan,Prudential Life,Hong Kong
CLM-03330,POL-01267,Pham Thu Huong,INPATIENT,E11.9,179543,127489,APPROVED,2024-08-25,2024-08-31,Pranee Srisuwan,Prudential Life,Vietnam
CLM-03331,POL-00772,Niran Rattanaporn,INPATIENT,E11.9,26233,0,IN_REVIEW,2024-05-05,2024-05-09,Tran Van Minh,FWD Group,Thailand
CLM-03332,POL-00285,Kittisak Srisuwan,INPATIENT,J18.9,58474,0,PENDING,2024-01-16,,Pranee Srisuwan,Prudential Life,Thailand
CLM-03333,POL-01275,Le Minh Tuan,DENTAL,K05.10,27891,22647,APPROVED,2024-05-15,2024-05-22,Pranee Srisuwan,Prudential Life,Vietnam
CLM-03334,POL-01466,Lau Tsz Ching,OUTPATIENT,A09,2579,2476,APPROVED,2024-03-05,2024-03-11,Tran Van Minh,Prudential Life,Hong Kong
CLM-03335,POL-01877,Nguyen Van An,OUTPATIENT,J06.9,1692,1690,APPROVED,2024-02-28,2024-03-07,Somchai Wattana,AIA Insurance,Vietnam
CLM-03336,POL-00818,Chan Siu Fung,OUTPATIENT,H10.9,1230,914,APPROVED,2024-05-20,2024-05-29,Nguyen Thi Lan,AIA Insurance,Hong Kong
CLM-03337,POL-01490,Dang Quoc Bao,OUTPATIENT,J45.909,570,0,REJECTED,2024-12-15,2024-12-31,Somchai Wattana,Prudential Life,Vietnam
CLM-03338,POL-01991,Chan Wai Yan,OUTPATIENT,J06.9,3865,3083,APPROVED,2024-07-18,2024-07-31,Nguyen Thi Lan,AIA Insurance,Hong Kong
CLM-03339,POL-02202,Lee Siu Fung,INPATIENT,N39.0,120577,85446,APPROVED,2024-08-13,2024-08-19,Tran Van Minh,FWD Group,Hong Kong
CLM-03340,POL-00643,Ng Chi Keung,OUTPATIENT,A09,6205,0,IN_REVIEW,2024-09-15,2024-10-01,Wong Ka Ming,AIA Insurance,Hong Kong
CLM-03341,POL-01326,Lee Tsz Ching,INPATIENT,S72.001A,242801,180015,APPROVED,2024-05-26,2024-06-04,Somchai Wattana,AIA Insurance,Hong Kong
CLM-03342,POL-00283,Wong Ka Ming,DENTAL,K04.7,1775,0,IN_REVIEW,2024-07-16,2024-07-31,Pranee Srisuwan,AIA Insurance,Hong Kong
CLM-03343,POL-01226,Dang Quoc Bao,OUTPATIENT,A90,10982,8447,APPROVED,2024-02-22,2024-02-28,Wong Ka Ming,Prudential Life,Vietnam
CLM-03344,POL-01279,Kanya Chaiyasit,INPATIENT,J18.9,102022,0,REJECTED,2024-02-02,2024-02-09,Tran Van Minh,Prudential Life,Thailand
CLM-03345,POL-01181,Malee Wattana,OUTPATIENT,L30.9,1158,0,REJECTED,2024-12-18,2024-12-21,Tran Van Minh,FWD Group,Thailand
CLM-03346,POL-00390,Do Van Long,OUTPATIENT,L30.9,3550,3300,APPROVED,2024-08-21,2024-08-26,Somchai Wattana,Prudential Life,Vietnam
CLM-03347,POL-00322,Dang Quoc Bao,INPATIENT,J18.9,27209,0,PENDING,2024-04-16,,Somchai Wattana,AIA Insurance,Vietnam
CLM-03348,POL-01007,Nguyen Van An,DENTAL,K05.10,1632,0,REJECTED,2024-07-06,2024-07-16,Pranee Srisuwan,AIA Insurance,Vietnam
CLM-03349,POL-00167,Bui Thanh Ha,DENTAL,K05.10,3445,0,PENDING,2024-09-15,,Somchai Wattana,Prudential Life,Vietnam
CLM-03350,POL-00113,Chaiwat Srisuwan,OUTPATIENT,J06.9,9687,0,REJECTED,2024-04-23,2024-04-29,Wong Ka Ming,AIA Insurance,Thailand
CLM-03351,POL-00141,Kittisak Phongpanich,OUTPATIENT,J06.9,3794,0,PENDING,2024-03-22,,Pranee Srisuwan,Prudential Life,Thailand
CLM-03352,POL-02324,Wong Ho Yin,OUTPATIENT,I10,5904,0,REJECTED,2024-11-25,2024-12-01,Nguyen Thi Lan,Prudential Life,Hong Kong
CLM-03353,POL-00628,Ng Mei Ling,DENTAL,K02.9,14978,0,PENDING,2024-02-15,,Wong Ka Ming,AIA Insurance,Hong Kong
CLM-03354,POL-01145,Pranee Phongpanich,MATERNITY,O82,85446,74832,APPROVED,2024-09-06,2024-09-10,Nguyen Thi Lan,Prudential Life,Thailand
CLM-03355,POL-01314,Kanya Rattanaporn,OUTPATIENT,L30.9,17411,16326,APPROVED,2024-06-23,2024-07-08,Somchai Wattana,Prudential Life,Thailand
CLM-03356,POL-00777,Le Minh Tuan,MATERNITY,O80,37798,0,IN_REVIEW,2024-12-16,2024-12-18,Wong Ka Ming,Prudential Life,Vietnam
CLM-03357,POL-01350,Hoang Duc Thang,OUTPATIENT,N39.0,2041,1459,APPROVED,2024-11-06,2024-11-11,Nguyen Thi Lan,FWD Group,Vietnam
CLM-03358,POL-00472,Tran Thi Mai,OUTPATIENT,H10.9,2547,2363,APPROVED,2024-06-21,2024-07-11,Pranee Srisuwan,AIA Insurance,Vietnam
CLM-03359,POL-00180,Nguyen Van An,OUTPATIENT,M54.5,2096,0,IN_REVIEW,2024-12-18,2024-12-23,Somchai Wattana,AIA Insurance,Vietnam
CLM-03360,POL-00707,Nguyen Van An,OUTPATIENT,J06.9,3919,0,REJECTED,2024-12-13,2024-12-17,Tran Van Minh,AIA Insurance,Vietnam
CLM-03361,POL-01028,Ho Sau Lan,OUTPATIENT,A09,618,0,REJECTED,2024-08-26,2024-09-03,Nguyen Thi Lan,Prudential Life,Hong Kong
CLM-03362,POL-00589,Malee Chaiyasit,OUTPATIENT,I10,6914,5674,APPROVED,2024-10-29,2024-10-31,Pranee Srisuwan,Prudential Life,Thailand
CLM-03363,POL-00519,Lau Tsz Ching,OUTPATIENT,M54.5,5795,5351,APPROVED,2024-01-12,2024-01-15,Wong Ka Ming,Prudential Life,Hong Kong
CLM-03364,POL-02126,Vu Ngoc Anh,OUTPATIENT,E11.9,13312,12332,APPROVED,2024-02-29,2024-03-12,Pranee Srisuwan,Prudential Life,Vietnam
CLM-03365,POL-02221,Anong Wattana,OUTPATIENT,A09,6275,5944,APPROVED,2024-03-08,2024-03-11,Nguyen Thi Lan,Prudential Life,Thailand
CLM-03366,POL-00638,Do Van Long,OUTPATIENT,A90,920,915,APPROVED,2024-01-09,2024-01-14,Wong Ka Ming,Prudential Life,Vietnam
CLM-03367,POL-01591,Wong Chi Keung,INPATIENT,J45.909,116216,96623,APPROVED,2024-01-06,2024-01-11,Nguyen Thi Lan,AIA Insurance,Hong Kong
CLM-03368,POL-01154,Somchai Thongdee,OUTPATIENT,J06.9,2750,1976,APPROVED,2024-11-25,2024-11-27,Nguyen Thi Lan,AIA Insurance,Thailand
CLM-03369,POL-01742,Lee Kwok Wah,OUTPATIENT,J06.9,6070,4402,APPROVED,2024-06-30,2024-07-05,Nguyen Thi Lan,AIA Insurance,Hong Kong
CLM-03370,POL-02212,Chaiwat Saetang,INPATIENT,J18.9,221328,168281,APPROVED,2024-09-21,2024-09-30,Somchai Wattana,Prudential Life,Thailand
CLM-03371,POL-01640,Bui Thanh Ha,OUTPATIENT,A90,1022,0,IN_REVIEW,2024-02-09,2024-02-12,Nguyen Thi Lan,Prudential Life,Vietnam
CLM-03372,POL-00696,Kanya Wattana,OUTPATIENT,A90,1387,0,REJECTED,2024-10-18,2024-10-21,Nguyen Thi Lan,Prudential Life,Thailand
CLM-03373,POL-00136,Tran Thi Mai,OUTPATIENT,E11.9,10546,0,PENDING,2024-02-13,,Somchai Wattana,AIA Insurance,Vietnam
CLM-03374,POL-02313,Nguyen Van An,OUTPATIENT,J06.9,2116,0,PENDING,2024-04-20,,Wong Ka Ming,Prudential Life,Vietnam
CLM-03375,POL-01350,Hoang Duc Thang,INPATIENT,E11.9,100194,74528,APPROVED,2024-01-21,2024-01-25,Wong Ka Ming,FWD Group,Vietnam
CLM-03376,POL-01574,Ngo Thi Thu,OUTPATIENT,A09,1462,1268,APPROVED,2024-06-04,2024-06-14,Somchai Wattana,AIA Insurance,Vietnam
CLM-03377,POL-00040,Tran Thi Mai,OUTPATIENT,I10,2789,0,PENDING,2024-07-30,,Tran Van Minh,AIA Insurance,Vietnam
CLM-03378,POL-01747,Anong Wattana,OUTPATIENT,J06.9,3605,2828,APPROVED,2024-02-09,2024-02-13,Pranee Srisuwan,Prudential Life,Thailand
CLM-03379,POL-00163,Cheung Ka Ming,OUTPATIENT,K21.0,7515,0,REJECTED,2024-02-16,2024-02-26,Nguyen Thi Lan,Prudential Life,Hong Kong
CLM-03380,POL-02240,Pranee Saetang,OUTPATIENT,E11.9,5325,0,IN_REVIEW,2024-02-04,2024-02-12,Pranee Srisuwan,Prudential Life,Thailand
CLM-03381,POL-02084,Kittisak Wattana,OUTPATIENT,H10.9,500,448,APPROVED,2024-05-02,2024-05-07,Somchai Wattana,FWD Group,Thailand
CLM-03382,POL-01027,Somchai Wattana,INPATIENT,A09,414824,0,REJECTED,2024-12-06,2024-12-09,Somchai Wattana,Prudential Life,Thailand
CLM-03383,POL-01769,Cheung Tsz Ching,INPATIENT,A90,148933,0,IN_REVIEW,2024-02-14,2024-02-21,Nguyen Thi Lan,Prudential Life,Hong Kong
CLM-03384,POL-01161,Dang Quoc Bao,DENTAL,K04.7,2671,0,PENDING,2024-01-10,,Wong Ka Ming,AIA Insurance,Vietnam
CLM-03385,POL-01571,Kanya Srisuwan,DENTAL,K02.9,6498,5492,APPROVED,2024-02-10,2024-02-14,Wong Ka Ming,AIA Insurance,Thailand
CLM-03386,POL-01294,Ng Kwok Wah,OUTPATIENT,I10,500,396,APPROVED,2024-11-22,2024-11-26,Nguyen Thi Lan,Prudential Life,Hong Kong
CLM-03387,POL-02033,Dang Quoc Bao,OUTPATIENT,M54.5,970,852,APPROVED,2024-03-09,2024-03-16,Wong Ka Ming,FWD Group,Vietnam
CLM-03388,POL-02165,Pham Thu Huong,OUTPATIENT,L30.9,11451,10614,APPROVED,2024-01-20,2024-01-27,Somchai Wattana,Prudential Life,Vietnam
CLM-03389,POL-01388,Siriporn Srisuwan,OUTPATIENT,M54.5,3912,3487,APPROVED,2024-11-06,2024-11-10,Nguyen Thi Lan,FWD Group,Thailand
CLM-03390,POL-00478,Kittisak Boonmee,OUTPATIENT,K21.0,2161,1655,APPROVED,2024-01-05,2024-01-20,Nguyen Thi Lan,AIA Insurance,Thailand
CLM-03391,POL-01165,Ngo Thi Thu,OUTPATIENT,J45.909,5286,4733,APPROVED,2024-04-03,2024-04-08,Nguyen Thi Lan,FWD Group,Vietnam
CLM-03392,POL-02175,Dang Quoc Bao,OUTPATIENT,J06.9,17876,12580,APPROVED,2024-08-10,2024-08-21,Nguyen Thi Lan,FWD Group,Vietnam
CLM-03393,POL-01258,Pham Thu Huong,INPATIENT,J18.9,84937,61646,APPROVED,2024-10-05,2024-10-11,Somchai Wattana,AIA Insurance,Vietnam
CLM-03394,POL-00993,Wong Chi Keung,INPATIENT,S72.001A,141848,0,PENDING,2024-12-10,,Tran Van Minh,Prudential Life,Hong Kong
CLM-03395,POL-00341,Somchai Boonmee,OUTPATIENT,K21.0,1479,0,IN_REVIEW,2024-11-27,2024-11-30,Tran Van Minh,Prudential Life,Thailand
CLM-03396,POL-01041,Prasert Wattana,OUTPATIENT,J06.9,1251,1044,APPROVED,2024-12-07,2024-12-13,Wong Ka Ming,FWD Group,Thailand
CLM-03397,POL-01244,Chaiwat Boonmee,DENTAL,K05.10,2598,0,REJECTED,2024-12-12,2024-12-25,Pranee Srisuwan,FWD Group,Thailand
CLM-03398,POL-01111,Ngo Thi Thu,MATERNITY,O80,65149,59820,APPROVED,2024-04-30,2024-05-07,Somchai Wattana,Prudential Life,Vietnam
CLM-03399,POL-00633,Leung Siu Fung,OUTPATIENT,N39.0,8400,6718,APPROVED,2024-09-29,2024-10-02,Wong Ka Ming,FWD Group,Hong Kong
CLM-03400,POL-01415,Ho Sau Lan,OUTPATIENT,A90,2179,1882,APPROVED,2024-09-23,2024-09-24,Pranee Srisuwan,AIA Insurance,Hong Kong
CLM-03401,POL-01767,Bui Thanh Ha,INPATIENT,E11.9,214500,197834,APPROVED,2024-06-15,2024-06-20,Somchai Wattana,Prudential Life,Vietnam
CLM-03402,POL-00589,Malee Chaiyasit,OUTPATIENT,H10.9,5895,5113,APPROVED,2024-09-16,2024-09-20,Tran Van Minh,Prudential Life,Thailand
CLM-03403,POL-00313,Nguyen Van An,DENTAL,K02.9,10275,0,PENDING,2024-08-07,,Wong Ka Ming,AIA Insurance,Vietnam
CLM-03404,POL-01124,Siriporn Srisuwan,OUTPATIENT,M54.5,12166,0,IN_REVIEW,2024-05-22,2024-05-25,Nguyen Thi Lan,FWD Group,Thailand
CLM-03405,POL-00585,Prasert Wattana,MATERNITY,O82,196822,144975,APPROVED,2024-12-31,2025-01-04,Pranee Srisuwan,Prudential Life,Thailand
CLM-03406,POL-00148,Siriporn Wattana,INPATIENT,K35.80,275301,0,IN_REVIEW,2024-02-03,2024-02-06,Somchai Wattana,AIA Insurance,Thailand
CLM-03407,POL-01074,Pranee Thongdee,INPATIENT,J18.9,145279,0,IN_REVIEW,2024-06-20,2024-06-23,Nguyen Thi Lan,AIA Insurance,Thailand
CLM-03408,POL-02226,Lee Tsz Ching,OUTPATIENT,E11.9,4458,0,IN_REVIEW,2024-06-12,2024-06-25,Wong Ka Ming,AIA Insurance,Hong Kong
CLM-03409,POL-01784,Hoang Duc Thang,DENTAL,K05.10,4716,0,REJECTED,2024-12-21,2024-12-26,Nguyen Thi Lan,AIA Insurance,Vietnam
CLM-03410,POL-00668,Prasert Wattana,OUTPATIENT,E11.9,12978,0,PENDING,2024-01-03,,Tran Van Minh,Prudential Life,Thailand
CLM-03411,POL-01378,Kanya Srisuwan,OUTPATIENT,J06.9,673,0,REJECTED,2024-12-05,2024-12-10,Tran Van Minh,Prudential Life,Thailand
CLM-03412,POL-00015,Tran Thi Mai,OUTPATIENT,J06.9,5705,4118,APPROVED,2024-01-17,2024-01-31,Pranee Srisuwan,FWD Group,Vietnam
CLM-03413,POL-00872,Wong Chi Keung,OUTPATIENT,I10,3423,3303,APPROVED,2024-12-13,2024-12-21,Nguyen Thi Lan,FWD Group,Hong Kong
CLM-03414,POL-01497,Bui Thanh Ha,OUTPATIENT,J45.909,6854,0,IN_REVIEW,2024-11-14,2024-11-18,Wong Ka Ming,Prudential Life,Vietnam
CLM-03415,POL-02324,Wong Ho Yin,OUTPATIENT,N39.0,1315,1277,APPROVED,2024-05-09,2024-05-12,Pranee Srisuwan,Prudential Life,Hong Kong
CLM-03416,POL-01315,Prasert Thongdee,OUTPATIENT,J45.909,3122,2388,APPROVED,2024-10-02,2024-10-04,Somchai Wattana,FWD Group,Thailand
CLM-03417,POL-01497,Bui Thanh Ha,INPATIENT,A09,7325,0,IN_REVIEW,2024-10-11,2024-10-19,Nguyen Thi Lan,Prudential Life,Vietnam
CLM-03418,POL-01810,Ho Kwok Wah,INPATIENT,A09,97554,77506,APPROVED,2024-11-19,2024-11-23,Nguyen Thi Lan,Prudential Life,Hong Kong
CLM-03419,POL-00264,Niran Boonmee,OUTPATIENT,M54.5,7639,6533,APPROVED,2024-04-25,2024-04-29,Somchai Wattana,FWD Group,Thailand
CLM-03420,POL-01087,Siriporn Thongdee,OUTPATIENT,N39.0,5277,3961,APPROVED,2024-05-13,2024-05-22,Nguyen Thi Lan,AIA Insurance,Thailand
CLM-03421,POL-01357,Prasert Thongdee,INPATIENT,A90,377298,305025,APPROVED,2024-07-29,2024-08-02,Wong Ka Ming,FWD Group,Thailand
CLM-03422,POL-01874,Wong Ho Yin,MATERNITY,O80,43147,41246,APPROVED,2024-05-26,2024-05-31,Wong Ka Ming,AIA Insurance,Hong Kong
CLM-03423,POL-01714,Niran Thongdee,OUTPATIENT,A09,5282,4822,APPROVED,2024-12-11,2024-12-20,Nguyen Thi Lan,FWD Group,Thailand
CLM-03424,POL-00093,Chaiwat Chaiyasit,OUTPATIENT,E11.9,3785,0,IN_REVIEW,2024-05-07,2024-05-11,Somchai Wattana,FWD Group,Thailand
CLM-03425,POL-01638,Pranee Phongpanich,DENTAL,K02.9,4825,4656,APPROVED,2024-05-06,2024-05-12,Somchai Wattana,Prudential Life,Thailand
CLM-03426,POL-01357,Prasert Thongdee,OUTPATIENT,E11.9,2251,1985,APPROVED,2024-12-23,2025-01-16,Wong Ka Ming,FWD Group,Thailand
CLM-03427,POL-01315,Prasert Thongdee,INPATIENT,K35.80,207137,0,REJECTED,2024-09-27,2024-09-30,Nguyen Thi Lan,FWD Group,Thailand
CLM-03428,POL-00963,Somchai Thongdee,OUTPATIENT,A90,866,634,APPROVED,2024-12-05,2024-12-07,Nguyen Thi Lan,AIA Insurance,Thailand
CLM-03429,POL-00660,Lee Tsz Ching,MATERNITY,O80,208625,186409,APPROVED,2024-02-08,2024-02-15,Somchai Wattana,FWD Group,Hong Kong
CLM-03430,POL-02205,Niran Srisuwan,DENTAL,K05.10,1310,0,IN_REVIEW,2024-12-09,2024-12-18,Wong Ka Ming,AIA Insurance,Thailand
CLM-03431,POL-01771,Vu Ngoc Anh,INPATIENT,A09,784677,583314,APPROVED,2024-04-29,2024-05-07,Nguyen Thi Lan,AIA Insurance,Vietnam
CLM-03432,POL-00397,Anong Rattanaporn,OUTPATIENT,M54.5,8265,0,REJECTED,2024-10-29,2024-11-12,Wong Ka Ming,AIA Insurance,Thailand
CLM-03433,POL-01466,Lau Tsz Ching,OUTPATIENT,J06.9,1488,0,REJECTED,2024-01-13,2024-01-17,Nguyen Thi Lan,Prudential Life,Hong Kong
CLM-03434,POL-00641,Siriporn Boonmee,MATERNITY,O82,10326,8019,APPROVED,2024-03-22,2024-03-25,Nguyen Thi Lan,Prudential Life,Thailand
CLM-03435,POL-01533,Do Van Long,OUTPATIENT,H10.9,2444,0,REJECTED,2024-03-22,2024-03-29,Nguyen Thi Lan,Prudential Life,Vietnam
CLM-03436,POL-00569,Leung Ka Ming,OUTPATIENT,A09,7728,5545,APPROVED,2024-11-04,2024-11-08,Pranee Srisuwan,Prudential Life,Hong Kong
CLM-03437,POL-01020,Nguyen Van An,OUTPATIENT,J06.9,1274,0,IN_REVIEW,2024-05-02,2024-05-10,Nguyen Thi Lan,AIA Insurance,Vietnam
CLM-03438,POL-01278,Somchai Phongpanich,OUTPATIENT,H10.9,5153,4925,APPROVED,2024-07-02,2024-07-05,Somchai Wattana,AIA Insurance,Thailand
CLM-03439,POL-01401,Ho Yuen Man,OUTPATIENT,M54.5,1394,0,REJECTED,2024-02-20,2024-02-22,Somchai Wattana,AIA Insurance,Hong Kong
CLM-03440,POL-00306,Pham Thu Huong,MATERNITY,O80,58480,0,REJECTED,2024-12-18,2024-12-24,Somchai Wattana,FWD Group,Vietnam
CLM-03441,POL-01981,Leung Tsz Ching,MATERNITY,O82,80431,62395,APPROVED,2024-07-29,2024-08-10,Wong Ka Ming,FWD Group,Hong Kong
CLM-03442,POL-00858,Ng Tsz Ching,OUTPATIENT,M54.5,7268,6644,APPROVED,2024-12-31,2025-01-03,Nguyen Thi Lan,FWD Group,Hong Kong
CLM-03443,POL-00099,Lee Kwok Wah,INPATIENT,A09,143067,0,PENDING,2024-03-23,,Pranee Srisuwan,Prudential Life,Hong Kong
CLM-03444,POL-01450,Somchai Wattana,OUTPATIENT,J06.9,923,777,APPROVED,2024-08-20,2024-08-31,Tran Van Minh,Prudential Life,Thailand
CLM-03445,POL-00578,Siriporn Boonmee,OUTPATIENT,M54.5,16750,13636,APPROVED,2024-01-19,2024-01-26,Wong Ka Ming,AIA Insurance,Thailand
CLM-03446,POL-00808,Ho Ka Ming,INPATIENT,J18.9,31834,27352,APPROVED,2024-12-23,2024-12-29,Pranee Srisuwan,Prudential Life,Hong Kong
CLM-03447,POL-01874,Wong Ho Yin,OUTPATIENT,A09,1793,1648,APPROVED,2024-07-06,2024-07-11,Nguyen Thi Lan,AIA Insurance,Hong Kong
CLM-03448,POL-02188,Niran Chaiyasit,OUTPATIENT,N39.0,30492,24295,APPROVED,2024-06-22,2024-07-08,Wong Ka Ming,Prudential Life,Thailand
CLM-03449,POL-02229,Cheung Kwok Wah,OUTPATIENT,I10,2421,1886,APPROVED,2024-04-08,2024-04-13,Pranee Srisuwan,AIA Insurance,Hong Kong
CLM-03450,POL-01892,Do Van Long,OUTPATIENT,J06.9,14269,10696,APPROVED,2024-10-26,2024-11-04,Tran Van Minh,FWD Group,Vietnam
CLM-03451,POL-01863,Nguyen Van An,DENTAL,K04.7,9333,8664,APPROVED,2024-06-11,2024-06-16,Wong Ka Ming,FWD Group,Vietnam
CLM-03452,POL-01931,Ho Tsz Ching,OUTPATIENT,E11.9,2294,2151,APPROVED,2024-07-20,2024-07-23,Pranee Srisuwan,FWD Group,Hong Kong
CLM-03453,POL-01048,Malee Phongpanich,OUTPATIENT,H10.9,3872,0,REJECTED,2024-04-26,2024-05-09,Nguyen Thi Lan,Prudential Life,Thailand
CLM-03454,POL-01406,Ngo Thi Thu,OUTPATIENT,L30.9,1086,0,REJECTED,2024-09-29,2024-10-09,Wong Ka Ming,Prudential Life,Vietnam
CLM-03455,POL-00813,Prasert Thongdee,OUTPATIENT,J06.9,748,0,REJECTED,2024-06-23,2024-06-27,Wong Ka Ming,Prudential Life,Thailand
CLM-03456,POL-02345,Pham Thu Huong,OUTPATIENT,L30.9,920,906,APPROVED,2024-12-14,2024-12-22,Tran Van Minh,FWD Group,Vietnam
CLM-03457,POL-00988,Siriporn Rattanaporn,DENTAL,K04.7,5814,4433,APPROVED,2024-03-03,2024-03-12,Somchai Wattana,Prudential Life,Thailand
CLM-03458,POL-00632,Vu Ngoc Anh,OUTPATIENT,I10,2213,1843,APPROVED,2024-11-18,2024-11-22,Somchai Wattana,AIA Insurance,Vietnam
CLM-03459,POL-00934,Ngo Thi Thu,OUTPATIENT,L30.9,1028,0,PENDING,2024-01-09,,Tran Van Minh,AIA Insurance,Vietnam
CLM-03460,POL-00060,Wong Chi Keung,DENTAL,K02.9,4550,3630,APPROVED,2024-03-07,2024-03-26,Somchai Wattana,AIA Insurance,Hong Kong
CLM-03461,POL-00504,Tran Thi Mai,OUTPATIENT,I10,754,578,APPROVED,2024-11-07,2024-11-16,Somchai Wattana,Prudential Life,Vietnam
CLM-03462,POL-01992,Hoang Duc Thang,OUTPATIENT,J45.909,8261,7458,APPROVED,2024-02-25,2024-02-27,Somchai Wattana,AIA Insurance,Vietnam
CLM-03463,POL-00814,Pranee Rattanaporn,OUTPATIENT,I10,6956,0,PENDING,2024-08-08,,Somchai Wattana,Prudential Life,Thailand
CLM-03464,POL-01884,Wong Siu Fung,OUTPATIENT,K21.0,1832,0,REJECTED,2024-02-05,2024-02-17,Nguyen Thi Lan,AIA Insurance,Hong Kong
CLM-03465,POL-02266,Ng Wai Yan,OUTPATIENT,I10,4532,4121,APPROVED,2024-09-21,2024-09-29,Pranee Srisuwan,FWD Group,Hong Kong
CLM-03466,POL-02257,Cheung Tsz Ching,DENTAL,K08.9,4199,3120,APPROVED,2024-01-16,2024-01-28,Wong Ka Ming,FWD Group,Hong Kong
CLM-03467,POL-01241,Chaiwat Wattana,OUTPATIENT,A09,620,619,APPROVED,2024-07-20,2024-07-27,Somchai Wattana,FWD Group,Thailand
CLM-03468,POL-02224,Dang Quoc Bao,DENTAL,K02.9,5990,4421,APPROVED,2024-05-01,2024-05-12,Pranee Srisuwan,Prudential Life,Vietnam
CLM-03469,POL-00632,Vu Ngoc Anh,OUTPATIENT,N39.0,7867,6680,APPROVED,2024-04-23,2024-04-29,Nguyen Thi Lan,AIA Insurance,Vietnam
CLM-03470,POL-00755,Chan Ho Yin,OUTPATIENT,M54.5,9897,0,PENDING,2024-02-12,,Nguyen Thi Lan,Prudential Life,Hong Kong
CLM-03471,POL-00148,Siriporn Wattana,OUTPATIENT,A09,14073,0,IN_REVIEW,2024-01-30,2024-02-03,Wong Ka Ming,AIA Insurance,Thailand
CLM-03472,POL-01501,Ng Siu Fung,OUTPATIENT,J06.9,3283,0,REJECTED,2024-10-03,2024-10-09,Pranee Srisuwan,AIA Insurance,Hong Kong
CLM-03473,POL-01178,Nguyen Van An,INPATIENT,N39.0,308624,0,PENDING,2024-02-08,,Somchai Wattana,AIA Insurance,Vietnam
CLM-03474,POL-01732,Vu Ngoc Anh,OUTPATIENT,M54.5,2406,0,REJECTED,2024-10-23,2024-10-26,Somchai Wattana,FWD Group,Vietnam
CLM-03475,POL-01055,Chaiwat Wattana,OUTPATIENT,E11.9,1986,0,REJECTED,2024-07-15,2024-07-21,Pranee Srisuwan,AIA Insurance,Thailand
CLM-03476,POL-01237,Malee Wattana,DENTAL,K05.10,5131,3777,APPROVED,2024-07-14,2024-07-19,Nguyen Thi Lan,FWD Group,Thailand
CLM-03477,POL-00204,Dang Quoc Bao,OUTPATIENT,K21.0,2278,2208,APPROVED,2024-03-10,2024-03-13,Tran Van Minh,Prudential Life,Vietnam
CLM-03478,POL-00088,Lee Sau Lan,DENTAL,K02.9,7926,6987,APPROVED,2024-12-03,2024-12-04,Nguyen Thi Lan,AIA Insurance,Hong Kong
CLM-03479,POL-02252,Pranee Saetang,OUTPATIENT,M54.5,15820,12470,APPROVED,2024-05-15,2024-05-21,Pranee Srisuwan,Prudential Life,Thailand
CLM-03480,POL-00620,Niran Chaiyasit,OUTPATIENT,N39.0,17548,14295,APPROVED,2024-05-31,2024-06-07,Wong Ka Ming,Prudential Life,Thailand
CLM-03481,POL-00844,Nguyen Van An,OUTPATIENT,J45.909,2869,2550,APPROVED,2024-02-26,2024-02-29,Tran Van Minh,Prudential Life,Vietnam
CLM-03482,POL-01508,Lee Chi Keung,MATERNITY,O80,74644,74113,APPROVED,2024-05-01,2024-05-12,Tran Van Minh,FWD Group,Hong Kong
CLM-03483,POL-01547,Lee Yuen Man,INPATIENT,A09,430350,318773,APPROVED,2024-02-08,2024-02-12,Somchai Wattana,Prudential Life,Hong Kong
CLM-03484,POL-00816,Ho Kwok Wah,OUTPATIENT,K21.0,6318,4702,APPROVED,2024-09-21,2024-10-10,Pranee Srisuwan,FWD Group,Hong Kong
CLM-03485,POL-01016,Lee Sau Lan,OUTPATIENT,A09,7582,0,REJECTED,2024-11-25,2024-11-30,Nguyen Thi Lan,AIA Insurance,Hong Kong
CLM-03486,POL-02304,Chaiwat Phongpanich,OUTPATIENT,E11.9,4589,3652,APPROVED,2024-08-28,2024-09-07,Pranee Srisuwan,AIA Insurance,Thailand
CLM-03487,POL-01269,Ho Siu Fung,DENTAL,K08.9,7326,5200,APPROVED,2024-02-26,2024-03-07,Nguyen Thi Lan,FWD Group,Hong Kong
CLM-03488,POL-01080,Kittisak Boonmee,INPATIENT,E11.9,1334136,0,REJECTED,2024-03-02,2024-03-10,Nguyen Thi Lan,AIA Insurance,Thailand
CLM-03489,POL-00385,Kittisak Saetang,INPATIENT,J18.9,19990,18084,APPROVED,2024-11-23,2024-12-02,Pranee Srisuwan,Prudential Life,Thailand
CLM-03490,POL-01304,Chaiwat Srisuwan,MATERNITY,O80,32576,24935,APPROVED,2024-09-20,2024-10-01,Pranee Srisuwan,FWD Group,Thailand
CLM-03491,POL-02026,Bui Thanh Ha,OUTPATIENT,A09,3266,0,PENDING,2024-08-12,,Somchai Wattana,Prudential Life,Vietnam
CLM-03492,POL-00906,Wong Wai Yan,OUTPATIENT,A09,17305,16450,APPROVED,2024-07-31,2024-08-03,Wong Ka Ming,AIA Insurance,Hong Kong
CLM-03493,POL-02355,Ho Kwok Wah,INPATIENT,J18.9,60359,44615,APPROVED,2024-07-28,2024-07-30,Tran Van Minh,Prudential Life,Hong Kong
CLM-03494,POL-01036,Chaiwat Rattanaporn,OUTPATIENT,N39.0,4742,4457,APPROVED,2024-01-15,2024-01-23,Pranee Srisuwan,Prudential Life,Thailand
CLM-03495,POL-00331,Vu Ngoc Anh,OUTPATIENT,A09,4330,0,REJECTED,2024-04-13,2024-04-29,Wong Ka Ming,AIA Insurance,Vietnam
CLM-03496,POL-00468,Leung Sau Lan,OUTPATIENT,M54.5,9306,0,REJECTED,2024-06-30,2024-07-07,Nguyen Thi Lan,FWD Group,Hong Kong
CLM-03497,POL-02061,Chan Ka Ming,MATERNITY,O82,61855,43841,APPROVED,2024-05-01,2024-05-16,Wong Ka Ming,AIA Insurance,Hong Kong
CLM-03498,POL-01029,Cheung Tsz Ching,DENTAL,K02.9,9692,7526,APPROVED,2024-08-03,2024-08-08,Nguyen Thi Lan,AIA Insurance,Hong Kong
CLM-03499,POL-01492,Do Van Long,INPATIENT,J45.909,55712,41419,APPROVED,2024-08-07,2024-08-11,Tran Van Minh,AIA Insurance,Vietnam
CLM-03500,POL-00961,Siriporn Saetang,MATERNITY,O82,21261,16012,APPROVED,2024-06-02,2024-06-06,Pranee Srisuwan,AIA Insurance,Thailand
CLM-03501,POL-00864,Siriporn Srisuwan,OUTPATIENT,J06.9,9887,0,IN_REVIEW,2024-06-08,2024-06-12,Wong Ka Ming,FWD Group,Thailand
CLM-03502,POL-01417,Chan Chi Keung,OUTPATIENT,M54.5,2150,0,REJECTED,2024-09-23,2024-10-06,Tran Van Minh,AIA Insurance,Hong Kong
CLM-03503,POL-01826,Hoang Duc Thang,INPATIENT,J18.9,102126,87766,APPROVED,2024-12-10,2024-12-17,Wong Ka Ming,AIA Insurance,Vietnam
CLM-03504,POL-00255,Chaiwat Chaiyasit,OUTPATIENT,J06.9,2269,2247,APPROVED,2024-04-10,2024-04-20,Somchai Wattana,FWD Group,Thailand
CLM-03505,POL-01852,Kittisak Saetang,OUTPATIENT,A09,4145,0,REJECTED,2024-05-23,2024-05-28,Somchai Wattana,Prudential Life,Thailand
CLM-03506,POL-00770,Le Minh Tuan,OUTPATIENT,E11.9,12684,12602,APPROVED,2024-10-06,2024-10-09,Pranee Srisuwan,AIA Insurance,Vietnam
CLM-03507,POL-00315,Chan Ka Ming,DENTAL,K04.7,12197,9278,APPROVED,2024-12-06,2024-12-13,Somchai Wattana,FWD Group,Hong Kong
CLM-03508,POL-00941,Do Van Long,MATERNITY,O80,68623,67828,APPROVED,2024-06-07,2024-06-13,Somchai Wattana,AIA Insurance,Vietnam
CLM-03509,POL-02220,Pranee Boonmee,INPATIENT,A09,152561,0,PENDING,2024-04-29,,Nguyen Thi Lan,AIA Insurance,Thailand
CLM-03510,POL-00344,Pranee Chaiyasit,MATERNITY,O80,28988,24249,APPROVED,2024-10-17,2024-10-20,Wong Ka Ming,Prudential Life,Thailand
CLM-03511,POL-01639,Hoang Duc Thang,INPATIENT,J45.909,26438,18530,APPROVED,2024-07-13,2024-07-21,Somchai Wattana,AIA Insurance,Vietnam
CLM-03512,POL-01344,Cheung Chi Keung,OUTPATIENT,E11.9,2838,0,IN_REVIEW,2024-10-04,2024-10-12,Wong Ka Ming,Prudential Life,Hong Kong
CLM-03513,POL-02016,Ngo Thi Thu,DENTAL,K02.9,6815,6477,APPROVED,2024-12-19,2024-12-23,Pranee Srisuwan,Prudential Life,Vietnam
CLM-03514,POL-02173,Chaiwat Rattanaporn,OUTPATIENT,J06.9,1485,0,REJECTED,2024-09-10,2024-09-14,Wong Ka Ming,AIA Insurance,Thailand
CLM-03515,POL-00025,Anong Boonmee,DENTAL,K05.10,4730,3527,APPROVED,2024-12-14,2024-12-22,Somchai Wattana,FWD Group,Thailand
CLM-03516,POL-01649,Ho Tsz Ching,OUTPATIENT,J06.9,1836,1524,APPROVED,2024-09-26,2024-10-05,Pranee Srisuwan,Prudential Life,Hong Kong
CLM-03517,POL-01843,Kittisak Boonmee,DENTAL,K02.9,3196,0,REJECTED,2024-03-21,2024-03-27,Nguyen Thi Lan,Prudential Life,Thailand
CLM-03518,POL-00525,Do Van Long,OUTPATIENT,J45.909,2581,1812,APPROVED,2024-03-11,2024-03-15,Wong Ka Ming,FWD Group,Vietnam
CLM-03519,POL-01578,Malee Rattanaporn,OUTPATIENT,A09,7847,7337,APPROVED,2024-08-10,2024-08-15,Pranee Srisuwan,Prudential Life,Thailand
CLM-03520,POL-01299,Prasert Thongdee,OUTPATIENT,J06.9,3440,2999,APPROVED,2024-05-01,2024-05-13,Wong Ka Ming,FWD Group,Thailand
CLM-03521,POL-00175,Chan Tsz Ching,OUTPATIENT,E11.9,2896,2603,APPROVED,2024-07-31,2024-08-03,Nguyen Thi Lan,Prudential Life,Hong Kong
CLM-03522,POL-01336,Chaiwat Saetang,DENTAL,K08.9,2347,2182,APPROVED,2024-08-03,2024-08-09,Wong Ka Ming,Prudential Life,Thailand
CLM-03523,POL-00677,Lau Sau Lan,INPATIENT,J18.9,57473,0,REJECTED,2024-10-26,2024-11-02,Wong Ka Ming,AIA Insurance,Hong Kong
CLM-03524,POL-00161,Siriporn Rattanaporn,INPATIENT,J45.909,56708,46882,APPROVED,2024-02-23,2024-03-03,Nguyen Thi Lan,Prudential Life,Thailand
CLM-03525,POL-00109,Kanya Srisuwan,OUTPATIENT,J06.9,14568,0,REJECTED,2024-01-03,2024-01-08,Nguyen Thi Lan,Prudential Life,Thailand
CLM-03526,POL-01287,Kittisak Rattanaporn,OUTPATIENT,I10,8231,7471,APPROVED,2024-05-15,2024-05-24,Tran Van Minh,AIA Insurance,Thailand
CLM-03527,POL-00622,Pham Thu Huong,OUTPATIENT,L30.9,11432,0,IN_REVIEW,2024-05-01,2024-05-04,Nguyen Thi Lan,Prudential Life,Vietnam
CLM-03528,POL-01612,Chaiwat Saetang,OUTPATIENT,K21.0,5807,5452,APPROVED,2024-11-02,2024-11-20,Wong Ka Ming,FWD Group,Thailand
CLM-03529,POL-01441,Vu Ngoc Anh,OUTPATIENT,M54.5,6091,0,IN_REVIEW,2024-06-05,2024-06-08,Nguyen Thi Lan,Prudential Life,Vietnam
CLM-03530,POL-01403,Tran Thi Mai,OUTPATIENT,L30.9,500,434,APPROVED,2024-11-18,2024-11-26,Wong Ka Ming,FWD Group,Vietnam
CLM-03531,POL-01076,Hoang Duc Thang,MATERNITY,O80,45833,39117,APPROVED,2024-10-04,2024-10-12,Nguyen Thi Lan,Prudential Life,Vietnam
CLM-03532,POL-00555,Le Minh Tuan,OUTPATIENT,A09,10823,7933,APPROVED,2024-05-05,2024-05-15,Somchai Wattana,Prudential Life,Vietnam
CLM-03533,POL-00898,Kanya Saetang,OUTPATIENT,J06.9,4405,3425,APPROVED,2024-09-20,2024-09-25,Wong Ka Ming,FWD Group,Thailand
CLM-03534,POL-00533,Wong Ka Ming,OUTPATIENT,A09,568,435,APPROVED,2024-06-28,2024-07-04,Wong Ka Ming,FWD Group,Hong Kong
CLM-03535,POL-00988,Siriporn Rattanaporn,DENTAL,K05.10,2135,1925,APPROVED,2024-10-13,2024-10-18,Nguyen Thi Lan,Prudential Life,Thailand
CLM-03536,POL-00625,Lee Tsz Ching,DENTAL,K04.7,3784,0,IN_REVIEW,2024-05-27,2024-05-31,Tran Van Minh,Prudential Life,Hong Kong
CLM-03537,POL-02266,Ng Wai Yan,OUTPATIENT,J06.9,1030,1010,APPROVED,2024-02-19,2024-02-22,Nguyen Thi Lan,FWD Group,Hong Kong
CLM-03538,POL-01313,Siriporn Wattana,OUTPATIENT,L30.9,1033,952,APPROVED,2024-12-25,2025-01-05,Somchai Wattana,AIA Insurance,Thailand
CLM-03539,POL-00123,Chaiwat Phongpanich,OUTPATIENT,I10,3278,0,REJECTED,2024-10-31,2024-11-03,Nguyen Thi Lan,FWD Group,Thailand
CLM-03540,POL-01467,Lee Ka Ming,OUTPATIENT,I10,5927,5295,APPROVED,2024-11-18,2024-11-24,Pranee Srisuwan,AIA Insurance,Hong Kong
CLM-03541,POL-01506,Lau Yuen Man,MATERNITY,O82,36833,26660,APPROVED,2024-10-15,2024-10-23,Nguyen Thi Lan,FWD Group,Hong Kong
CLM-03542,POL-02249,Niran Rattanaporn,DENTAL,K05.10,3363,3131,APPROVED,2024-09-21,2024-09-24,Tran Van Minh,AIA Insurance,Thailand
CLM-03543,POL-01965,Do Van Long,INPATIENT,N39.0,21702,0,IN_REVIEW,2024-11-06,2024-11-18,Nguyen Thi Lan,AIA Insurance,Vietnam
CLM-03544,POL-01934,Lau Kwok Wah,INPATIENT,S72.001A,129874,0,PENDING,2024-08-23,,Pranee Srisuwan,Prudential Life,Hong Kong
CLM-03545,POL-00056,Wong Yuen Man,OUTPATIENT,A09,4579,0,IN_REVIEW,2024-08-30,2024-09-10,Somchai Wattana,Prudential Life,Hong Kong
CLM-03546,POL-02103,Anong Srisuwan,OUTPATIENT,J06.9,20118,14763,APPROVED,2024-11-24,2024-11-30,Tran Van Minh,AIA Insurance,Thailand
CLM-03547,POL-01545,Prasert Saetang,DENTAL,K08.9,8349,0,REJECTED,2024-04-26,2024-05-02,Tran Van Minh,Prudential Life,Thailand
CLM-03548,POL-00909,Lau Ka Ming,DENTAL,K04.7,1692,1348,APPROVED,2024-03-03,2024-03-06,Somchai Wattana,Prudential Life,Hong Kong
CLM-03549,POL-01619,Prasert Phongpanich,INPATIENT,A09,35244,31457,APPROVED,2024-04-26,2024-05-02,Pranee Srisuwan,FWD Group,Thailand
CLM-03550,POL-02105,Malee Phongpanich,OUTPATIENT,J06.9,2418,0,IN_REVIEW,2024-06-20,2024-06-27,Nguyen Thi Lan,Prudential Life,Thailand
CLM-03551,POL-02240,Pranee Saetang,INPATIENT,A09,90802,83083,APPROVED,2024-12-18,2024-12-26,Tran Van Minh,Prudential Life,Thailand
CLM-03552,POL-01832,Ng Mei Ling,OUTPATIENT,A09,1298,969,APPROVED,2024-07-09,2024-07-19,Somchai Wattana,AIA Insurance,Hong Kong
CLM-03553,POL-00793,Dang Quoc Bao,INPATIENT,E11.9,328646,0,PENDING,2024-02-11,,Tran Van Minh,Prudential Life,Vietnam
CLM-03554,POL-01084,Dang Quoc Bao,OUTPATIENT,J06.9,2212,2150,APPROVED,2024-02-25,2024-03-01,Pranee Srisuwan,FWD Group,Vietnam
CLM-03555,POL-01511,Cheung Siu Fung,OUTPATIENT,A09,2333,1984,APPROVED,2024-04-18,2024-05-05,Wong Ka Ming,Prudential Life,Hong Kong
CLM-03556,POL-00853,Nguyen Van An,MATERNITY,O82,68742,67509,APPROVED,2024-02-03,2024-02-11,Nguyen Thi Lan,AIA Insurance,Vietnam
CLM-03557,POL-02170,Niran Thongdee,INPATIENT,E11.9,33554,0,REJECTED,2024-08-19,2024-08-26,Somchai Wattana,FWD Group,Thailand
CLM-03558,POL-01078,Dang Quoc Bao,INPATIENT,J45.909,17581,14695,APPROVED,2024-03-16,2024-03-21,Nguyen Thi Lan,Prudential Life,Vietnam
CLM-03559,POL-02177,Somchai Srisuwan,OUTPATIENT,E11.9,1524,0,PENDING,2024-05-07,,Nguyen Thi Lan,Prudential Life,Thailand
CLM-03560,POL-02125,Kanya Phongpanich,DENTAL,K05.10,7589,0,IN_REVIEW,2024-10-11,2024-10-14,Somchai Wattana,Prudential Life,Thailand
CLM-03561,POL-00877,Anong Saetang,DENTAL,K08.9,1720,0,IN_REVIEW,2024-09-03,2024-09-05,Nguyen Thi Lan,FWD Group,Thailand
CLM-03562,POL-02181,Niran Saetang,DENTAL,K02.9,5018,3807,APPROVED,2024-08-12,2024-08-16,Pranee Srisuwan,AIA Insurance,Thailand
CLM-03563,POL-01095,Leung Wai Yan,INPATIENT,E11.9,164172,141023,APPROVED,2024-04-08,2024-04-13,Tran Van Minh,AIA Insurance,Hong Kong
CLM-03564,POL-02198,Siriporn Saetang,OUTPATIENT,J45.909,1014,845,APPROVED,2024-11-10,2024-11-18,Somchai Wattana,Prudential Life,Thailand
CLM-03565,POL-01940,Malee Phongpanich,INPATIENT,S72.001A,134936,0,PENDING,2024-08-01,,Somchai Wattana,FWD Group,Thailand
CLM-03566,POL-00670,Vu Ngoc Anh,DENTAL,K05.10,7650,6972,APPROVED,2024-01-01,2024-01-05,Wong Ka Ming,AIA Insurance,Vietnam
CLM-03567,POL-00655,Prasert Thongdee,OUTPATIENT,L30.9,1585,1261,APPROVED,2024-02-23,2024-02-28,Pranee Srisuwan,FWD Group,Thailand
CLM-03568,POL-01403,Tran Thi Mai,MATERNITY,O80,74041,60988,APPROVED,2024-05-30,2024-06-02,Pranee Srisuwan,FWD Group,Vietnam
CLM-03569,POL-00133,Vu Ngoc Anh,OUTPATIENT,H10.9,8312,6182,APPROVED,2024-01-04,2024-01-12,Nguyen Thi Lan,Prudential Life,Vietnam
CLM-03570,POL-01552,Hoang Duc Thang,OUTPATIENT,J45.909,1976,0,PENDING,2024-03-30,,Nguyen Thi Lan,Prudential Life,Vietnam
CLM-03571,POL-01145,Pranee Phongpanich,INPATIENT,J18.9,26660,24624,APPROVED,2024-10-04,2024-10-22,Pranee Srisuwan,Prudential Life,Thailand
CLM-03572,POL-01441,Vu Ngoc Anh,INPATIENT,E11.9,86417,61072,APPROVED,2024-04-16,2024-04-23,Nguyen Thi Lan,Prudential Life,Vietnam
CLM-03573,POL-02320,Leung Wai Yan,INPATIENT,J45.909,113433,80274,APPROVED,2024-01-28,2024-02-01,Somchai Wattana,AIA Insurance,Hong Kong
CLM-03574,POL-02301,Dang Quoc Bao,OUTPATIENT,A09,1546,0,REJECTED,2024-07-31,2024-08-03,Tran Van Minh,AIA Insurance,Vietnam
CLM-03575,POL-00648,Malee Thongdee,DENTAL,K04.7,6929,0,PENDING,2024-12-10,,Wong Ka Ming,AIA Insurance,Thailand
CLM-03576,POL-02242,Do Van Long,OUTPATIENT,K21.0,1872,1549,APPROVED,2024-01-08,2024-01-13,Somchai Wattana,FWD Group,Vietnam
CLM-03577,POL-00026,Ho Yuen Man,OUTPATIENT,A09,1753,0,REJECTED,2024-08-20,2024-08-25,Somchai Wattana,AIA Insurance,Hong Kong
CLM-03578,POL-01923,Dang Quoc Bao,OUTPATIENT,E11.9,2300,2253,APPROVED,2024-04-28,2024-05-03,Tran Van Minh,Prudential Life,Vietnam
CLM-03579,POL-02106,Niran Phongpanich,INPATIENT,E11.9,132834,0,PENDING,2024-05-10,,Tran Van Minh,AIA Insurance,Thailand
CLM-03580,POL-00309,Bui Thanh Ha,DENTAL,K05.10,5957,4715,APPROVED,2024-07-29,2024-08-02,Nguyen Thi Lan,FWD Group,Vietnam
CLM-03581,POL-01035,Anong Saetang,DENTAL,K02.9,3416,2853,APPROVED,2024-05-22,2024-05-25,Tran Van Minh,AIA Insurance,Thailand
CLM-03582,POL-01912,Leung Mei Ling,OUTPATIENT,L30.9,649,503,APPROVED,2024-01-21,2024-02-01,Somchai Wattana,FWD Group,Hong Kong
CLM-03583,POL-01310,Kanya Wattana,OUTPATIENT,E11.9,1399,0,REJECTED,2024-12-22,2024-12-28,Tran Van Minh,FWD Group,Thailand
CLM-03584,POL-01415,Ho Sau Lan,OUTPATIENT,J45.909,5902,0,IN_REVIEW,2024-05-28,2024-06-03,Wong Ka Ming,AIA Insurance,Hong Kong
CLM-03585,POL-01280,Siriporn Phongpanich,OUTPATIENT,A90,2701,2442,APPROVED,2024-01-12,2024-01-18,Nguyen Thi Lan,FWD Group,Thailand
CLM-03586,POL-01460,Leung Sau Lan,DENTAL,K02.9,2814,2318,APPROVED,2024-04-20,2024-04-24,Nguyen Thi Lan,AIA Insurance,Hong Kong
CLM-03587,POL-01913,Vu Ngoc Anh,OUTPATIENT,H10.9,2239,2215,APPROVED,2024-12-12,2024-12-15,Pranee Srisuwan,AIA Insurance,Vietnam
CLM-03588,POL-00442,Pham Thu Huong,OUTPATIENT,L30.9,3578,0,PENDING,2024-03-07,,Pranee Srisuwan,AIA Insurance,Vietnam
CLM-03589,POL-01925,Bui Thanh Ha,OUTPATIENT,I10,2124,2043,APPROVED,2024-09-07,2024-09-17,Nguyen Thi Lan,Prudential Life,Vietnam
CLM-03590,POL-02336,Pham Thu Huong,OUTPATIENT,J06.9,4956,3791,APPROVED,2024-07-03,2024-07-10,Pranee Srisuwan,AIA Insurance,Vietnam
CLM-03591,POL-02100,Niran Boonmee,OUTPATIENT,E11.9,1843,1682,APPROVED,2024-10-18,2024-10-28,Tran Van Minh,AIA Insurance,Thailand
CLM-03592,POL-00473,Anong Boonmee,OUTPATIENT,E11.9,4712,3537,APPROVED,2024-01-29,2024-02-03,Wong Ka Ming,FWD Group,Thailand
CLM-03593,POL-01121,Anong Saetang,OUTPATIENT,I10,1731,1630,APPROVED,2024-12-30,2025-01-07,Nguyen Thi Lan,FWD Group,Thailand
CLM-03594,POL-02312,Ho Sau Lan,DENTAL,K05.10,947,0,PENDING,2024-02-03,,Pranee Srisuwan,AIA Insurance,Hong Kong
CLM-03595,POL-00139,Malee Phongpanich,INPATIENT,N39.0,132848,0,PENDING,2024-12-05,,Pranee Srisuwan,AIA Insurance,Thailand
CLM-03596,POL-00815,Kanya Thongdee,OUTPATIENT,M54.5,4490,0,REJECTED,2024-01-28,2024-02-04,Somchai Wattana,AIA Insurance,Thailand
CLM-03597,POL-01641,Hoang Duc Thang,OUTPATIENT,H10.9,11112,7855,APPROVED,2024-03-14,2024-03-21,Wong Ka Ming,AIA Insurance,Vietnam
CLM-03598,POL-01857,Do Van Long,OUTPATIENT,I10,2021,1573,APPROVED,2024-03-18,2024-03-21,Pranee Srisuwan,AIA Insurance,Vietnam
CLM-03599,POL-01248,Ng Kwok Wah,OUTPATIENT,J45.909,1741,0,REJECTED,2024-12-18,2024-12-21,Tran Van Minh,AIA Insurance,Hong Kong
CLM-03600,POL-00183,Lee Tsz Ching,OUTPATIENT,M54.5,4268,0,REJECTED,2024-04-20,2024-04-30,Nguyen Thi Lan,AIA Insurance,Hong Kong
CLM-03601,POL-00488,Leung Mei Ling,OUTPATIENT,J06.9,2773,0,IN_REVIEW,2024-11-17,2024-11-26,Somchai Wattana,AIA Insurance,Hong Kong
CLM-03602,POL-01232,Lau Mei Ling,DENTAL,K04.7,9875,0,PENDING,2024-06-11,,Wong Ka Ming,Prudential Life,Hong Kong
CLM-03603,POL-00974,Tran Thi Mai,OUTPATIENT,H10.9,2812,2409,APPROVED,2024-08-16,2024-08-29,Somchai Wattana,AIA Insurance,Vietnam
CLM-03604,POL-00468,Leung Sau Lan,OUTPATIENT,L30.9,6797,4951,APPROVED,2024-04-22,2024-04-25,Somchai Wattana,FWD Group,Hong Kong
CLM-03605,POL-01851,Anong Wattana,DENTAL,K04.7,40717,32482,APPROVED,2024-03-27,2024-04-05,Wong Ka Ming,FWD Group,Thailand
CLM-03606,POL-02199,Chaiwat Srisuwan,DENTAL,K02.9,4855,0,PENDING,2024-03-03,,Nguyen Thi Lan,AIA Insurance,Thailand
CLM-03607,POL-02181,Niran Saetang,DENTAL,K02.9,2867,2377,APPROVED,2024-10-13,2024-10-20,Pranee Srisuwan,AIA Insurance,Thailand
CLM-03608,POL-00908,Leung Ho Yin,OUTPATIENT,H10.9,7508,6170,APPROVED,2024-11-06,2024-11-13,Wong Ka Ming,AIA Insurance,Hong Kong
CLM-03609,POL-02326,Anong Srisuwan,OUTPATIENT,J06.9,3591,0,PENDING,2024-09-09,,Pranee Srisuwan,AIA Insurance,Thailand
CLM-03610,POL-00098,Lau Chi Keung,OUTPATIENT,I10,3308,0,PENDING,2024-05-13,,Nguyen Thi Lan,AIA Insurance,Hong Kong
CLM-03611,POL-02381,Siriporn Rattanaporn,MATERNITY,O82,58450,0,IN_REVIEW,2024-01-10,2024-01-18,Somchai Wattana,Prudential Life,Thailand
CLM-03612,POL-00787,Le Minh Tuan,OUTPATIENT,J06.9,2842,0,REJECTED,2024-06-20,2024-06-24,Wong Ka Ming,Prudential Life,Vietnam
CLM-03613,POL-00960,Somchai Chaiyasit,OUTPATIENT,I10,4734,4537,APPROVED,2024-11-10,2024-11-16,Wong Ka Ming,Prudential Life,Thailand
CLM-03614,POL-00625,Lee Tsz Ching,INPATIENT,J18.9,105014,91979,APPROVED,2024-11-12,2024-11-18,Nguyen Thi Lan,Prudential Life,Hong Kong
CLM-03615,POL-00908,Leung Ho Yin,DENTAL,K04.7,21448,0,IN_REVIEW,2024-05-11,2024-05-19,Pranee Srisuwan,AIA Insurance,Hong Kong
CLM-03616,POL-00777,Le Minh Tuan,OUTPATIENT,J06.9,9150,7781,APPROVED,2024-06-29,2024-07-02,Pranee Srisuwan,Prudential Life,Vietnam
CLM-03617,POL-00288,Chan Ho Yin,OUTPATIENT,J06.9,9516,8669,APPROVED,2024-04-15,2024-04-20,Nguyen Thi Lan,AIA Insurance,Hong Kong
CLM-03618,POL-01063,Somchai Wattana,INPATIENT,J45.909,108709,106274,APPROVED,2024-07-05,2024-07-07,Tran Van Minh,AIA Insurance,Thailand
CLM-03619,POL-00328,Leung Tsz Ching,OUTPATIENT,E11.9,1167,0,REJECTED,2024-03-14,2024-03-21,Somchai Wattana,FWD Group,Hong Kong
CLM-03620,POL-02169,Nguyen Van An,OUTPATIENT,I10,2364,0,PENDING,2024-05-08,,Wong Ka Ming,AIA Insurance,Vietnam
CLM-03621,POL-00698,Kittisak Boonmee,MATERNITY,O80,48115,34488,APPROVED,2024-09-01,2024-09-17,Nguyen Thi Lan,FWD Group,Thailand
CLM-03622,POL-01117,Hoang Duc Thang,DENTAL,K05.10,3451,2531,APPROVED,2024-10-19,2024-11-01,Pranee Srisuwan,AIA Insurance,Vietnam
CLM-03623,POL-01476,Hoang Duc Thang,OUTPATIENT,L30.9,10054,0,REJECTED,2024-08-19,2024-08-23,Nguyen Thi Lan,AIA Insurance,Vietnam
CLM-03624,POL-02285,Lau Chi Keung,OUTPATIENT,J06.9,14970,0,REJECTED,2024-11-27,2024-11-29,Somchai Wattana,FWD Group,Hong Kong
CLM-03625,POL-02194,Tran Thi Mai,DENTAL,K05.10,1872,0,REJECTED,2024-06-02,2024-06-09,Nguyen Thi Lan,AIA Insurance,Vietnam
CLM-03626,POL-02252,Pranee Saetang,INPATIENT,J45.909,286200,261934,APPROVED,2024-01-03,2024-01-14,Pranee Srisuwan,Prudential Life,Thailand
CLM-03627,POL-01334,Ngo Thi Thu,OUTPATIENT,E11.9,4801,4085,APPROVED,2024-12-11,2024-12-23,Tran Van Minh,AIA Insurance,Vietnam
CLM-03628,POL-00553,Wong Siu Fung,DENTAL,K05.10,9884,0,REJECTED,2024-12-07,2024-12-11,Nguyen Thi Lan,AIA Insurance,Hong Kong
CLM-03629,POL-02390,Tran Thi Mai,INPATIENT,A90,62335,46758,APPROVED,2024-11-09,2024-11-13,Somchai Wattana,FWD Group,Vietnam
CLM-03630,POL-00383,Chaiwat Rattanaporn,OUTPATIENT,A09,3447,2762,APPROVED,2024-07-24,2024-08-03,Nguyen Thi Lan,FWD Group,Thailand
CLM-03631,POL-02354,Tran Thi Mai,DENTAL,K08.9,6855,6025,APPROVED,2024-10-27,2024-11-08,Wong Ka Ming,Prudential Life,Vietnam
CLM-03632,POL-02239,Somchai Thongdee,DENTAL,K02.9,4418,3887,APPROVED,2024-03-04,2024-03-10,Wong Ka Ming,AIA Insurance,Thailand
CLM-03633,POL-00026,Ho Yuen Man,DENTAL,K04.7,36170,0,PENDING,2024-05-21,,Somchai Wattana,AIA Insurance,Hong Kong
CLM-03634,POL-01847,Niran Boonmee,OUTPATIENT,J06.9,2722,0,PENDING,2024-01-28,,Pranee Srisuwan,Prudential Life,Thailand
CLM-03635,POL-01421,Malee Srisuwan,INPATIENT,J45.909,82345,79868,APPROVED,2024-11-12,2024-11-20,Pranee Srisuwan,Prudential Life,Thailand
CLM-03636,POL-00976,Vu Ngoc Anh,OUTPATIENT,J45.909,9837,9361,APPROVED,2024-05-14,2024-05-19,Somchai Wattana,FWD Group,Vietnam
CLM-03637,POL-00894,Prasert Phongpanich,MATERNITY,O82,23689,22929,APPROVED,2024-05-20,2024-05-28,Somchai Wattana,AIA Insurance,Thailand
CLM-03638,POL-02286,Ng Chi Keung,OUTPATIENT,I10,4920,4707,APPROVED,2024-12-05,2024-12-08,Somchai Wattana,FWD Group,Hong Kong
CLM-03639,POL-01565,Kittisak Chaiyasit,DENTAL,K05.10,6090,5126,APPROVED,2024-02-14,2024-02-16,Somchai Wattana,Prudential Life,Thailand
CLM-03640,POL-00366,Hoang Duc Thang,INPATIENT,K35.80,232171,186592,APPROVED,2024-10-11,2024-10-19,Nguyen Thi Lan,FWD Group,Vietnam
CLM-03641,POL-00206,Do Van Long,OUTPATIENT,K21.0,4749,4688,APPROVED,2024-01-01,2024-01-05,Somchai Wattana,AIA Insurance,Vietnam
CLM-03642,POL-01804,Tran Thi Mai,DENTAL,K02.9,2851,2077,APPROVED,2024-12-25,2024-12-29,Somchai Wattana,Prudential Life,Vietnam
CLM-03643,POL-01060,Pham Thu Huong,OUTPATIENT,M54.5,5150,4388,APPROVED,2024-10-15,2024-10-18,Wong Ka Ming,Prudential Life,Vietnam
CLM-03644,POL-01583,Hoang Duc Thang,OUTPATIENT,M54.5,3023,0,PENDING,2024-06-19,,Pranee Srisuwan,AIA Insurance,Vietnam
CLM-03645,POL-02123,Prasert Chaiyasit,OUTPATIENT,J06.9,1597,1348,APPROVED,2024-07-13,2024-07-17,Wong Ka Ming,AIA Insurance,Thailand
CLM-03646,POL-02136,Le Minh Tuan,OUTPATIENT,E11.9,1366,1150,APPROVED,2024-03-04,2024-03-18,Nguyen Thi Lan,Prudential Life,Vietnam
CLM-03647,POL-01061,Hoang Duc Thang,OUTPATIENT,A90,5216,3799,APPROVED,2024-01-29,2024-02-04,Wong Ka Ming,FWD Group,Vietnam
CLM-03648,POL-01424,Dang Quoc Bao,INPATIENT,A09,15732,0,REJECTED,2024-10-10,2024-10-16,Nguyen Thi Lan,Prudential Life,Vietnam
CLM-03649,POL-00415,Vu Ngoc Anh,OUTPATIENT,K21.0,1819,0,PENDING,2024-12-22,,Wong Ka Ming,Prudential Life,Vietnam
CLM-03650,POL-01196,Ng Mei Ling,DENTAL,K02.9,2674,0,REJECTED,2024-05-27,2024-06-07,Nguyen Thi Lan,Prudential Life,Hong Kong
CLM-03651,POL-00515,Siriporn Wattana,DENTAL,K04.7,1469,1260,APPROVED,2024-02-21,2024-03-02,Nguyen Thi Lan,Prudential Life,Thailand
CLM-03652,POL-01443,Dang Quoc Bao,DENTAL,K04.7,3808,3698,APPROVED,2024-08-07,2024-08-12,Nguyen Thi Lan,Prudential Life,Vietnam
CLM-03653,POL-00671,Leung Kwok Wah,OUTPATIENT,L30.9,1594,0,REJECTED,2024-09-11,2024-09-13,Nguyen Thi Lan,Prudential Life,Hong Kong
CLM-03654,POL-00291,Anong Thongdee,OUTPATIENT,M54.5,6477,0,REJECTED,2024-12-29,2025-01-11,Somchai Wattana,AIA Insurance,Thailand
CLM-03655,POL-00046,Chaiwat Chaiyasit,INPATIENT,E11.9,10634,0,PENDING,2024-02-26,,Somchai Wattana,AIA Insurance,Thailand
CLM-03656,POL-01483,Malee Srisuwan,OUTPATIENT,J06.9,1804,1630,APPROVED,2024-10-11,2024-10-15,Wong Ka Ming,Prudential Life,Thailand
CLM-03657,POL-02123,Prasert Chaiyasit,OUTPATIENT,M54.5,2130,0,PENDING,2024-08-26,,Nguyen Thi Lan,AIA Insurance,Thailand
CLM-03658,POL-01649,Ho Tsz Ching,DENTAL,K04.7,15445,11603,APPROVED,2024-12-12,2024-12-18,Somchai Wattana,Prudential Life,Hong Kong
CLM-03659,POL-01843,Kittisak Boonmee,OUTPATIENT,M54.5,826,811,APPROVED,2024-01-25,2024-02-03,Somchai Wattana,Prudential Life,Thailand
CLM-03660,POL-02209,Lau Sau Lan,OUTPATIENT,M54.5,1150,0,REJECTED,2024-09-28,2024-10-02,Somchai Wattana,AIA Insurance,Hong Kong
CLM-03661,POL-01565,Kittisak Chaiyasit,MATERNITY,O80,69890,51689,APPROVED,2024-01-03,2024-01-06,Tran Van Minh,Prudential Life,Thailand
CLM-03662,POL-00504,Tran Thi Mai,OUTPATIENT,L30.9,7457,6060,APPROVED,2024-12-02,2024-12-09,Pranee Srisuwan,Prudential Life,Vietnam
CLM-03663,POL-01588,Kittisak Rattanaporn,DENTAL,K08.9,3467,2743,APPROVED,2024-03-30,2024-04-03,Somchai Wattana,Prudential Life,Thailand
CLM-03664,POL-01236,Somchai Wattana,OUTPATIENT,E11.9,9924,0,IN_REVIEW,2024-09-09,2024-09-14,Nguyen Thi Lan,Prudential Life,Thailand
CLM-03665,POL-00045,Siriporn Phongpanich,OUTPATIENT,E11.9,982,0,REJECTED,2024-05-17,2024-05-23,Pranee Srisuwan,FWD Group,Thailand
CLM-03666,POL-01214,Lau Siu Fung,OUTPATIENT,A09,4554,0,PENDING,2024-10-08,,Pranee Srisuwan,AIA Insurance,Hong Kong
CLM-03667,POL-01974,Pham Thu Huong,DENTAL,K04.7,2827,0,REJECTED,2024-09-27,2024-10-01,Pranee Srisuwan,AIA Insurance,Vietnam
CLM-03668,POL-02102,Bui Thanh Ha,OUTPATIENT,K21.0,2552,2318,APPROVED,2024-06-12,2024-06-19,Pranee Srisuwan,AIA Insurance,Vietnam
CLM-03669,POL-01081,Siriporn Rattanaporn,OUTPATIENT,J06.9,2802,0,REJECTED,2024-07-28,2024-08-02,Nguyen Thi Lan,AIA Insurance,Thailand
CLM-03670,POL-00458,Dang Quoc Bao,MATERNITY,O82,81366,69346,APPROVED,2024-08-03,2024-08-06,Nguyen Thi Lan,AIA Insurance,Vietnam
CLM-03671,POL-00952,Dang Quoc Bao,OUTPATIENT,E11.9,9811,8193,APPROVED,2024-10-23,2024-10-26,Wong Ka Ming,Prudential Life,Vietnam
CLM-03672,POL-00754,Siriporn Srisuwan,OUTPATIENT,I10,631,0,REJECTED,2024-08-11,2024-08-16,Tran Van Minh,AIA Insurance,Thailand
CLM-03673,POL-00182,Somchai Rattanaporn,OUTPATIENT,J06.9,5628,4384,APPROVED,2024-05-04,2024-05-07,Tran Van Minh,AIA Insurance,Thailand
CLM-03674,POL-01461,Pham Thu Huong,INPATIENT,A90,53400,0,PENDING,2024-11-13,,Nguyen Thi Lan,Prudential Life,Vietnam
CLM-03675,POL-02064,Pranee Chaiyasit,OUTPATIENT,M54.5,5493,4343,APPROVED,2024-09-06,2024-09-11,Wong Ka Ming,Prudential Life,Thailand
CLM-03676,POL-00669,Leung Ho Yin,INPATIENT,A09,266765,210990,APPROVED,2024-06-14,2024-06-20,Somchai Wattana,Prudential Life,Hong Kong
CLM-03677,POL-01368,Chan Ho Yin,OUTPATIENT,J06.9,4122,0,PENDING,2024-11-16,,Pranee Srisuwan,FWD Group,Hong Kong
CLM-03678,POL-00463,Pranee Boonmee,OUTPATIENT,E11.9,2724,2061,APPROVED,2024-10-31,2024-11-03,Wong Ka Ming,Prudential Life,Thailand
CLM-03679,POL-00698,Kittisak Boonmee,OUTPATIENT,M54.5,1007,922,APPROVED,2024-11-11,2024-11-20,Nguyen Thi Lan,FWD Group,Thailand
CLM-03680,POL-02218,Malee Rattanaporn,OUTPATIENT,H10.9,1286,1043,APPROVED,2024-09-11,2024-09-17,Wong Ka Ming,Prudential Life,Thailand
CLM-03681,POL-00589,Malee Chaiyasit,OUTPATIENT,E11.9,1071,804,APPROVED,2024-02-29,2024-03-05,Somchai Wattana,Prudential Life,Thailand
CLM-03682,POL-01120,Vu Ngoc Anh,DENTAL,K02.9,9983,7976,APPROVED,2024-01-13,2024-01-15,Somchai Wattana,Prudential Life,Vietnam
CLM-03683,POL-01407,Pham Thu Huong,OUTPATIENT,E11.9,500,0,IN_REVIEW,2024-11-11,2024-11-21,Tran Van Minh,AIA Insurance,Vietnam
CLM-03684,POL-01380,Pham Thu Huong,OUTPATIENT,I10,2191,1898,APPROVED,2024-07-23,2024-08-01,Pranee Srisuwan,AIA Insurance,Vietnam
CLM-03685,POL-02153,Pranee Chaiyasit,OUTPATIENT,J06.9,3334,2637,APPROVED,2024-08-09,2024-08-18,Somchai Wattana,AIA Insurance,Thailand
CLM-03686,POL-00962,Kanya Srisuwan,OUTPATIENT,A09,942,752,APPROVED,2024-08-06,2024-08-10,Nguyen Thi Lan,FWD Group,Thailand
CLM-03687,POL-02337,Do Van Long,OUTPATIENT,J06.9,3230,3138,APPROVED,2024-04-01,2024-04-10,Tran Van Minh,AIA Insurance,Vietnam
CLM-03688,POL-00027,Dang Quoc Bao,OUTPATIENT,J06.9,2224,1871,APPROVED,2024-05-02,2024-05-06,Tran Van Minh,AIA Insurance,Vietnam
CLM-03689,POL-01163,Chaiwat Thongdee,OUTPATIENT,H10.9,3019,0,REJECTED,2024-02-10,2024-02-14,Pranee Srisuwan,AIA Insurance,Thailand
CLM-03690,POL-00522,Prasert Phongpanich,DENTAL,K04.7,4206,0,PENDING,2024-02-02,,Somchai Wattana,Prudential Life,Thailand
CLM-03691,POL-01152,Somchai Phongpanich,OUTPATIENT,N39.0,1055,0,PENDING,2024-09-18,,Wong Ka Ming,FWD Group,Thailand
CLM-03692,POL-00710,Tran Thi Mai,OUTPATIENT,E11.9,792,0,PENDING,2024-06-13,,Nguyen Thi Lan,FWD Group,Vietnam
CLM-03693,POL-00576,Hoang Duc Thang,DENTAL,K08.9,3430,3034,APPROVED,2024-12-01,2024-12-16,Pranee Srisuwan,Prudential Life,Vietnam
CLM-03694,POL-01635,Anong Saetang,OUTPATIENT,A90,4515,0,PENDING,2024-09-01,,Somchai Wattana,AIA Insurance,Thailand
CLM-03695,POL-02338,Tran Thi Mai,OUTPATIENT,J06.9,4195,0,PENDING,2024-02-26,,Wong Ka Ming,FWD Group,Vietnam
CLM-03696,POL-01202,Ng Chi Keung,MATERNITY,O80,69831,0,REJECTED,2024-08-22,2024-09-01,Wong Ka Ming,Prudential Life,Hong Kong
CLM-03697,POL-01908,Vu Ngoc Anh,OUTPATIENT,E11.9,3954,2844,APPROVED,2024-10-25,2024-11-08,Nguyen Thi Lan,Prudential Life,Vietnam
CLM-03698,POL-01555,Pranee Rattanaporn,OUTPATIENT,J06.9,4872,4573,APPROVED,2024-01-07,2024-01-10,Wong Ka Ming,FWD Group,Thailand
CLM-03699,POL-01045,Tran Thi Mai,OUTPATIENT,A09,898,687,APPROVED,2024-05-01,2024-05-04,Wong Ka Ming,Prudential Life,Vietnam
CLM-03700,POL-00127,Lee Tsz Ching,OUTPATIENT,A09,5524,0,REJECTED,2024-11-29,2024-12-14,Wong Ka Ming,AIA Insurance,Hong Kong
CLM-03701,POL-01835,Chaiwat Boonmee,INPATIENT,K35.80,51432,50618,APPROVED,2024-08-24,2024-09-06,Somchai Wattana,AIA Insurance,Thailand
CLM-03702,POL-01199,Pranee Rattanaporn,OUTPATIENT,A90,2484,0,PENDING,2024-12-20,,Somchai Wattana,Prudential Life,Thailand
CLM-03703,POL-00696,Kanya Wattana,OUTPATIENT,J45.909,1014,960,APPROVED,2024-11-12,2024-11-18,Wong Ka Ming,Prudential Life,Thailand
CLM-03704,POL-01291,Pham Thu Huong,OUTPATIENT,K21.0,3276,2556,APPROVED,2024-04-15,2024-05-01,Somchai Wattana,AIA Insurance,Vietnam
CLM-03705,POL-02357,Ng Sau Lan,OUTPATIENT,M54.5,9730,0,REJECTED,2024-08-05,2024-08-10,Somchai Wattana,Prudential Life,Hong Kong
CLM-03706,POL-00659,Cheung Kwok Wah,OUTPATIENT,K21.0,4159,0,REJECTED,2024-08-24,2024-08-25,Tran Van Minh,AIA Insurance,Hong Kong
CLM-03707,POL-01510,Ngo Thi Thu,OUTPATIENT,N39.0,4644,4637,APPROVED,2024-12-22,2024-12-29,Pranee Srisuwan,FWD Group,Vietnam
CLM-03708,POL-02009,Somchai Chaiyasit,OUTPATIENT,J06.9,4094,0,REJECTED,2024-03-06,2024-03-11,Tran Van Minh,Prudential Life,Thailand
CLM-03709,POL-00330,Malee Chaiyasit,OUTPATIENT,I10,876,819,APPROVED,2024-11-03,2024-11-06,Somchai Wattana,AIA Insurance,Thailand
CLM-03710,POL-00102,Tran Thi Mai,DENTAL,K02.9,17932,14649,APPROVED,2024-03-04,2024-03-22,Somchai Wattana,FWD Group,Vietnam
CLM-03711,POL-01864,Le Minh Tuan,DENTAL,K04.7,7766,5731,APPROVED,2024-03-19,2024-03-25,Wong Ka Ming,Prudential Life,Vietnam
CLM-03712,POL-01041,Prasert Wattana,OUTPATIENT,K21.0,858,848,APPROVED,2024-09-10,2024-09-25,Tran Van Minh,FWD Group,Thailand
CLM-03713,POL-02072,Anong Phongpanich,DENTAL,K04.7,3479,0,REJECTED,2024-04-26,2024-05-04,Pranee Srisuwan,FWD Group,Thailand
CLM-03714,POL-00416,Dang Quoc Bao,OUTPATIENT,A09,1413,1049,APPROVED,2024-03-12,2024-03-16,Nguyen Thi Lan,AIA Insurance,Vietnam
CLM-03715,POL-00411,Do Van Long,OUTPATIENT,A90,2589,0,PENDING,2024-12-06,,Nguyen Thi Lan,AIA Insurance,Vietnam
CLM-03716,POL-00078,Dang Quoc Bao,OUTPATIENT,J06.9,9545,8213,APPROVED,2024-01-16,2024-01-25,Pranee Srisuwan,AIA Insurance,Vietnam
CLM-03717,POL-02086,Pranee Thongdee,INPATIENT,A09,50897,0,REJECTED,2024-02-23,2024-02-27,Nguyen Thi Lan,Prudential Life,Thailand
CLM-03718,POL-00101,Kittisak Rattanaporn,MATERNITY,O80,96202,70490,APPROVED,2024-06-11,2024-06-15,Nguyen Thi Lan,AIA Insurance,Thailand
CLM-03719,POL-00079,Ngo Thi Thu,DENTAL,K04.7,8609,8100,APPROVED,2024-12-09,2024-12-14,Nguyen Thi Lan,Prudential Life,Vietnam
CLM-03720,POL-01257,Somchai Srisuwan,DENTAL,K04.7,4040,0,PENDING,2024-11-21,,Pranee Srisuwan,Prudential Life,Thailand
CLM-03721,POL-02139,Kanya Saetang,INPATIENT,J45.909,979350,783960,APPROVED,2024-10-09,2024-10-13,Pranee Srisuwan,Prudential Life,Thailand
CLM-03722,POL-02290,Chaiwat Boonmee,OUTPATIENT,I10,1916,1462,APPROVED,2024-08-02,2024-08-05,Nguyen Thi Lan,Prudential Life,Thailand
CLM-03723,POL-02233,Cheung Tsz Ching,INPATIENT,J18.9,428862,0,IN_REVIEW,2024-12-14,2024-12-20,Nguyen Thi Lan,FWD Group,Hong Kong
CLM-03724,POL-02375,Ho Sau Lan,OUTPATIENT,J06.9,4535,0,PENDING,2024-01-04,,Wong Ka Ming,AIA Insurance,Hong Kong
CLM-03725,POL-00067,Tran Thi Mai,DENTAL,K04.7,1614,1537,APPROVED,2024-05-15,2024-05-22,Wong Ka Ming,FWD Group,Vietnam
CLM-03726,POL-00540,Ngo Thi Thu,OUTPATIENT,I10,5688,4558,APPROVED,2024-07-18,2024-07-23,Somchai Wattana,AIA Insurance,Vietnam
CLM-03727,POL-01702,Kanya Phongpanich,OUTPATIENT,L30.9,4325,0,IN_REVIEW,2024-01-29,2024-02-14,Somchai Wattana,AIA Insurance,Thailand
CLM-03728,POL-01222,Hoang Duc Thang,OUTPATIENT,E11.9,1852,0,REJECTED,2024-10-15,2024-10-20,Nguyen Thi Lan,AIA Insurance,Vietnam
CLM-03729,POL-00954,Somchai Srisuwan,DENTAL,K04.7,2619,2603,APPROVED,2024-09-12,2024-09-16,Nguyen Thi Lan,FWD Group,Thailand
CLM-03730,POL-00570,Siriporn Chaiyasit,OUTPATIENT,A90,568,0,REJECTED,2024-09-15,2024-09-26,Nguyen Thi Lan,AIA Insurance,Thailand
CLM-03731,POL-00900,Le Minh Tuan,OUTPATIENT,I10,13665,9581,APPROVED,2024-05-03,2024-05-08,Tran Van Minh,Prudential Life,Vietnam
CLM-03732,POL-00078,Dang Quoc Bao,OUTPATIENT,J06.9,3170,2291,APPROVED,2024-09-22,2024-09-25,Wong Ka Ming,AIA Insurance,Vietnam
CLM-03733,POL-00066,Bui Thanh Ha,OUTPATIENT,K21.0,2173,2104,APPROVED,2024-10-30,2024-11-02,Pranee Srisuwan,FWD Group,Vietnam
CLM-03734,POL-00382,Siriporn Wattana,DENTAL,K02.9,2070,1600,APPROVED,2024-12-05,2024-12-08,Wong Ka Ming,AIA Insurance,Thailand
CLM-03735,POL-01435,Pranee Srisuwan,DENTAL,K04.7,626,479,APPROVED,2024-01-19,2024-01-21,Somchai Wattana,Prudential Life,Thailand
CLM-03736,POL-02384,Vu Ngoc Anh,MATERNITY,O80,101927,0,REJECTED,2024-06-05,2024-06-10,Nguyen Thi Lan,AIA Insurance,Vietnam
CLM-03737,POL-00766,Chaiwat Chaiyasit,DENTAL,K08.9,16803,0,PENDING,2024-04-03,,Somchai Wattana,AIA Insurance,Thailand
CLM-03738,POL-02081,Do Van Long,INPATIENT,J18.9,289091,248217,APPROVED,2024-09-03,2024-09-11,Pranee Srisuwan,AIA Insurance,Vietnam
CLM-03739,POL-01375,Vu Ngoc Anh,OUTPATIENT,E11.9,2833,0,PENDING,2024-03-22,,Somchai Wattana,FWD Group,Vietnam
CLM-03740,POL-01634,Do Van Long,OUTPATIENT,N39.0,3941,3288,APPROVED,2024-08-12,2024-08-19,Somchai Wattana,AIA Insurance,Vietnam
CLM-03741,POL-00113,Chaiwat Srisuwan,INPATIENT,E11.9,61231,56068,APPROVED,2024-03-12,2024-03-17,Pranee Srisuwan,AIA Insurance,Thailand
CLM-03742,POL-01093,Pranee Srisuwan,OUTPATIENT,I10,2952,0,REJECTED,2024-08-01,2024-08-05,Pranee Srisuwan,AIA Insurance,Thailand
CLM-03743,POL-02273,Le Minh Tuan,OUTPATIENT,M54.5,3373,0,REJECTED,2024-10-08,2024-10-17,Somchai Wattana,Prudential Life,Vietnam
CLM-03744,POL-01576,Le Minh Tuan,DENTAL,K08.9,2717,2026,APPROVED,2024-07-18,2024-07-25,Nguyen Thi Lan,FWD Group,Vietnam
CLM-03745,POL-02390,Tran Thi Mai,OUTPATIENT,E11.9,5920,5846,APPROVED,2024-02-27,2024-02-29,Nguyen Thi Lan,FWD Group,Vietnam
CLM-03746,POL-00638,Do Van Long,OUTPATIENT,E11.9,6705,5838,APPROVED,2024-10-22,2024-10-31,Somchai Wattana,Prudential Life,Vietnam
CLM-03747,POL-01113,Hoang Duc Thang,OUTPATIENT,J06.9,2305,1926,APPROVED,2024-01-09,2024-01-12,Nguyen Thi Lan,Prudential Life,Vietnam
CLM-03748,POL-00422,Somchai Wattana,OUTPATIENT,J06.9,9604,7153,APPROVED,2024-09-23,2024-09-28,Somchai Wattana,AIA Insurance,Thailand
CLM-03749,POL-00548,Kanya Chaiyasit,OUTPATIENT,J06.9,3318,0,PENDING,2024-04-08,,Somchai Wattana,Prudential Life,Thailand
CLM-03750,POL-01689,Tran Thi Mai,MATERNITY,O82,178529,132494,APPROVED,2024-11-17,2024-11-21,Pranee Srisuwan,Prudential Life,Vietnam
CLM-03751,POL-02301,Dang Quoc Bao,OUTPATIENT,A09,2311,1629,APPROVED,2024-12-30,2025-01-18,Nguyen Thi Lan,AIA Insurance,Vietnam
CLM-03752,POL-02028,Le Minh Tuan,OUTPATIENT,E11.9,1893,0,REJECTED,2024-10-23,2024-11-08,Tran Van Minh,FWD Group,Vietnam
CLM-03753,POL-00901,Pranee Phongpanich,INPATIENT,J18.9,250216,0,IN_REVIEW,2024-04-22,2024-05-12,Somchai Wattana,FWD Group,Thailand
CLM-03754,POL-00578,Siriporn Boonmee,OUTPATIENT,J06.9,15574,0,IN_REVIEW,2024-04-16,2024-04-20,Wong Ka Ming,AIA Insurance,Thailand
CLM-03755,POL-02064,Pranee Chaiyasit,OUTPATIENT,I10,1719,1560,APPROVED,2024-10-14,2024-10-19,Nguyen Thi Lan,Prudential Life,Thailand
CLM-03756,POL-00609,Bui Thanh Ha,OUTPATIENT,A09,1125,0,PENDING,2024-11-06,,Somchai Wattana,Prudential Life,Vietnam
CLM-03757,POL-02375,Ho Sau Lan,OUTPATIENT,E11.9,2115,1801,APPROVED,2024-08-02,2024-08-06,Somchai Wattana,AIA Insurance,Hong Kong
CLM-03758,POL-00345,Malee Chaiyasit,OUTPATIENT,J06.9,2161,0,PENDING,2024-05-30,,Somchai Wattana,FWD Group,Thailand
CLM-03759,POL-01126,Niran Phongpanich,OUTPATIENT,J45.909,1310,0,IN_REVIEW,2024-02-13,2024-02-18,Pranee Srisuwan,Prudential Life,Thailand
CLM-03760,POL-00550,Pham Thu Huong,DENTAL,K05.10,26090,19972,APPROVED,2024-12-26,2024-12-29,Pranee Srisuwan,FWD Group,Vietnam
CLM-03761,POL-01728,Ngo Thi Thu,INPATIENT,J45.909,38622,0,PENDING,2024-03-23,,Somchai Wattana,FWD Group,Vietnam
CLM-03762,POL-01865,Cheung Tsz Ching,OUTPATIENT,A09,2195,1759,APPROVED,2024-02-09,2024-02-11,Somchai Wattana,Prudential Life,Hong Kong
CLM-03763,POL-01781,Prasert Phongpanich,OUTPATIENT,A90,8045,0,REJECTED,2024-10-27,2024-11-02,Tran Van Minh,AIA Insurance,Thailand
CLM-03764,POL-01279,Kanya Chaiyasit,OUTPATIENT,H10.9,1095,0,REJECTED,2024-05-08,2024-05-12,Pranee Srisuwan,Prudential Life,Thailand
CLM-03765,POL-00689,Anong Wattana,OUTPATIENT,J06.9,2996,2878,APPROVED,2024-06-29,2024-07-10,Somchai Wattana,AIA Insurance,Thailand
CLM-03766,POL-01694,Do Van Long,INPATIENT,A90,6564,0,REJECTED,2024-03-26,2024-03-31,Tran Van Minh,FWD Group,Vietnam
CLM-03767,POL-01576,Le Minh Tuan,OUTPATIENT,N39.0,1506,1199,APPROVED,2024-12-06,2024-12-11,Pranee Srisuwan,FWD Group,Vietnam
CLM-03768,POL-01597,Ng Siu Fung,DENTAL,K04.7,1819,0,REJECTED,2024-01-28,2024-02-15,Nguyen Thi Lan,AIA Insurance,Hong Kong
CLM-03769,POL-01674,Cheung Sau Lan,OUTPATIENT,E11.9,2580,0,PENDING,2024-06-03,,Somchai Wattana,Prudential Life,Hong Kong
CLM-03770,POL-01131,Lee Mei Ling,OUTPATIENT,I10,2170,2104,APPROVED,2024-07-31,2024-08-05,Somchai Wattana,Prudential Life,Hong Kong
CLM-03771,POL-02029,Pham Thu Huong,OUTPATIENT,E11.9,5079,4230,APPROVED,2024-08-08,2024-08-15,Nguyen Thi Lan,Prudential Life,Vietnam
CLM-03772,POL-00887,Pham Thu Huong,OUTPATIENT,K21.0,3769,2992,APPROVED,2024-12-25,2024-12-28,Tran Van Minh,Prudential Life,Vietnam
CLM-03773,POL-01023,Hoang Duc Thang,OUTPATIENT,M54.5,3019,2643,APPROVED,2024-06-27,2024-07-06,Nguyen Thi Lan,AIA Insurance,Vietnam
CLM-03774,POL-02265,Leung Yuen Man,OUTPATIENT,M54.5,2387,0,REJECTED,2024-12-01,2024-12-16,Pranee Srisuwan,FWD Group,Hong Kong
CLM-03775,POL-00496,Ho Ho Yin,MATERNITY,O80,25784,23656,APPROVED,2024-11-09,2024-11-12,Tran Van Minh,Prudential Life,Hong Kong
CLM-03776,POL-02307,Ho Siu Fung,DENTAL,K05.10,19442,17048,APPROVED,2024-12-05,2024-12-12,Somchai Wattana,Prudential Life,Hong Kong
CLM-03777,POL-00523,Lau Wai Yan,DENTAL,K04.7,10254,0,PENDING,2024-10-17,,Tran Van Minh,FWD Group,Hong Kong
CLM-03778,POL-01826,Hoang Duc Thang,INPATIENT,N39.0,691797,0,IN_REVIEW,2024-06-27,2024-07-09,Tran Van Minh,AIA Insurance,Vietnam
CLM-03779,POL-00815,Kanya Thongdee,DENTAL,K02.9,2367,0,PENDING,2024-01-04,,Somchai Wattana,AIA Insurance,Thailand
CLM-03780,POL-00365,Vu Ngoc Anh,DENTAL,K04.7,6906,5854,APPROVED,2024-08-14,2024-08-31,Pranee Srisuwan,Prudential Life,Vietnam
CLM-03781,POL-01391,Vu Ngoc Anh,OUTPATIENT,K21.0,7907,0,IN_REVIEW,2024-07-31,2024-08-08,Somchai Wattana,FWD Group,Vietnam
CLM-03782,POL-01603,Prasert Rattanaporn,OUTPATIENT,H10.9,2464,0,IN_REVIEW,2024-12-09,2024-12-11,Wong Ka Ming,Prudential Life,Thailand
CLM-03783,POL-01312,Kittisak Boonmee,DENTAL,K05.10,5669,5320,APPROVED,2024-01-24,2024-02-07,Nguyen Thi Lan,AIA Insurance,Thailand
CLM-03784,POL-01925,Bui Thanh Ha,DENTAL,K05.10,5933,5318,APPROVED,2024-12-12,2025-01-06,Pranee Srisuwan,Prudential Life,Vietnam
CLM-03785,POL-01416,Tran Thi Mai,OUTPATIENT,J06.9,14608,12324,APPROVED,2024-03-08,2024-03-11,Nguyen Thi Lan,AIA Insurance,Vietnam
CLM-03786,POL-00231,Dang Quoc Bao,OUTPATIENT,M54.5,4612,0,PENDING,2024-12-09,,Pranee Srisuwan,AIA Insurance,Vietnam
CLM-03787,POL-01191,Pranee Saetang,OUTPATIENT,J06.9,4377,3474,APPROVED,2024-07-22,2024-08-05,Pranee Srisuwan,Prudential Life,Thailand
CLM-03788,POL-00128,Do Van Long,OUTPATIENT,I10,650,646,APPROVED,2024-05-20,2024-05-22,Tran Van Minh,FWD Group,Vietnam
CLM-03789,POL-01680,Bui Thanh Ha,INPATIENT,N39.0,268138,199896,APPROVED,2024-01-24,2024-01-28,Pranee Srisuwan,AIA Insurance,Vietnam
CLM-03790,POL-01899,Tran Thi Mai,OUTPATIENT,L30.9,1180,1168,APPROVED,2024-01-26,2024-02-08,Wong Ka Ming,Prudential Life,Vietnam
CLM-03791,POL-00685,Do Van Long,OUTPATIENT,I10,500,0,IN_REVIEW,2024-12-07,2024-12-11,Somchai Wattana,Prudential Life,Vietnam
CLM-03792,POL-01291,Pham Thu Huong,OUTPATIENT,I10,1725,1352,APPROVED,2024-10-20,2024-11-03,Nguyen Thi Lan,AIA Insurance,Vietnam
CLM-03793,POL-00182,Somchai Rattanaporn,OUTPATIENT,L30.9,4151,0,PENDING,2024-07-04,,Somchai Wattana,AIA Insurance,Thailand
CLM-03794,POL-00473,Anong Boonmee,INPATIENT,J45.909,136262,0,REJECTED,2024-11-12,2024-11-16,Somchai Wattana,FWD Group,Thailand
CLM-03795,POL-01881,Anong Srisuwan,OUTPATIENT,A90,2448,0,PENDING,2024-07-31,,Tran Van Minh,Prudential Life,Thailand
CLM-03796,POL-02034,Hoang Duc Thang,DENTAL,K05.10,1080,0,IN_REVIEW,2024-01-15,2024-01-20,Wong Ka Ming,AIA Insurance,Vietnam
CLM-03797,POL-02035,Ng Yuen Man,DENTAL,K02.9,3141,0,REJECTED,2024-02-18,2024-02-29,Tran Van Minh,Prudential Life,Hong Kong
CLM-03798,POL-00296,Hoang Duc Thang,INPATIENT,J18.9,16230,0,PENDING,2024-04-15,,Somchai Wattana,AIA Insurance,Vietnam
CLM-03799,POL-01006,Anong Thongdee,DENTAL,K02.9,8636,0,IN_REVIEW,2024-10-24,2024-11-02,Wong Ka Ming,AIA Insurance,Thailand
CLM-03800,POL-00698,Kittisak Boonmee,OUTPATIENT,I10,1628,0,PENDING,2024-12-05,,Tran Van Minh,FWD Group,Thailand
CLM-03801,POL-00027,Dang Quoc Bao,DENTAL,K02.9,5983,4812,APPROVED,2024-03-14,2024-03-19,Pranee Srisuwan,AIA Insurance,Vietnam
CLM-03802,POL-02262,Ng Kwok Wah,OUTPATIENT,A09,18087,17847,APPROVED,2024-10-26,2024-11-04,Nguyen Thi Lan,Prudential Life,Hong Kong
CLM-03803,POL-01084,Dang Quoc Bao,OUTPATIENT,J45.909,9706,0,IN_REVIEW,2024-04-18,2024-04-22,Nguyen Thi Lan,FWD Group,Vietnam
CLM-03804,POL-02075,Vu Ngoc Anh,OUTPATIENT,M54.5,6267,0,PENDING,2024-02-24,,Pranee Srisuwan,AIA Insurance,Vietnam
CLM-03805,POL-02144,Anong Saetang,DENTAL,K02.9,9414,0,PENDING,2024-06-29,,Pranee Srisuwan,Prudential Life,Thailand
CLM-03806,POL-01371,Hoang Duc Thang,OUTPATIENT,L30.9,1061,971,APPROVED,2024-01-29,2024-01-31,Wong Ka Ming,FWD Group,Vietnam
CLM-03807,POL-00328,Leung Tsz Ching,OUTPATIENT,I10,6799,5852,APPROVED,2024-05-31,2024-06-12,Nguyen Thi Lan,FWD Group,Hong Kong
CLM-03808,POL-00037,Bui Thanh Ha,OUTPATIENT,K21.0,500,396,APPROVED,2024-10-19,2024-10-25,Wong Ka Ming,AIA Insurance,Vietnam
CLM-03809,POL-00069,Wong Yuen Man,INPATIENT,J18.9,90580,82470,APPROVED,2024-09-02,2024-09-05,Pranee Srisuwan,AIA Insurance,Hong Kong
CLM-03810,POL-01896,Chaiwat Saetang,OUTPATIENT,L30.9,2871,2042,APPROVED,2024-12-10,2024-12-15,Wong Ka Ming,AIA Insurance,Thailand
CLM-03811,POL-00584,Kittisak Wattana,OUTPATIENT,I10,19722,14901,APPROVED,2024-11-27,2024-12-01,Somchai Wattana,FWD Group,Thailand
CLM-03812,POL-01183,Anong Srisuwan,OUTPATIENT,E11.9,19762,0,REJECTED,2024-04-01,2024-04-06,Somchai Wattana,AIA Insurance,Thailand
CLM-03813,POL-00644,Tran Thi Mai,OUTPATIENT,A90,9553,8840,APPROVED,2024-01-04,2024-01-08,Pranee Srisuwan,AIA Insurance,Vietnam
CLM-03814,POL-00900,Le Minh Tuan,OUTPATIENT,K21.0,2535,1987,APPROVED,2024-08-24,2024-08-31,Somchai Wattana,Prudential Life,Vietnam
CLM-03815,POL-00254,Lee Tsz Ching,OUTPATIENT,A09,2055,0,PENDING,2024-09-28,,Somchai Wattana,AIA Insurance,Hong Kong
CLM-03816,POL-00292,Prasert Phongpanich,MATERNITY,O80,35163,27004,APPROVED,2024-02-18,2024-02-20,Wong Ka Ming,Prudential Life,Thailand
CLM-03817,POL-01910,Chan Mei Ling,OUTPATIENT,A09,1165,0,IN_REVIEW,2024-07-13,2024-07-22,Nguyen Thi Lan,AIA Insurance,Hong Kong
CLM-03818,POL-01578,Malee Rattanaporn,OUTPATIENT,H10.9,3922,2958,APPROVED,2024-08-24,2024-08-28,Pranee Srisuwan,Prudential Life,Thailand
CLM-03819,POL-01626,Pranee Saetang,DENTAL,K02.9,23307,17620,APPROVED,2024-05-29,2024-06-05,Tran Van Minh,AIA Insurance,Thailand
CLM-03820,POL-01095,Leung Wai Yan,OUTPATIENT,J45.909,1480,1465,APPROVED,2024-12-29,2024-12-30,Somchai Wattana,AIA Insurance,Hong Kong
CLM-03821,POL-01347,Ngo Thi Thu,INPATIENT,K35.80,82278,0,PENDING,2024-09-06,,Pranee Srisuwan,AIA Insurance,Vietnam
CLM-03822,POL-01072,Ho Mei Ling,OUTPATIENT,N39.0,23006,20847,APPROVED,2024-05-25,2024-05-31,Somchai Wattana,Prudential Life,Hong Kong
CLM-03823,POL-02313,Nguyen Van An,MATERNITY,O80,133993,130363,APPROVED,2024-04-12,2024-04-23,Nguyen Thi Lan,Prudential Life,Vietnam
CLM-03824,POL-00054,Chan Tsz Ching,INPATIENT,E11.9,197004,170340,APPROVED,2024-01-07,2024-01-15,Nguyen Thi Lan,FWD Group,Hong Kong
CLM-03825,POL-00486,Vu Ngoc Anh,OUTPATIENT,J06.9,1460,1313,APPROVED,2024-12-02,2024-12-19,Wong Ka Ming,Prudential Life,Vietnam
CLM-03826,POL-00341,Somchai Boonmee,OUTPATIENT,E11.9,3362,2582,APPROVED,2024-11-07,2024-11-13,Tran Van Minh,Prudential Life,Thailand
CLM-03827,POL-00720,Pham Thu Huong,OUTPATIENT,I10,575,0,IN_REVIEW,2024-09-17,2024-09-26,Tran Van Minh,AIA Insurance,Vietnam
CLM-03828,POL-01046,Lee Kwok Wah,MATERNITY,O82,23729,18947,APPROVED,2024-11-12,2024-12-01,Tran Van Minh,AIA Insurance,Hong Kong
CLM-03829,POL-01256,Ng Mei Ling,DENTAL,K04.7,5499,5456,APPROVED,2024-09-18,2024-09-26,Somchai Wattana,Prudential Life,Hong Kong
CLM-03830,POL-01756,Hoang Duc Thang,OUTPATIENT,A09,1180,0,IN_REVIEW,2024-05-02,2024-05-14,Pranee Srisuwan,Prudential Life,Vietnam
CLM-03831,POL-02008,Malee Phongpanich,DENTAL,K02.9,900,690,APPROVED,2024-05-11,2024-05-14,Wong Ka Ming,Prudential Life,Thailand
CLM-03832,POL-00705,Pham Thu Huong,DENTAL,K02.9,10939,8239,APPROVED,2024-02-29,2024-03-12,Nguyen Thi Lan,FWD Group,Vietnam
CLM-03833,POL-00990,Tran Thi Mai,OUTPATIENT,N39.0,2612,2071,APPROVED,2024-06-21,2024-06-22,Pranee Srisuwan,AIA Insurance,Vietnam
CLM-03834,POL-00854,Chaiwat Phongpanich,OUTPATIENT,H10.9,7037,6997,APPROVED,2024-08-26,2024-09-04,Tran Van Minh,Prudential Life,Thailand
CLM-03835,POL-00565,Nguyen Van An,OUTPATIENT,J06.9,1229,1194,APPROVED,2024-02-24,2024-03-01,Tran Van Minh,AIA Insurance,Vietnam
CLM-03836,POL-02059,Somchai Chaiyasit,INPATIENT,K35.80,18280,15567,APPROVED,2024-02-28,2024-03-05,Nguyen Thi Lan,Prudential Life,Thailand
CLM-03837,POL-01509,Do Van Long,OUTPATIENT,A90,3638,0,PENDING,2024-06-11,,Somchai Wattana,Prudential Life,Vietnam
CLM-03838,POL-02305,Ho Yuen Man,OUTPATIENT,I10,2040,0,PENDING,2024-08-12,,Pranee Srisuwan,AIA Insurance,Hong Kong
CLM-03839,POL-01415,Ho Sau Lan,OUTPATIENT,M54.5,4869,3895,APPROVED,2024-05-06,2024-05-12,Somchai Wattana,AIA Insurance,Hong Kong
CLM-03840,POL-01945,Lau Siu Fung,DENTAL,K05.10,3897,2876,APPROVED,2024-04-19,2024-04-25,Wong Ka Ming,Prudential Life,Hong Kong
CLM-03841,POL-00414,Kanya Wattana,OUTPATIENT,K21.0,1013,0,PENDING,2024-05-17,,Nguyen Thi Lan,AIA Insurance,Thailand
CLM-03842,POL-00489,Le Minh Tuan,OUTPATIENT,H10.9,1851,0,PENDING,2024-11-02,,Somchai Wattana,Prudential Life,Vietnam
CLM-03843,POL-02372,Chaiwat Rattanaporn,DENTAL,K08.9,29110,28956,APPROVED,2024-05-10,2024-05-18,Somchai Wattana,FWD Group,Thailand
CLM-03844,POL-02099,Malee Saetang,OUTPATIENT,I10,3159,0,PENDING,2024-09-28,,Wong Ka Ming,AIA Insurance,Thailand
CLM-03845,POL-00413,Nguyen Van An,DENTAL,K02.9,1739,0,IN_REVIEW,2024-03-11,2024-03-15,Pranee Srisuwan,FWD Group,Vietnam
CLM-03846,POL-01380,Pham Thu Huong,DENTAL,K08.9,3919,3293,APPROVED,2024-03-24,2024-04-03,Somchai Wattana,AIA Insurance,Vietnam
CLM-03847,POL-01322,Niran Thongdee,DENTAL,K02.9,66396,0,PENDING,2024-12-01,,Pranee Srisuwan,FWD Group,Thailand
CLM-03848,POL-00636,Le Minh Tuan,MATERNITY,O82,19538,18693,APPROVED,2024-02-05,2024-02-13,Somchai Wattana,Prudential Life,Vietnam
CLM-03849,POL-01321,Leung Sau Lan,OUTPATIENT,J06.9,7415,0,PENDING,2024-11-03,,Wong Ka Ming,Prudential Life,Hong Kong
CLM-03850,POL-02026,Bui Thanh Ha,MATERNITY,O80,69967,62224,APPROVED,2024-02-29,2024-03-08,Somchai Wattana,Prudential Life,Vietnam
CLM-03851,POL-00088,Lee Sau Lan,INPATIENT,N39.0,146298,0,IN_REVIEW,2024-08-20,2024-08-22,Nguyen Thi Lan,AIA Insurance,Hong Kong
CLM-03852,POL-01271,Nguyen Van An,OUTPATIENT,I10,7778,0,REJECTED,2024-11-10,2024-11-14,Nguyen Thi Lan,Prudential Life,Vietnam
CLM-03853,POL-02207,Chaiwat Thongdee,INPATIENT,A09,59073,0,IN_REVIEW,2024-04-03,2024-04-15,Tran Van Minh,Prudential Life,Thailand
CLM-03854,POL-00471,Anong Chaiyasit,DENTAL,K05.10,13969,0,IN_REVIEW,2024-12-05,2024-12-07,Wong Ka Ming,Prudential Life,Thailand
CLM-03855,POL-01070,Somchai Saetang,OUTPATIENT,H10.9,1403,0,REJECTED,2024-01-06,2024-01-18,Wong Ka Ming,Prudential Life,Thailand
CLM-03856,POL-00064,Lau Tsz Ching,OUTPATIENT,L30.9,1031,733,APPROVED,2024-09-18,2024-09-24,Wong Ka Ming,FWD Group,Hong Kong
CLM-03857,POL-01162,Do Van Long,INPATIENT,E11.9,29728,0,PENDING,2024-05-09,,Pranee Srisuwan,AIA Insurance,Vietnam
CLM-03858,POL-02046,Chan Mei Ling,MATERNITY,O80,29488,26718,APPROVED,2024-05-18,2024-05-29,Wong Ka Ming,AIA Insurance,Hong Kong
CLM-03859,POL-00181,Lee Wai Yan,OUTPATIENT,K21.0,1483,1247,APPROVED,2024-12-20,2024-12-25,Somchai Wattana,Prudential Life,Hong Kong
CLM-03860,POL-00902,Chaiwat Boonmee,DENTAL,K08.9,16510,0,REJECTED,2024-04-25,2024-05-09,Pranee Srisuwan,AIA Insurance,Thailand
CLM-03861,POL-00084,Le Minh Tuan,OUTPATIENT,N39.0,15251,14369,APPROVED,2024-12-21,2024-12-29,Tran Van Minh,FWD Group,Vietnam
CLM-03862,POL-00274,Lau Kwok Wah,OUTPATIENT,J45.909,5138,4607,APPROVED,2024-09-19,2024-09-26,Somchai Wattana,Prudential Life,Hong Kong
CLM-03863,POL-00108,Malee Boonmee,OUTPATIENT,A90,1123,0,REJECTED,2024-07-23,2024-08-16,Nguyen Thi Lan,FWD Group,Thailand
CLM-03864,POL-01260,Nguyen Van An,INPATIENT,E11.9,483290,0,REJECTED,2024-11-28,2024-12-14,Tran Van Minh,AIA Insurance,Vietnam
CLM-03865,POL-02209,Lau Sau Lan,INPATIENT,A09,397189,352323,APPROVED,2024-07-29,2024-08-09,Nguyen Thi Lan,AIA Insurance,Hong Kong
CLM-03866,POL-02381,Siriporn Rattanaporn,OUTPATIENT,A90,9511,0,PENDING,2024-11-24,,Somchai Wattana,Prudential Life,Thailand
CLM-03867,POL-01550,Ngo Thi Thu,OUTPATIENT,J06.9,10586,0,PENDING,2024-11-06,,Somchai Wattana,AIA Insurance,Vietnam
CLM-03868,POL-00273,Anong Boonmee,OUTPATIENT,M54.5,2127,1662,APPROVED,2024-04-30,2024-05-06,Wong Ka Ming,Prudential Life,Thailand
CLM-03869,POL-02326,Anong Srisuwan,OUTPATIENT,E11.9,542,530,APPROVED,2024-05-15,2024-05-23,Somchai Wattana,AIA Insurance,Thailand
CLM-03870,POL-02021,Pham Thu Huong,DENTAL,K04.7,2906,2493,APPROVED,2024-04-25,2024-04-29,Pranee Srisuwan,FWD Group,Vietnam
CLM-03871,POL-01047,Leung Chi Keung,OUTPATIENT,H10.9,5114,3635,APPROVED,2024-12-21,2024-12-23,Nguyen Thi Lan,FWD Group,Hong Kong
CLM-03872,POL-00657,Siriporn Boonmee,INPATIENT,A09,266351,249074,APPROVED,2024-04-05,2024-04-08,Tran Van Minh,Prudential Life,Thailand
CLM-03873,POL-02156,Prasert Thongdee,DENTAL,K05.10,3058,2313,APPROVED,2024-06-18,2024-06-24,Tran Van Minh,FWD Group,Thailand
CLM-03874,POL-01714,Niran Thongdee,OUTPATIENT,A09,3035,0,IN_REVIEW,2024-01-28,2024-02-08,Wong Ka Ming,FWD Group,Thailand
CLM-03875,POL-00837,Ng Kwok Wah,MATERNITY,O80,19091,17302,APPROVED,2024-12-04,2024-12-10,Wong Ka Ming,AIA Insurance,Hong Kong
CLM-03876,POL-00953,Lee Ho Yin,DENTAL,K02.9,3999,3658,APPROVED,2024-11-02,2024-11-08,Wong Ka Ming,AIA Insurance,Hong Kong
CLM-03877,POL-00326,Malee Rattanaporn,OUTPATIENT,A90,2366,1771,APPROVED,2024-11-29,2024-12-04,Tran Van Minh,AIA Insurance,Thailand
CLM-03878,POL-01366,Malee Chaiyasit,OUTPATIENT,L30.9,17018,12459,APPROVED,2024-07-17,2024-07-28,Nguyen Thi Lan,AIA Insurance,Thailand
CLM-03879,POL-00878,Kanya Thongdee,DENTAL,K04.7,6122,0,PENDING,2024-08-06,,Nguyen Thi Lan,AIA Insurance,Thailand
CLM-03880,POL-00108,Malee Boonmee,OUTPATIENT,A09,2747,0,PENDING,2024-09-24,,Wong Ka Ming,FWD Group,Thailand
CLM-03881,POL-01414,Anong Rattanaporn,OUTPATIENT,N39.0,1161,888,APPROVED,2024-01-22,2024-01-29,Somchai Wattana,AIA Insurance,Thailand
CLM-03882,POL-00414,Kanya Wattana,OUTPATIENT,J06.9,7905,0,REJECTED,2024-07-16,2024-07-18,Wong Ka Ming,AIA Insurance,Thailand
CLM-03883,POL-01166,Hoang Duc Thang,OUTPATIENT,E11.9,4978,4589,APPROVED,2024-12-16,2024-12-24,Wong Ka Ming,AIA Insurance,Vietnam
CLM-03884,POL-00239,Tran Thi Mai,OUTPATIENT,K21.0,4214,3590,APPROVED,2024-02-24,2024-02-26,Wong Ka Ming,Prudential Life,Vietnam
CLM-03885,POL-00319,Anong Phongpanich,OUTPATIENT,J06.9,500,0,REJECTED,2024-12-08,2024-12-23,Somchai Wattana,Prudential Life,Thailand
CLM-03886,POL-00828,Kittisak Srisuwan,OUTPATIENT,J45.909,3143,0,REJECTED,2024-09-13,2024-09-16,Tran Van Minh,AIA Insurance,Thailand
CLM-03887,POL-00189,Lee Chi Keung,OUTPATIENT,K21.0,7095,0,REJECTED,2024-05-15,2024-05-20,Wong Ka Ming,AIA Insurance,Hong Kong
CLM-03888,POL-00924,Kanya Wattana,OUTPATIENT,M54.5,3103,2398,APPROVED,2024-08-09,2024-08-17,Wong Ka Ming,FWD Group,Thailand
CLM-03889,POL-00437,Chaiwat Rattanaporn,DENTAL,K05.10,4624,3693,APPROVED,2024-08-24,2024-09-07,Nguyen Thi Lan,Prudential Life,Thailand
CLM-03890,POL-00321,Pranee Chaiyasit,OUTPATIENT,L30.9,7013,6484,APPROVED,2024-10-10,2024-10-17,Tran Van Minh,Prudential Life,Thailand
CLM-03891,POL-00859,Chaiwat Phongpanich,DENTAL,K02.9,3711,3649,APPROVED,2024-03-26,2024-04-03,Wong Ka Ming,Prudential Life,Thailand
CLM-03892,POL-01147,Nguyen Van An,OUTPATIENT,J06.9,1590,1416,APPROVED,2024-10-29,2024-11-02,Wong Ka Ming,AIA Insurance,Vietnam
CLM-03893,POL-01620,Dang Quoc Bao,DENTAL,K02.9,11205,8357,APPROVED,2024-07-21,2024-07-26,Wong Ka Ming,FWD Group,Vietnam
CLM-03894,POL-00990,Tran Thi Mai,OUTPATIENT,J06.9,1405,0,REJECTED,2024-06-05,2024-06-21,Nguyen Thi Lan,AIA Insurance,Vietnam
CLM-03895,POL-01644,Vu Ngoc Anh,OUTPATIENT,H10.9,15160,12641,APPROVED,2024-01-28,2024-02-05,Somchai Wattana,AIA Insurance,Vietnam
CLM-03896,POL-01484,Ngo Thi Thu,OUTPATIENT,J06.9,7149,6919,APPROVED,2024-02-18,2024-02-23,Wong Ka Ming,FWD Group,Vietnam
CLM-03897,POL-00415,Vu Ngoc Anh,INPATIENT,E11.9,193921,0,PENDING,2024-10-28,,Tran Van Minh,Prudential Life,Vietnam
CLM-03898,POL-01683,Ho Mei Ling,MATERNITY,O80,128034,0,PENDING,2024-08-25,,Pranee Srisuwan,Prudential Life,Hong Kong
CLM-03899,POL-01956,Dang Quoc Bao,DENTAL,K05.10,5390,0,REJECTED,2024-09-27,2024-10-04,Somchai Wattana,Prudential Life,Vietnam
CLM-03900,POL-00086,Ngo Thi Thu,INPATIENT,A09,110991,78157,APPROVED,2024-06-25,2024-06-29,Somchai Wattana,AIA Insurance,Vietnam
CLM-03901,POL-00946,Prasert Thongdee,INPATIENT,A09,190585,180047,APPROVED,2024-06-15,2024-06-24,Somchai Wattana,AIA Insurance,Thailand
CLM-03902,POL-02288,Ng Yuen Man,DENTAL,K05.10,7875,6633,APPROVED,2024-08-26,2024-08-28,Pranee Srisuwan,Prudential Life,Hong Kong
CLM-03903,POL-01590,Dang Quoc Bao,DENTAL,K04.7,3656,0,REJECTED,2024-05-16,2024-05-25,Tran Van Minh,AIA Insurance,Vietnam
CLM-03904,POL-01814,Nguyen Van An,OUTPATIENT,E11.9,5119,4293,APPROVED,2024-12-26,2024-12-30,Pranee Srisuwan,AIA Insurance,Vietnam
CLM-03905,POL-01892,Do Van Long,INPATIENT,S72.001A,219391,0,REJECTED,2024-05-14,2024-05-17,Wong Ka Ming,FWD Group,Vietnam
CLM-03906,POL-02361,Lee Ho Yin,OUTPATIENT,M54.5,1655,1392,APPROVED,2024-07-13,2024-07-19,Nguyen Thi Lan,AIA Insurance,Hong Kong
CLM-03907,POL-00068,Siriporn Saetang,OUTPATIENT,J45.909,5226,4820,APPROVED,2024-01-15,2024-01-16,Nguyen Thi Lan,Prudential Life,Thailand
CLM-03908,POL-01272,Niran Srisuwan,DENTAL,K05.10,8840,6190,APPROVED,2024-11-16,2024-11-22,Nguyen Thi Lan,AIA Insurance,Thailand
CLM-03909,POL-01409,Chan Mei Ling,OUTPATIENT,H10.9,9155,0,REJECTED,2024-06-11,2024-06-15,Wong Ka Ming,AIA Insurance,Hong Kong
CLM-03910,POL-00067,Tran Thi Mai,OUTPATIENT,I10,500,461,APPROVED,2024-10-26,2024-11-02,Tran Van Minh,FWD Group,Vietnam
CLM-03911,POL-00063,Leung Sau Lan,DENTAL,K05.10,4707,3538,APPROVED,2024-12-08,2024-12-14,Pranee Srisuwan,Prudential Life,Hong Kong
CLM-03912,POL-01002,Somchai Phongpanich,OUTPATIENT,J06.9,15224,12468,APPROVED,2024-10-09,2024-10-15,Wong Ka Ming,FWD Group,Thailand
CLM-03913,POL-01886,Somchai Srisuwan,DENTAL,K02.9,15751,14946,APPROVED,2024-01-19,2024-01-21,Somchai Wattana,FWD Group,Thailand
CLM-03914,POL-01706,Kanya Srisuwan,OUTPATIENT,J06.9,500,355,APPROVED,2024-05-10,2024-05-24,Somchai Wattana,Prudential Life,Thailand
CLM-03915,POL-01008,Ng Sau Lan,DENTAL,K05.10,2779,0,IN_REVIEW,2024-01-03,2024-01-11,Tran Van Minh,Prudential Life,Hong Kong
CLM-03916,POL-00679,Leung Chi Keung,OUTPATIENT,I10,1178,0,IN_REVIEW,2024-09-24,2024-09-29,Nguyen Thi Lan,FWD Group,Hong Kong
CLM-03917,POL-01284,Vu Ngoc Anh,OUTPATIENT,L30.9,500,450,APPROVED,2024-11-09,2024-11-15,Tran Van Minh,FWD Group,Vietnam
CLM-03918,POL-00178,Vu Ngoc Anh,DENTAL,K05.10,4575,4048,APPROVED,2024-02-03,2024-02-08,Tran Van Minh,AIA Insurance,Vietnam
CLM-03919,POL-01461,Pham Thu Huong,OUTPATIENT,E11.9,2638,2183,APPROVED,2024-08-07,2024-08-12,Nguyen Thi Lan,Prudential Life,Vietnam
CLM-03920,POL-00042,Wong Yuen Man,OUTPATIENT,A09,4445,4249,APPROVED,2024-10-13,2024-10-19,Wong Ka Ming,Prudential Life,Hong Kong
CLM-03921,POL-01542,Somchai Saetang,INPATIENT,J18.9,60737,0,IN_REVIEW,2024-03-02,2024-03-06,Pranee Srisuwan,FWD Group,Thailand
CLM-03922,POL-01394,Tran Thi Mai,OUTPATIENT,J45.909,4091,3696,APPROVED,2024-05-25,2024-06-07,Wong Ka Ming,Prudential Life,Vietnam
CLM-03923,POL-01469,Cheung Wai Yan,OUTPATIENT,A90,1248,1123,APPROVED,2024-02-20,2024-03-07,Tran Van Minh,AIA Insurance,Hong Kong
CLM-03924,POL-02360,Anong Srisuwan,DENTAL,K02.9,2346,1683,APPROVED,2024-04-17,2024-04-22,Somchai Wattana,FWD Group,Thailand
CLM-03925,POL-00725,Niran Boonmee,OUTPATIENT,J06.9,2222,0,IN_REVIEW,2024-08-14,2024-08-22,Wong Ka Ming,AIA Insurance,Thailand
CLM-03926,POL-00106,Ng Siu Fung,OUTPATIENT,E11.9,5230,3857,APPROVED,2024-02-09,2024-02-13,Somchai Wattana,FWD Group,Hong Kong
CLM-03927,POL-00527,Hoang Duc Thang,OUTPATIENT,A90,542,403,APPROVED,2024-03-23,2024-03-29,Wong Ka Ming,Prudential Life,Vietnam
CLM-03928,POL-02128,Prasert Phongpanich,OUTPATIENT,J06.9,5978,4268,APPROVED,2024-04-12,2024-04-21,Somchai Wattana,AIA Insurance,Thailand
CLM-03929,POL-02062,Ng Wai Yan,OUTPATIENT,A09,4108,4055,APPROVED,2024-01-27,2024-02-02,Nguyen Thi Lan,Prudential Life,Hong Kong
CLM-03930,POL-01600,Ho Yuen Man,OUTPATIENT,M54.5,8735,0,REJECTED,2024-02-13,2024-02-19,Pranee Srisuwan,Prudential Life,Hong Kong
CLM-03931,POL-02268,Kanya Saetang,DENTAL,K05.10,1987,1407,APPROVED,2024-08-21,2024-08-26,Wong Ka Ming,AIA Insurance,Thailand
CLM-03932,POL-00857,Lau Kwok Wah,OUTPATIENT,E11.9,4193,4081,APPROVED,2024-10-20,2024-10-23,Wong Ka Ming,AIA Insurance,Hong Kong
CLM-03933,POL-00885,Kittisak Boonmee,INPATIENT,J45.909,24085,0,PENDING,2024-01-15,,Tran Van Minh,AIA Insurance,Thailand
CLM-03934,POL-00006,Malee Rattanaporn,MATERNITY,O82,70707,64839,APPROVED,2024-01-26,2024-01-29,Wong Ka Ming,AIA Insurance,Thailand
CLM-03935,POL-00922,Lau Wai Yan,OUTPATIENT,J06.9,965,0,PENDING,2024-01-16,,Pranee Srisuwan,FWD Group,Hong Kong
CLM-03936,POL-01830,Lau Tsz Ching,INPATIENT,N39.0,453083,374304,APPROVED,2024-12-24,2025-01-01,Somchai Wattana,Prudential Life,Hong Kong
CLM-03937,POL-02113,Bui Thanh Ha,OUTPATIENT,K21.0,500,0,REJECTED,2024-01-04,2024-01-11,Pranee Srisuwan,FWD Group,Vietnam
CLM-03938,POL-01744,Anong Srisuwan,OUTPATIENT,A90,3247,3045,APPROVED,2024-03-19,2024-03-24,Pranee Srisuwan,FWD Group,Thailand
CLM-03939,POL-01722,Siriporn Phongpanich,DENTAL,K02.9,7522,0,IN_REVIEW,2024-03-26,2024-04-09,Pranee Srisuwan,Prudential Life,Thailand
CLM-03940,POL-00716,Siriporn Chaiyasit,OUTPATIENT,J06.9,16077,0,REJECTED,2024-02-03,2024-02-09,Wong Ka Ming,AIA Insurance,Thailand
CLM-03941,POL-00559,Ng Ho Yin,OUTPATIENT,N39.0,6590,5112,APPROVED,2024-10-02,2024-10-08,Somchai Wattana,AIA Insurance,Hong Kong
CLM-03942,POL-00774,Ho Siu Fung,MATERNITY,O80,64836,0,IN_REVIEW,2024-04-13,2024-04-21,Nguyen Thi Lan,FWD Group,Hong Kong
CLM-03943,POL-00181,Lee Wai Yan,OUTPATIENT,M54.5,2741,2278,APPROVED,2024-05-17,2024-05-20,Wong Ka Ming,Prudential Life,Hong Kong
CLM-03944,POL-01186,Kittisak Wattana,OUTPATIENT,N39.0,6807,5636,APPROVED,2024-01-05,2024-01-09,Somchai Wattana,AIA Insurance,Thailand
CLM-03945,POL-02207,Chaiwat Thongdee,OUTPATIENT,A90,3504,2454,APPROVED,2024-07-09,2024-07-14,Wong Ka Ming,Prudential Life,Thailand
CLM-03946,POL-01853,Lee Wai Yan,DENTAL,K08.9,2027,0,REJECTED,2024-08-19,2024-08-23,Tran Van Minh,Prudential Life,Hong Kong
CLM-03947,POL-01766,Niran Chaiyasit,OUTPATIENT,E11.9,695,0,PENDING,2024-12-11,,Nguyen Thi Lan,AIA Insurance,Thailand
CLM-03948,POL-00437,Chaiwat Rattanaporn,MATERNITY,O80,86610,78012,APPROVED,2024-10-26,2024-11-07,Somchai Wattana,Prudential Life,Thailand
CLM-03949,POL-00736,Pham Thu Huong,OUTPATIENT,A09,2364,2180,APPROVED,2024-01-03,2024-01-19,Somchai Wattana,FWD Group,Vietnam
CLM-03950,POL-00158,Kanya Wattana,OUTPATIENT,H10.9,5858,0,REJECTED,2024-07-05,2024-07-13,Pranee Srisuwan,AIA Insurance,Thailand
CLM-03951,POL-01259,Prasert Srisuwan,OUTPATIENT,J06.9,1658,0,REJECTED,2024-01-09,2024-01-21,Wong Ka Ming,Prudential Life,Thailand
CLM-03952,POL-01275,Le Minh Tuan,OUTPATIENT,M54.5,4520,0,PENDING,2024-08-07,,Somchai Wattana,Prudential Life,Vietnam
CLM-03953,POL-01472,Leung Kwok Wah,OUTPATIENT,E11.9,5956,0,PENDING,2024-02-21,,Pranee Srisuwan,AIA Insurance,Hong Kong
CLM-03954,POL-00771,Lau Ka Ming,DENTAL,K08.9,4440,4322,APPROVED,2024-04-10,2024-04-18,Somchai Wattana,AIA Insurance,Hong Kong
CLM-03955,POL-00628,Ng Mei Ling,OUTPATIENT,I10,2513,0,PENDING,2024-01-22,,Pranee Srisuwan,AIA Insurance,Hong Kong
CLM-03956,POL-02388,Pham Thu Huong,OUTPATIENT,N39.0,4233,3229,APPROVED,2024-01-13,2024-01-21,Somchai Wattana,Prudential Life,Vietnam
CLM-03957,POL-00624,Kittisak Boonmee,OUTPATIENT,M54.5,17165,0,REJECTED,2024-05-21,2024-06-04,Somchai Wattana,AIA Insurance,Thailand
CLM-03958,POL-02095,Somchai Phongpanich,DENTAL,K05.10,6202,5869,APPROVED,2024-05-11,2024-05-12,Somchai Wattana,AIA Insurance,Thailand
CLM-03959,POL-01862,Kittisak Boonmee,DENTAL,K04.7,4402,0,PENDING,2024-01-18,,Pranee Srisuwan,AIA Insurance,Thailand
CLM-03960,POL-00601,Vu Ngoc Anh,OUTPATIENT,L30.9,10997,10144,APPROVED,2024-05-06,2024-05-14,Tran Van Minh,Prudential Life,Vietnam
CLM-03961,POL-00948,Wong Ho Yin,OUTPATIENT,K21.0,1939,1722,APPROVED,2024-12-28,2025-01-01,Somchai Wattana,Prudential Life,Hong Kong
CLM-03962,POL-01933,Ngo Thi Thu,OUTPATIENT,L30.9,1048,840,APPROVED,2024-06-20,2024-06-26,Nguyen Thi Lan,Prudential Life,Vietnam
CLM-03963,POL-01595,Leung Mei Ling,OUTPATIENT,J06.9,2556,2369,APPROVED,2024-07-19,2024-07-27,Pranee Srisuwan,Prudential Life,Hong Kong
CLM-03964,POL-00236,Malee Thongdee,OUTPATIENT,J06.9,7458,5587,APPROVED,2024-03-05,2024-03-08,Pranee Srisuwan,FWD Group,Thailand
CLM-03965,POL-00043,Hoang Duc Thang,OUTPATIENT,H10.9,8380,7014,APPROVED,2024-03-21,2024-03-24,Somchai Wattana,AIA Insurance,Vietnam
CLM-03966,POL-00134,Niran Saetang,OUTPATIENT,N39.0,3786,0,PENDING,2024-01-24,,Nguyen Thi Lan,AIA Insurance,Thailand
CLM-03967,POL-02000,Anong Boonmee,OUTPATIENT,N39.0,2085,2065,APPROVED,2024-04-30,2024-05-11,Somchai Wattana,FWD Group,Thailand
CLM-03968,POL-02393,Pranee Boonmee,OUTPATIENT,J45.909,7453,0,REJECTED,2024-01-10,2024-02-02,Nguyen Thi Lan,Prudential Life,Thailand
CLM-03969,POL-01136,Siriporn Rattanaporn,OUTPATIENT,J06.9,7057,5302,APPROVED,2024-03-19,2024-03-29,Nguyen Thi Lan,AIA Insurance,Thailand
CLM-03970,POL-00576,Hoang Duc Thang,OUTPATIENT,E11.9,3345,0,IN_REVIEW,2024-03-27,2024-04-04,Tran Van Minh,Prudential Life,Vietnam
CLM-03971,POL-00700,Siriporn Saetang,DENTAL,K08.9,6603,0,PENDING,2024-01-21,,Somchai Wattana,AIA Insurance,Thailand
CLM-03972,POL-01201,Ngo Thi Thu,OUTPATIENT,J45.909,3895,2990,APPROVED,2024-09-27,2024-09-30,Somchai Wattana,AIA Insurance,Vietnam
CLM-03973,POL-01045,Tran Thi Mai,DENTAL,K05.10,8067,7161,APPROVED,2024-03-22,2024-03-28,Wong Ka Ming,Prudential Life,Vietnam
CLM-03974,POL-01858,Hoang Duc Thang,OUTPATIENT,H10.9,3443,0,IN_REVIEW,2024-03-02,2024-03-07,Tran Van Minh,AIA Insurance,Vietnam
CLM-03975,POL-00771,Lau Ka Ming,OUTPATIENT,E11.9,4611,0,PENDING,2024-02-15,,Pranee Srisuwan,AIA Insurance,Hong Kong
CLM-03976,POL-01494,Prasert Boonmee,OUTPATIENT,E11.9,7212,0,IN_REVIEW,2024-03-19,2024-03-30,Tran Van Minh,AIA Insurance,Thailand
CLM-03977,POL-01110,Dang Quoc Bao,MATERNITY,O82,215961,190597,APPROVED,2024-02-01,2024-02-08,Pranee Srisuwan,Prudential Life,Vietnam
CLM-03978,POL-01979,Pranee Saetang,OUTPATIENT,I10,7391,0,REJECTED,2024-10-25,2024-10-27,Somchai Wattana,Prudential Life,Thailand
CLM-03979,POL-01751,Pham Thu Huong,OUTPATIENT,L30.9,1749,1702,APPROVED,2024-12-30,2025-01-10,Tran Van Minh,Prudential Life,Vietnam
CLM-03980,POL-00830,Cheung Mei Ling,OUTPATIENT,E11.9,10650,8652,APPROVED,2024-08-29,2024-09-04,Tran Van Minh,Prudential Life,Hong Kong
CLM-03981,POL-02146,Ngo Thi Thu,OUTPATIENT,A09,573,515,APPROVED,2024-02-09,2024-02-12,Somchai Wattana,FWD Group,Vietnam
CLM-03982,POL-00308,Tran Thi Mai,OUTPATIENT,M54.5,500,471,APPROVED,2024-02-12,2024-02-16,Pranee Srisuwan,FWD Group,Vietnam
CLM-03983,POL-00228,Vu Ngoc Anh,OUTPATIENT,A90,2497,2211,APPROVED,2024-04-18,2024-04-27,Nguyen Thi Lan,Prudential Life,Vietnam
CLM-03984,POL-01042,Pranee Boonmee,INPATIENT,S72.001A,15216,0,IN_REVIEW,2024-08-02,2024-08-13,Pranee Srisuwan,AIA Insurance,Thailand
CLM-03985,POL-01468,Lee Mei Ling,OUTPATIENT,E11.9,3240,2899,APPROVED,2024-11-24,2024-11-26,Pranee Srisuwan,Prudential Life,Hong Kong
CLM-03986,POL-00406,Siriporn Phongpanich,DENTAL,K02.9,4629,0,PENDING,2024-06-26,,Tran Van Minh,Prudential Life,Thailand
CLM-03987,POL-01383,Wong Ka Ming,OUTPATIENT,E11.9,16853,0,IN_REVIEW,2024-03-30,2024-04-06,Somchai Wattana,AIA Insurance,Hong Kong
CLM-03988,POL-00047,Ho Ho Yin,OUTPATIENT,E11.9,2606,2324,APPROVED,2024-05-09,2024-05-12,Pranee Srisuwan,Prudential Life,Hong Kong
CLM-03989,POL-01786,Anong Boonmee,OUTPATIENT,J06.9,1633,0,REJECTED,2024-05-22,2024-05-26,Wong Ka Ming,AIA Insurance,Thailand
CLM-03990,POL-02007,Pham Thu Huong,OUTPATIENT,A09,6237,6212,APPROVED,2024-11-25,2024-11-30,Tran Van Minh,Prudential Life,Vietnam
CLM-03991,POL-00087,Siriporn Thongdee,OUTPATIENT,N39.0,3978,3210,APPROVED,2024-05-20,2024-05-22,Pranee Srisuwan,FWD Group,Thailand
CLM-03992,POL-00076,Le Minh Tuan,DENTAL,K02.9,6240,4811,APPROVED,2024-12-29,2025-01-06,Somchai Wattana,Prudential Life,Vietnam
CLM-03993,POL-01927,Leung Tsz Ching,DENTAL,K02.9,7595,6569,APPROVED,2024-07-18,2024-07-23,Pranee Srisuwan,FWD Group,Hong Kong
CLM-03994,POL-01162,Do Van Long,OUTPATIENT,I10,5584,4021,APPROVED,2024-06-23,2024-07-04,Nguyen Thi Lan,AIA Insurance,Vietnam
CLM-03995,POL-01856,Le Minh Tuan,OUTPATIENT,L30.9,792,659,APPROVED,2024-01-08,2024-01-24,Tran Van Minh,AIA Insurance,Vietnam
CLM-03996,POL-00091,Pham Thu Huong,OUTPATIENT,A90,5786,4382,APPROVED,2024-04-17,2024-04-25,Pranee Srisuwan,AIA Insurance,Vietnam
CLM-03997,POL-01711,Dang Quoc Bao,OUTPATIENT,I10,1470,1037,APPROVED,2024-06-29,2024-07-06,Tran Van Minh,Prudential Life,Vietnam
CLM-03998,POL-02145,Leung Ho Yin,DENTAL,K02.9,13573,11350,APPROVED,2024-12-24,2024-12-26,Somchai Wattana,Prudential Life,Hong Kong
CLM-03999,POL-00884,Siriporn Rattanaporn,OUTPATIENT,J06.9,1190,1113,APPROVED,2024-11-30,2024-12-03,Nguyen Thi Lan,AIA Insurance,Thailand
CLM-04000,POL-02208,Malee Boonmee,OUTPATIENT,M54.5,2576,2113,APPROVED,2024-11-04,2024-11-08,Nguyen Thi Lan,Prudential Life,Thailand
CLM-04001,POL-00082,Somchai Wattana,DENTAL,K08.9,3262,3022,APPROVED,2024-11-25,2024-11-28,Tran Van Minh,AIA Insurance,Thailand
CLM-04002,POL-00203,Somchai Thongdee,OUTPATIENT,M54.5,5392,3963,APPROVED,2024-10-08,2024-10-18,Nguyen Thi Lan,Prudential Life,Thailand
CLM-04003,POL-02163,Somchai Chaiyasit,OUTPATIENT,A09,2132,2096,APPROVED,2024-10-15,2024-10-24,Wong Ka Ming,Prudential Life,Thailand
CLM-04004,POL-00909,Lau Ka Ming,OUTPATIENT,J06.9,1881,0,IN_REVIEW,2024-04-08,2024-04-21,Nguyen Thi Lan,Prudential Life,Hong Kong
CLM-04005,POL-01297,Lee Ho Yin,OUTPATIENT,J06.9,1391,1371,APPROVED,2024-09-24,2024-09-26,Tran Van Minh,FWD Group,Hong Kong
CLM-04006,POL-00283,Wong Ka Ming,INPATIENT,A09,388587,370284,APPROVED,2024-04-14,2024-04-19,Somchai Wattana,AIA Insurance,Hong Kong
CLM-04007,POL-00064,Lau Tsz Ching,INPATIENT,E11.9,18873,14579,APPROVED,2024-07-19,2024-07-25,Pranee Srisuwan,FWD Group,Hong Kong
CLM-04008,POL-01524,Lau Ka Ming,OUTPATIENT,N39.0,3184,0,REJECTED,2024-12-18,2024-12-24,Somchai Wattana,AIA Insurance,Hong Kong
CLM-04009,POL-01681,Somchai Saetang,DENTAL,K02.9,8957,7444,APPROVED,2024-04-16,2024-04-25,Wong Ka Ming,Prudential Life,Thailand
CLM-04010,POL-02056,Ng Mei Ling,OUTPATIENT,N39.0,5531,5134,APPROVED,2024-12-22,2024-12-24,Pranee Srisuwan,AIA Insurance,Hong Kong
CLM-04011,POL-00686,Ho Kwok Wah,MATERNITY,O80,25332,0,REJECTED,2024-07-12,2024-07-16,Wong Ka Ming,Prudential Life,Hong Kong
CLM-04012,POL-01571,Kanya Srisuwan,OUTPATIENT,A09,1616,1286,APPROVED,2024-01-02,2024-01-17,Somchai Wattana,AIA Insurance,Thailand
CLM-04013,POL-02086,Pranee Thongdee,OUTPATIENT,A90,3864,3717,APPROVED,2024-06-08,2024-06-10,Wong Ka Ming,Prudential Life,Thailand
CLM-04014,POL-01004,Lau Mei Ling,DENTAL,K04.7,6439,0,IN_REVIEW,2024-06-15,2024-06-17,Nguyen Thi Lan,AIA Insurance,Hong Kong
CLM-04015,POL-01948,Prasert Srisuwan,OUTPATIENT,H10.9,1683,1558,APPROVED,2024-12-01,2024-12-03,Nguyen Thi Lan,FWD Group,Thailand
CLM-04016,POL-02354,Tran Thi Mai,MATERNITY,O82,61808,0,IN_REVIEW,2024-07-18,2024-07-21,Wong Ka Ming,Prudential Life,Vietnam
CLM-04017,POL-01624,Vu Ngoc Anh,OUTPATIENT,J06.9,1594,0,PENDING,2024-01-13,,Nguyen Thi Lan,Prudential Life,Vietnam
CLM-04018,POL-02119,Kanya Chaiyasit,INPATIENT,S72.001A,83576,0,REJECTED,2024-12-11,2024-12-23,Nguyen Thi Lan,AIA Insurance,Thailand
CLM-04019,POL-01349,Kittisak Chaiyasit,OUTPATIENT,L30.9,1830,0,REJECTED,2024-07-21,2024-07-24,Somchai Wattana,Prudential Life,Thailand
CLM-04020,POL-02049,Bui Thanh Ha,OUTPATIENT,E11.9,2401,0,PENDING,2024-02-22,,Pranee Srisuwan,AIA Insurance,Vietnam
CLM-04021,POL-00327,Pranee Thongdee,DENTAL,K05.10,4212,3132,APPROVED,2024-12-10,2024-12-14,Nguyen Thi Lan,FWD Group,Thailand
CLM-04022,POL-01821,Siriporn Phongpanich,OUTPATIENT,N39.0,4020,0,IN_REVIEW,2024-10-09,2024-10-13,Pranee Srisuwan,FWD Group,Thailand
CLM-04023,POL-01000,Vu Ngoc Anh,OUTPATIENT,A09,2219,0,PENDING,2024-08-19,,Pranee Srisuwan,FWD Group,Vietnam
CLM-04024,POL-00909,Lau Ka Ming,OUTPATIENT,K21.0,2421,1921,APPROVED,2024-04-23,2024-05-06,Tran Van Minh,Prudential Life,Hong Kong
CLM-04025,POL-00349,Niran Wattana,OUTPATIENT,A09,8500,7314,APPROVED,2024-10-18,2024-10-22,Nguyen Thi Lan,FWD Group,Thailand
CLM-04026,POL-02056,Ng Mei Ling,OUTPATIENT,K21.0,3777,0,REJECTED,2024-09-24,2024-10-01,Somchai Wattana,AIA Insurance,Hong Kong
CLM-04027,POL-02282,Chaiwat Phongpanich,OUTPATIENT,J06.9,4353,4246,APPROVED,2024-09-20,2024-09-27,Wong Ka Ming,AIA Insurance,Thailand
CLM-04028,POL-00273,Anong Boonmee,INPATIENT,E11.9,1239242,0,REJECTED,2024-07-21,2024-07-27,Nguyen Thi Lan,Prudential Life,Thailand
CLM-04029,POL-01688,Do Van Long,OUTPATIENT,J06.9,2063,2015,APPROVED,2024-10-02,2024-10-11,Tran Van Minh,Prudential Life,Vietnam
CLM-04030,POL-00273,Anong Boonmee,OUTPATIENT,I10,1790,1499,APPROVED,2024-05-23,2024-05-25,Wong Ka Ming,Prudential Life,Thailand
CLM-04031,POL-01635,Anong Saetang,OUTPATIENT,I10,4444,0,REJECTED,2024-01-31,2024-02-06,Nguyen Thi Lan,AIA Insurance,Thailand
CLM-04032,POL-01732,Vu Ngoc Anh,DENTAL,K02.9,4075,0,PENDING,2024-03-30,,Pranee Srisuwan,FWD Group,Vietnam
CLM-04033,POL-00934,Ngo Thi Thu,DENTAL,K02.9,18228,0,REJECTED,2024-12-06,2024-12-11,Pranee Srisuwan,AIA Insurance,Vietnam
CLM-04034,POL-01831,Le Minh Tuan,DENTAL,K05.10,3232,0,REJECTED,2024-10-29,2024-11-11,Somchai Wattana,AIA Insurance,Vietnam
CLM-04035,POL-00054,Chan Tsz Ching,OUTPATIENT,M54.5,2105,1695,APPROVED,2024-11-13,2024-11-17,Pranee Srisuwan,FWD Group,Hong Kong
CLM-04036,POL-01647,Siriporn Thongdee,OUTPATIENT,J06.9,764,725,APPROVED,2024-11-28,2024-12-09,Nguyen Thi Lan,AIA Insurance,Thailand
CLM-04037,POL-00722,Pham Thu Huong,MATERNITY,O80,44814,34717,APPROVED,2024-02-20,2024-02-25,Pranee Srisuwan,AIA Insurance,Vietnam
CLM-04038,POL-01527,Do Van Long,OUTPATIENT,A90,2615,2389,APPROVED,2024-11-15,2024-11-23,Wong Ka Ming,Prudential Life,Vietnam
CLM-04039,POL-00061,Hoang Duc Thang,OUTPATIENT,J06.9,5915,0,PENDING,2024-09-19,,Nguyen Thi Lan,AIA Insurance,Vietnam
CLM-04040,POL-02066,Pham Thu Huong,DENTAL,K02.9,2656,0,IN_REVIEW,2024-01-21,2024-02-06,Tran Van Minh,AIA Insurance,Vietnam
CLM-04041,POL-01808,Le Minh Tuan,OUTPATIENT,A09,1890,0,REJECTED,2024-10-04,2024-10-13,Nguyen Thi Lan,FWD Group,Vietnam
CLM-04042,POL-00417,Dang Quoc Bao,OUTPATIENT,L30.9,1545,1156,APPROVED,2024-06-07,2024-06-09,Pranee Srisuwan,AIA Insurance,Vietnam
CLM-04043,POL-01195,Kanya Phongpanich,OUTPATIENT,E11.9,1546,1508,APPROVED,2024-05-03,2024-05-16,Tran Van Minh,Prudential Life,Thailand
CLM-04044,POL-01037,Do Van Long,MATERNITY,O80,64730,56849,APPROVED,2024-08-06,2024-08-10,Tran Van Minh,Prudential Life,Vietnam
CLM-04045,POL-02347,Le Minh Tuan,DENTAL,K05.10,6608,0,REJECTED,2024-11-30,2024-12-13,Somchai Wattana,Prudential Life,Vietnam
CLM-04046,POL-01292,Bui Thanh Ha,OUTPATIENT,E11.9,5655,0,IN_REVIEW,2024-12-13,2024-12-19,Nguyen Thi Lan,FWD Group,Vietnam
CLM-04047,POL-02016,Ngo Thi Thu,MATERNITY,O80,72524,0,REJECTED,2024-08-12,2024-08-14,Tran Van Minh,Prudential Life,Vietnam
CLM-04048,POL-01195,Kanya Phongpanich,OUTPATIENT,M54.5,9890,8529,APPROVED,2024-01-28,2024-02-07,Wong Ka Ming,Prudential Life,Thailand
CLM-04049,POL-00389,Dang Quoc Bao,OUTPATIENT,J06.9,4034,0,REJECTED,2024-05-08,2024-05-14,Pranee Srisuwan,Prudential Life,Vietnam
CLM-04050,POL-01215,Hoang Duc Thang,OUTPATIENT,A09,827,755,APPROVED,2024-05-17,2024-05-28,Wong Ka Ming,Prudential Life,Vietnam
CLM-04051,POL-01823,Cheung Siu Fung,DENTAL,K04.7,40336,29838,APPROVED,2024-11-21,2024-11-28,Tran Van Minh,Prudential Life,Hong Kong
CLM-04052,POL-00502,Wong Sau Lan,DENTAL,K08.9,8508,7334,APPROVED,2024-03-07,2024-03-15,Somchai Wattana,AIA Insurance,Hong Kong
CLM-04053,POL-02283,Lau Wai Yan,OUTPATIENT,M54.5,2446,0,REJECTED,2024-12-26,2025-01-01,Wong Ka Ming,Prudential Life,Hong Kong
CLM-04054,POL-01345,Kanya Thongdee,DENTAL,K02.9,10012,0,PENDING,2024-02-12,,Nguyen Thi Lan,AIA Insurance,Thailand
CLM-04055,POL-01942,Pham Thu Huong,OUTPATIENT,I10,830,0,PENDING,2024-11-07,,Pranee Srisuwan,AIA Insurance,Vietnam
CLM-04056,POL-00727,Pham Thu Huong,INPATIENT,J45.909,95085,79734,APPROVED,2024-02-23,2024-02-26,Somchai Wattana,FWD Group,Vietnam
CLM-04057,POL-00859,Chaiwat Phongpanich,OUTPATIENT,J06.9,2806,2064,APPROVED,2024-03-11,2024-03-16,Wong Ka Ming,Prudential Life,Thailand
CLM-04058,POL-01120,Vu Ngoc Anh,OUTPATIENT,K21.0,5898,0,IN_REVIEW,2024-03-09,2024-03-20,Nguyen Thi Lan,Prudential Life,Vietnam
CLM-04059,POL-01746,Chan Sau Lan,MATERNITY,O82,76006,0,REJECTED,2024-12-07,2024-12-14,Pranee Srisuwan,AIA Insurance,Hong Kong
CLM-04060,POL-01273,Ngo Thi Thu,DENTAL,K02.9,7447,5700,APPROVED,2024-09-10,2024-09-15,Somchai Wattana,Prudential Life,Vietnam
CLM-04061,POL-02058,Anong Wattana,DENTAL,K05.10,4375,3901,APPROVED,2024-04-17,2024-04-23,Nguyen Thi Lan,AIA Insurance,Thailand
CLM-04062,POL-00641,Siriporn Boonmee,INPATIENT,A09,151482,110695,APPROVED,2024-06-25,2024-06-28,Somchai Wattana,Prudential Life,Thailand
CLM-04063,POL-01680,Bui Thanh Ha,OUTPATIENT,M54.5,1497,0,REJECTED,2024-09-03,2024-09-07,Tran Van Minh,AIA Insurance,Vietnam
CLM-04064,POL-01364,Chaiwat Chaiyasit,OUTPATIENT,I10,1469,1154,APPROVED,2024-07-02,2024-07-06,Tran Van Minh,FWD Group,Thailand
CLM-04065,POL-02351,Lau Mei Ling,OUTPATIENT,E11.9,6106,5112,APPROVED,2024-01-18,2024-01-28,Pranee Srisuwan,FWD Group,Hong Kong
CLM-04066,POL-00725,Niran Boonmee,INPATIENT,J45.909,88589,63155,APPROVED,2024-07-23,2024-07-30,Nguyen Thi Lan,AIA Insurance,Thailand
CLM-04067,POL-00360,Cheung Ho Yin,OUTPATIENT,H10.9,2475,0,PENDING,2024-09-08,,Tran Van Minh,FWD Group,Hong Kong
CLM-04068,POL-02215,Leung Siu Fung,MATERNITY,O82,29091,24034,APPROVED,2024-06-30,2024-07-09,Somchai Wattana,AIA Insurance,Hong Kong
CLM-04069,POL-02207,Chaiwat Thongdee,DENTAL,K04.7,5094,4788,APPROVED,2024-12-27,2024-12-30,Nguyen Thi Lan,Prudential Life,Thailand
CLM-04070,POL-00415,Vu Ngoc Anh,OUTPATIENT,A09,1841,1450,APPROVED,2024-12-31,2025-01-04,Somchai Wattana,Prudential Life,Vietnam
CLM-04071,POL-01138,Hoang Duc Thang,OUTPATIENT,L30.9,3896,3350,APPROVED,2024-12-26,2024-12-30,Pranee Srisuwan,Prudential Life,Vietnam
CLM-04072,POL-00494,Do Van Long,OUTPATIENT,J45.909,2419,1818,APPROVED,2024-05-19,2024-05-27,Somchai Wattana,AIA Insurance,Vietnam
CLM-04073,POL-01287,Kittisak Rattanaporn,DENTAL,K04.7,5023,3540,APPROVED,2024-01-28,2024-02-10,Tran Van Minh,AIA Insurance,Thailand
CLM-04074,POL-02370,Pranee Thongdee,MATERNITY,O82,111962,98909,APPROVED,2024-04-19,2024-04-29,Somchai Wattana,AIA Insurance,Thailand
CLM-04075,POL-00149,Do Van Long,OUTPATIENT,H10.9,1073,882,APPROVED,2024-10-14,2024-10-22,Nguyen Thi Lan,FWD Group,Vietnam
CLM-04076,POL-02026,Bui Thanh Ha,OUTPATIENT,J45.909,1326,1162,APPROVED,2024-05-13,2024-05-17,Nguyen Thi Lan,Prudential Life,Vietnam
CLM-04077,POL-01175,Ng Sau Lan,MATERNITY,O80,112784,0,PENDING,2024-07-17,,Tran Van Minh,AIA Insurance,Hong Kong
CLM-04078,POL-01483,Malee Srisuwan,DENTAL,K04.7,6699,0,PENDING,2024-10-28,,Pranee Srisuwan,Prudential Life,Thailand
CLM-04079,POL-00347,Ngo Thi Thu,OUTPATIENT,E11.9,4508,0,REJECTED,2024-11-17,2024-11-21,Somchai Wattana,Prudential Life,Vietnam
CLM-04080,POL-01002,Somchai Phongpanich,MATERNITY,O80,86952,0,IN_REVIEW,2024-03-12,2024-03-14,Tran Van Minh,FWD Group,Thailand
CLM-04081,POL-00128,Do Van Long,OUTPATIENT,M54.5,3952,3612,APPROVED,2024-12-21,2024-12-24,Tran Van Minh,FWD Group,Vietnam
CLM-04082,POL-00172,Chaiwat Rattanaporn,DENTAL,K02.9,2918,0,PENDING,2024-12-13,,Wong Ka Ming,Prudential Life,Thailand
CLM-04083,POL-00754,Siriporn Srisuwan,OUTPATIENT,M54.5,593,468,APPROVED,2024-01-30,2024-02-04,Wong Ka Ming,AIA Insurance,Thailand
CLM-04084,POL-01158,Ng Sau Lan,OUTPATIENT,J06.9,1604,0,PENDING,2024-12-05,,Wong Ka Ming,FWD Group,Hong Kong
CLM-04085,POL-01212,Malee Phongpanich,OUTPATIENT,A09,1238,1084,APPROVED,2024-10-17,2024-10-21,Tran Van Minh,Prudential Life,Thailand
CLM-04086,POL-01368,Chan Ho Yin,OUTPATIENT,J45.909,6351,4780,APPROVED,2024-01-04,2024-01-13,Tran Van Minh,FWD Group,Hong Kong
CLM-04087,POL-02166,Pham Thu Huong,OUTPATIENT,E11.9,6176,4653,APPROVED,2024-12-18,2024-12-21,Somchai Wattana,FWD Group,Vietnam
CLM-04088,POL-00292,Prasert Phongpanich,INPATIENT,E11.9,27775,0,PENDING,2024-12-05,,Somchai Wattana,Prudential Life,Thailand
CLM-04089,POL-00833,Do Van Long,INPATIENT,J18.9,95086,82115,APPROVED,2024-04-25,2024-05-03,Nguyen Thi Lan,AIA Insurance,Vietnam
CLM-04090,POL-00727,Pham Thu Huong,MATERNITY,O82,53217,51511,APPROVED,2024-03-27,2024-04-04,Tran Van Minh,FWD Group,Vietnam
CLM-04091,POL-01092,Anong Phongpanich,OUTPATIENT,N39.0,1064,869,APPROVED,2024-07-13,2024-07-18,Somchai Wattana,AIA Insurance,Thailand
CLM-04092,POL-00014,Pham Thu Huong,OUTPATIENT,J45.909,669,469,APPROVED,2024-04-10,2024-04-15,Nguyen Thi Lan,FWD Group,Vietnam
CLM-04093,POL-01029,Cheung Tsz Ching,OUTPATIENT,H10.9,6646,5784,APPROVED,2024-01-27,2024-01-31,Wong Ka Ming,AIA Insurance,Hong Kong
CLM-04094,POL-00651,Kanya Boonmee,DENTAL,K02.9,1719,0,IN_REVIEW,2024-06-21,2024-07-01,Wong Ka Ming,AIA Insurance,Thailand
CLM-04095,POL-01801,Pranee Wattana,INPATIENT,E11.9,162741,160746,APPROVED,2024-03-25,2024-03-30,Wong Ka Ming,AIA Insurance,Thailand
CLM-04096,POL-01280,Siriporn Phongpanich,OUTPATIENT,J06.9,1772,1577,APPROVED,2024-07-04,2024-07-08,Tran Van Minh,FWD Group,Thailand
CLM-04097,POL-00257,Pranee Boonmee,OUTPATIENT,N39.0,23973,0,PENDING,2024-12-11,,Pranee Srisuwan,FWD Group,Thailand
CLM-04098,POL-02347,Le Minh Tuan,MATERNITY,O82,23510,22386,APPROVED,2024-11-06,2024-11-17,Pranee Srisuwan,Prudential Life,Vietnam
CLM-04099,POL-01503,Wong Yuen Man,MATERNITY,O82,51340,0,REJECTED,2024-08-27,2024-09-03,Tran Van Minh,Prudential Life,Hong Kong
CLM-04100,POL-00086,Ngo Thi Thu,OUTPATIENT,H10.9,832,608,APPROVED,2024-03-31,2024-04-06,Somchai Wattana,AIA Insurance,Vietnam
CLM-04101,POL-00311,Hoang Duc Thang,OUTPATIENT,J45.909,4708,3762,APPROVED,2024-12-01,2024-12-09,Tran Van Minh,Prudential Life,Vietnam
CLM-04102,POL-00126,Siriporn Srisuwan,OUTPATIENT,A09,1083,951,APPROVED,2024-12-12,2024-12-20,Somchai Wattana,FWD Group,Thailand
CLM-04103,POL-00117,Pham Thu Huong,OUTPATIENT,J06.9,8801,8300,APPROVED,2024-08-22,2024-08-25,Nguyen Thi Lan,Prudential Life,Vietnam
CLM-04104,POL-00825,Dang Quoc Bao,MATERNITY,O80,37440,37371,APPROVED,2024-11-03,2024-11-11,Wong Ka Ming,Prudential Life,Vietnam
CLM-04105,POL-01693,Kanya Phongpanich,OUTPATIENT,K21.0,7190,6586,APPROVED,2024-01-23,2024-01-27,Wong Ka Ming,FWD Group,Thailand
CLM-04106,POL-01618,Anong Saetang,OUTPATIENT,J06.9,1596,0,REJECTED,2024-03-07,2024-03-13,Tran Van Minh,AIA Insurance,Thailand
CLM-04107,POL-00058,Kittisak Phongpanich,INPATIENT,A09,125797,0,PENDING,2024-12-24,,Wong Ka Ming,FWD Group,Thailand
CLM-04108,POL-02382,Malee Srisuwan,OUTPATIENT,E11.9,2858,2245,APPROVED,2024-09-21,2024-09-24,Nguyen Thi Lan,Prudential Life,Thailand
CLM-04109,POL-00921,Anong Phongpanich,OUTPATIENT,N39.0,3323,3217,APPROVED,2024-11-14,2024-11-18,Tran Van Minh,Prudential Life,Thailand
CLM-04110,POL-01521,Kanya Wattana,MATERNITY,O82,25096,0,PENDING,2024-05-12,,Pranee Srisuwan,AIA Insurance,Thailand
CLM-04111,POL-00127,Lee Tsz Ching,MATERNITY,O80,26992,22424,APPROVED,2024-03-02,2024-03-11,Wong Ka Ming,AIA Insurance,Hong Kong
CLM-04112,POL-01555,Pranee Rattanaporn,OUTPATIENT,J06.9,6766,6167,APPROVED,2024-02-04,2024-02-09,Pranee Srisuwan,FWD Group,Thailand
CLM-04113,POL-01482,Pranee Boonmee,MATERNITY,O82,73720,60789,APPROVED,2024-11-23,2024-11-27,Nguyen Thi Lan,Prudential Life,Thailand
CLM-04114,POL-02071,Niran Chaiyasit,DENTAL,K02.9,1683,1442,APPROVED,2024-06-27,2024-06-29,Somchai Wattana,Prudential Life,Thailand
CLM-04115,POL-02027,Chan Yuen Man,OUTPATIENT,K21.0,6512,5117,APPROVED,2024-06-14,2024-07-01,Wong Ka Ming,AIA Insurance,Hong Kong
CLM-04116,POL-01603,Prasert Rattanaporn,DENTAL,K04.7,3102,0,REJECTED,2024-07-14,2024-07-27,Nguyen Thi Lan,Prudential Life,Thailand
CLM-04117,POL-01601,Vu Ngoc Anh,OUTPATIENT,E11.9,1253,948,APPROVED,2024-02-27,2024-03-03,Nguyen Thi Lan,AIA Insurance,Vietnam
CLM-04118,POL-01583,Hoang Duc Thang,DENTAL,K05.10,1592,1163,APPROVED,2024-01-25,2024-02-05,Somchai Wattana,AIA Insurance,Vietnam
CLM-04119,POL-01028,Ho Sau Lan,MATERNITY,O82,32652,26435,APPROVED,2024-02-08,2024-02-20,Tran Van Minh,Prudential Life,Hong Kong
CLM-04120,POL-01817,Leung Kwok Wah,OUTPATIENT,K21.0,2145,1529,APPROVED,2024-02-08,2024-02-16,Wong Ka Ming,FWD Group,Hong Kong
CLM-04121,POL-02349,Ho Siu Fung,INPATIENT,J45.909,130473,0,IN_REVIEW,2024-12-26,2025-01-20,Wong Ka Ming,AIA Insurance,Hong Kong
CLM-04122,POL-02351,Lau Mei Ling,OUTPATIENT,A09,500,0,PENDING,2024-02-17,,Tran Van Minh,FWD Group,Hong Kong
CLM-04123,POL-00276,Siriporn Saetang,OUTPATIENT,J06.9,5257,0,IN_REVIEW,2024-12-30,2025-01-03,Nguyen Thi Lan,Prudential Life,Thailand
CLM-04124,POL-00601,Vu Ngoc Anh,OUTPATIENT,E11.9,7995,7792,APPROVED,2024-11-06,2024-11-20,Tran Van Minh,Prudential Life,Vietnam
CLM-04125,POL-02010,Hoang Duc Thang,OUTPATIENT,I10,633,473,APPROVED,2024-10-29,2024-11-08,Somchai Wattana,AIA Insurance,Vietnam
CLM-04126,POL-00863,Hoang Duc Thang,MATERNITY,O82,60232,55694,APPROVED,2024-01-20,2024-02-01,Wong Ka Ming,Prudential Life,Vietnam
CLM-04127,POL-02129,Nguyen Van An,MATERNITY,O80,32665,23650,APPROVED,2024-12-19,2024-12-27,Nguyen Thi Lan,Prudential Life,Vietnam
CLM-04128,POL-00001,Vu Ngoc Anh,OUTPATIENT,L30.9,4188,3852,APPROVED,2024-03-01,2024-03-07,Somchai Wattana,AIA Insurance,Vietnam
CLM-04129,POL-01853,Lee Wai Yan,OUTPATIENT,N39.0,4535,3601,APPROVED,2024-08-20,2024-08-28,Pranee Srisuwan,Prudential Life,Hong Kong
CLM-04130,POL-01178,Nguyen Van An,OUTPATIENT,J45.909,13469,0,PENDING,2024-02-17,,Tran Van Minh,AIA Insurance,Vietnam
CLM-04131,POL-01909,Anong Wattana,OUTPATIENT,J06.9,914,0,IN_REVIEW,2024-12-12,2024-12-15,Tran Van Minh,Prudential Life,Thailand
CLM-04132,POL-00562,Prasert Rattanaporn,MATERNITY,O82,46152,0,IN_REVIEW,2024-10-19,2024-10-22,Tran Van Minh,Prudential Life,Thailand
CLM-04133,POL-01628,Tran Thi Mai,INPATIENT,E11.9,123704,0,REJECTED,2024-03-18,2024-03-25,Nguyen Thi Lan,Prudential Life,Vietnam
CLM-04134,POL-00619,Ngo Thi Thu,OUTPATIENT,M54.5,1071,0,IN_REVIEW,2024-10-11,2024-10-19,Pranee Srisuwan,FWD Group,Vietnam
CLM-04135,POL-01593,Bui Thanh Ha,OUTPATIENT,L30.9,899,747,APPROVED,2024-05-15,2024-05-20,Pranee Srisuwan,Prudential Life,Vietnam
CLM-04136,POL-02040,Somchai Srisuwan,OUTPATIENT,L30.9,1464,1165,APPROVED,2024-05-17,2024-05-30,Somchai Wattana,AIA Insurance,Thailand
CLM-04137,POL-01604,Niran Boonmee,DENTAL,K04.7,19374,0,PENDING,2024-08-20,,Tran Van Minh,FWD Group,Thailand
CLM-04138,POL-00838,Chaiwat Chaiyasit,OUTPATIENT,K21.0,511,394,APPROVED,2024-06-15,2024-06-19,Tran Van Minh,Prudential Life,Thailand
CLM-04139,POL-00980,Lau Chi Keung,MATERNITY,O82,141490,128375,APPROVED,2024-02-07,2024-02-12,Pranee Srisuwan,FWD Group,Hong Kong
CLM-04140,POL-01607,Kanya Chaiyasit,INPATIENT,E11.9,52015,0,PENDING,2024-06-02,,Tran Van Minh,AIA Insurance,Thailand
CLM-04141,POL-00014,Pham Thu Huong,INPATIENT,A09,215379,0,PENDING,2024-03-19,,Wong Ka Ming,FWD Group,Vietnam
CLM-04142,POL-00734,Hoang Duc Thang,OUTPATIENT,E11.9,1597,1332,APPROVED,2024-09-18,2024-09-21,Wong Ka Ming,AIA Insurance,Vietnam
CLM-04143,POL-00390,Do Van Long,OUTPATIENT,A09,2183,2169,APPROVED,2024-10-27,2024-11-13,Tran Van Minh,Prudential Life,Vietnam
CLM-04144,POL-00380,Siriporn Phongpanich,INPATIENT,J18.9,30917,0,IN_REVIEW,2024-12-31,2025-01-10,Wong Ka Ming,AIA Insurance,Thailand
CLM-04145,POL-00460,Pham Thu Huong,OUTPATIENT,H10.9,3735,3577,APPROVED,2024-02-08,2024-02-12,Nguyen Thi Lan,Prudential Life,Vietnam
CLM-04146,POL-02200,Le Minh Tuan,OUTPATIENT,N39.0,7601,0,REJECTED,2024-01-18,2024-01-24,Nguyen Thi Lan,FWD Group,Vietnam
CLM-04147,POL-00434,Pranee Saetang,OUTPATIENT,J06.9,1889,1449,APPROVED,2024-10-24,2024-10-26,Wong Ka Ming,FWD Group,Thailand
CLM-04148,POL-02225,Ho Ho Yin,INPATIENT,E11.9,549408,0,REJECTED,2024-12-07,2024-12-10,Tran Van Minh,FWD Group,Hong Kong
CLM-04149,POL-00666,Chan Kwok Wah,OUTPATIENT,J06.9,2093,0,PENDING,2024-12-05,,Pranee Srisuwan,AIA Insurance,Hong Kong
CLM-04150,POL-00515,Siriporn Wattana,OUTPATIENT,J45.909,2199,1920,APPROVED,2024-10-09,2024-10-20,Nguyen Thi Lan,Prudential Life,Thailand
CLM-04151,POL-01911,Prasert Chaiyasit,OUTPATIENT,I10,1579,1193,APPROVED,2024-01-17,2024-01-24,Wong Ka Ming,AIA Insurance,Thailand
CLM-04152,POL-01227,Pranee Wattana,DENTAL,K04.7,5337,4162,APPROVED,2024-09-04,2024-09-10,Tran Van Minh,AIA Insurance,Thailand
CLM-04153,POL-00869,Prasert Chaiyasit,OUTPATIENT,I10,1227,0,IN_REVIEW,2024-08-23,2024-08-29,Wong Ka Ming,AIA Insurance,Thailand
CLM-04154,POL-00982,Kanya Phongpanich,OUTPATIENT,I10,10394,9342,APPROVED,2024-09-19,2024-09-24,Pranee Srisuwan,AIA Insurance,Thailand
CLM-04155,POL-01939,Dang Quoc Bao,INPATIENT,A09,462335,0,PENDING,2024-02-20,,Nguyen Thi Lan,FWD Group,Vietnam
CLM-04156,POL-01560,Dang Quoc Bao,OUTPATIENT,N39.0,1469,0,PENDING,2024-05-20,,Pranee Srisuwan,AIA Insurance,Vietnam
CLM-04157,POL-00261,Anong Thongdee,DENTAL,K05.10,4236,3765,APPROVED,2024-02-24,2024-02-27,Somchai Wattana,FWD Group,Thailand
CLM-04158,POL-00011,Kittisak Rattanaporn,MATERNITY,O80,49631,0,PENDING,2024-11-21,,Nguyen Thi Lan,Prudential Life,Thailand
CLM-04159,POL-00250,Leung Sau Lan,OUTPATIENT,E11.9,1028,0,IN_REVIEW,2024-02-23,2024-02-28,Somchai Wattana,Prudential Life,Hong Kong
CLM-04160,POL-02286,Ng Chi Keung,DENTAL,K04.7,17673,0,PENDING,2024-08-08,,Nguyen Thi Lan,FWD Group,Hong Kong
CLM-04161,POL-00700,Siriporn Saetang,OUTPATIENT,A90,12776,0,REJECTED,2024-07-15,2024-07-26,Somchai Wattana,AIA Insurance,Thailand
CLM-04162,POL-00191,Kittisak Wattana,OUTPATIENT,K21.0,7968,0,REJECTED,2024-05-13,2024-05-19,Nguyen Thi Lan,Prudential Life,Thailand
CLM-04163,POL-00583,Lau Chi Keung,MATERNITY,O82,45445,36574,APPROVED,2024-10-04,2024-10-17,Nguyen Thi Lan,AIA Insurance,Hong Kong
CLM-04164,POL-00461,Chan Kwok Wah,DENTAL,K08.9,10569,0,REJECTED,2024-06-18,2024-06-26,Somchai Wattana,AIA Insurance,Hong Kong
CLM-04165,POL-01230,Ng Ka Ming,DENTAL,K02.9,6158,0,REJECTED,2024-08-15,2024-08-24,Somchai Wattana,Prudential Life,Hong Kong
CLM-04166,POL-02287,Pranee Boonmee,OUTPATIENT,J06.9,1612,1323,APPROVED,2024-01-17,2024-01-20,Wong Ka Ming,Prudential Life,Thailand
CLM-04167,POL-00830,Cheung Mei Ling,DENTAL,K04.7,10525,0,REJECTED,2024-12-20,2024-12-25,Nguyen Thi Lan,Prudential Life,Hong Kong
CLM-04168,POL-00657,Siriporn Boonmee,OUTPATIENT,N39.0,21398,15462,APPROVED,2024-11-15,2024-11-20,Somchai Wattana,Prudential Life,Thailand
CLM-04169,POL-00254,Lee Tsz Ching,OUTPATIENT,K21.0,18598,0,REJECTED,2024-08-27,2024-08-29,Somchai Wattana,AIA Insurance,Hong Kong
CLM-04170,POL-01141,Lau Ho Yin,DENTAL,K02.9,4621,4573,APPROVED,2024-08-09,2024-08-11,Nguyen Thi Lan,AIA Insurance,Hong Kong
CLM-04171,POL-00170,Chaiwat Saetang,DENTAL,K08.9,2750,2394,APPROVED,2024-10-16,2024-10-29,Somchai Wattana,AIA Insurance,Thailand
CLM-04172,POL-00540,Ngo Thi Thu,OUTPATIENT,I10,1748,1607,APPROVED,2024-07-31,2024-08-06,Pranee Srisuwan,AIA Insurance,Vietnam
CLM-04173,POL-02022,Pranee Srisuwan,OUTPATIENT,H10.9,1138,0,PENDING,2024-11-10,,Somchai Wattana,AIA Insurance,Thailand
CLM-04174,POL-01684,Chaiwat Wattana,MATERNITY,O82,180170,147851,APPROVED,2024-08-31,2024-09-02,Somchai Wattana,Prudential Life,Thailand
CLM-04175,POL-01709,Siriporn Phongpanich,MATERNITY,O80,102707,75881,APPROVED,2024-02-28,2024-03-02,Pranee Srisuwan,Prudential Life,Thailand
CLM-04176,POL-01184,Lee Sau Lan,INPATIENT,J18.9,46055,44614,APPROVED,2024-01-26,2024-02-05,Nguyen Thi Lan,AIA Insurance,Hong Kong
CLM-04177,POL-02395,Dang Quoc Bao,DENTAL,K08.9,13226,13171,APPROVED,2024-07-12,2024-07-25,Nguyen Thi Lan,AIA Insurance,Vietnam
CLM-04178,POL-01080,Kittisak Boonmee,INPATIENT,J18.9,77343,61017,APPROVED,2024-07-30,2024-08-07,Tran Van Minh,AIA Insurance,Thailand
CLM-04179,POL-01673,Chan Sau Lan,DENTAL,K08.9,2143,2075,APPROVED,2024-10-30,2024-11-08,Nguyen Thi Lan,Prudential Life,Hong Kong
CLM-04180,POL-00647,Niran Boonmee,INPATIENT,J18.9,55830,48144,APPROVED,2024-05-05,2024-05-11,Somchai Wattana,FWD Group,Thailand
CLM-04181,POL-00368,Ng Tsz Ching,OUTPATIENT,H10.9,2470,0,IN_REVIEW,2024-04-08,2024-04-24,Wong Ka Ming,AIA Insurance,Hong Kong
CLM-04182,POL-01106,Kittisak Wattana,OUTPATIENT,K21.0,549,490,APPROVED,2024-05-17,2024-05-24,Pranee Srisuwan,FWD Group,Thailand
CLM-04183,POL-00050,Pham Thu Huong,OUTPATIENT,J06.9,7330,6459,APPROVED,2024-11-07,2024-11-10,Wong Ka Ming,AIA Insurance,Vietnam
CLM-04184,POL-02011,Kanya Chaiyasit,OUTPATIENT,H10.9,602,0,REJECTED,2024-04-14,2024-04-20,Pranee Srisuwan,AIA Insurance,Thailand
CLM-04185,POL-01917,Hoang Duc Thang,OUTPATIENT,H10.9,8460,0,REJECTED,2024-05-08,2024-05-11,Somchai Wattana,FWD Group,Vietnam
CLM-04186,POL-00531,Le Minh Tuan,OUTPATIENT,J06.9,11312,9849,APPROVED,2024-02-13,2024-02-24,Wong Ka Ming,Prudential Life,Vietnam
CLM-04187,POL-00585,Prasert Wattana,DENTAL,K02.9,2505,2406,APPROVED,2024-07-19,2024-08-03,Somchai Wattana,Prudential Life,Thailand
CLM-04188,POL-01590,Dang Quoc Bao,OUTPATIENT,J06.9,11515,10331,APPROVED,2024-07-23,2024-07-29,Somchai Wattana,AIA Insurance,Vietnam
CLM-04189,POL-02134,Do Van Long,OUTPATIENT,A09,2544,2441,APPROVED,2024-01-03,2024-01-09,Nguyen Thi Lan,FWD Group,Vietnam
CLM-04190,POL-00945,Anong Chaiyasit,INPATIENT,A09,31758,28429,APPROVED,2024-09-07,2024-09-10,Somchai Wattana,FWD Group,Thailand
CLM-04191,POL-00523,Lau Wai Yan,INPATIENT,E11.9,656260,577642,APPROVED,2024-01-02,2024-01-05,Nguyen Thi Lan,FWD Group,Hong Kong
CLM-04192,POL-01428,Tran Thi Mai,OUTPATIENT,M54.5,621,557,APPROVED,2024-11-27,2024-11-29,Tran Van Minh,AIA Insurance,Vietnam
CLM-04193,POL-01852,Kittisak Saetang,OUTPATIENT,A09,12438,0,PENDING,2024-10-31,,Pranee Srisuwan,Prudential Life,Thailand
CLM-04194,POL-02267,Do Van Long,OUTPATIENT,K21.0,4698,0,REJECTED,2024-01-03,2024-01-21,Wong Ka Ming,AIA Insurance,Vietnam
CLM-04195,POL-01642,Prasert Phongpanich,OUTPATIENT,E11.9,1621,1196,APPROVED,2024-01-18,2024-01-28,Nguyen Thi Lan,Prudential Life,Thailand
CLM-04196,POL-00325,Leung Kwok Wah,OUTPATIENT,M54.5,2344,1741,APPROVED,2024-07-16,2024-07-31,Nguyen Thi Lan,AIA Insurance,Hong Kong
CLM-04197,POL-00166,Anong Thongdee,OUTPATIENT,J06.9,2667,0,REJECTED,2024-05-16,2024-06-02,Somchai Wattana,AIA Insurance,Thailand
CLM-04198,POL-01952,Dang Quoc Bao,INPATIENT,E11.9,188129,170092,APPROVED,2024-04-08,2024-04-23,Wong Ka Ming,Prudential Life,Vietnam
CLM-04199,POL-01813,Ho Kwok Wah,OUTPATIENT,N39.0,5328,4680,APPROVED,2024-09-29,2024-10-13,Wong Ka Ming,AIA Insurance,Hong Kong
CLM-04200,POL-01569,Pranee Saetang,MATERNITY,O82,148078,0,PENDING,2024-01-01,,Somchai Wattana,AIA Insurance,Thailand
CLM-04201,POL-02386,Pham Thu Huong,OUTPATIENT,N39.0,9271,0,IN_REVIEW,2024-07-19,2024-07-21,Nguyen Thi Lan,AIA Insurance,Vietnam
CLM-04202,POL-01916,Malee Rattanaporn,OUTPATIENT,J06.9,5636,5375,APPROVED,2024-01-20,2024-01-27,Nguyen Thi Lan,FWD Group,Thailand
CLM-04203,POL-00805,Vu Ngoc Anh,OUTPATIENT,E11.9,5850,5554,APPROVED,2024-03-02,2024-03-05,Pranee Srisuwan,FWD Group,Vietnam
CLM-04204,POL-00369,Wong Chi Keung,INPATIENT,J18.9,55302,0,PENDING,2024-01-10,,Wong Ka Ming,AIA Insurance,Hong Kong
CLM-04205,POL-01936,Pranee Saetang,DENTAL,K04.7,31968,27359,APPROVED,2024-07-09,2024-07-16,Somchai Wattana,AIA Insurance,Thailand
CLM-04206,POL-01835,Chaiwat Boonmee,DENTAL,K02.9,7357,7346,APPROVED,2024-10-19,2024-10-23,Somchai Wattana,AIA Insurance,Thailand
CLM-04207,POL-01915,Cheung Siu Fung,OUTPATIENT,J06.9,3756,3427,APPROVED,2024-12-14,2024-12-25,Somchai Wattana,AIA Insurance,Hong Kong
CLM-04208,POL-00703,Pham Thu Huong,OUTPATIENT,J06.9,1064,1017,APPROVED,2024-12-31,2025-01-08,Somchai Wattana,FWD Group,Vietnam
CLM-04209,POL-00414,Kanya Wattana,OUTPATIENT,K21.0,4462,3343,APPROVED,2024-05-23,2024-05-27,Wong Ka Ming,AIA Insurance,Thailand
CLM-04210,POL-00810,Tran Thi Mai,MATERNITY,O82,27198,25871,APPROVED,2024-09-15,2024-09-25,Nguyen Thi Lan,Prudential Life,Vietnam
CLM-04211,POL-00914,Do Van Long,DENTAL,K08.9,4223,0,REJECTED,2024-01-30,2024-02-04,Pranee Srisuwan,AIA Insurance,Vietnam
CLM-04212,POL-01636,Siriporn Wattana,OUTPATIENT,K21.0,3107,2758,APPROVED,2024-06-18,2024-06-20,Nguyen Thi Lan,FWD Group,Thailand
CLM-04213,POL-00568,Dang Quoc Bao,OUTPATIENT,J06.9,1745,1575,APPROVED,2024-05-15,2024-05-22,Nguyen Thi Lan,FWD Group,Vietnam
CLM-04214,POL-01817,Leung Kwok Wah,OUTPATIENT,M54.5,8542,7028,APPROVED,2024-02-12,2024-02-17,Nguyen Thi Lan,FWD Group,Hong Kong
CLM-04215,POL-02380,Cheung Wai Yan,MATERNITY,O82,112723,0,IN_REVIEW,2024-05-06,2024-05-11,Wong Ka Ming,Prudential Life,Hong Kong
CLM-04216,POL-01066,Malee Chaiyasit,OUTPATIENT,K21.0,2288,2237,APPROVED,2024-07-11,2024-07-15,Tran Van Minh,AIA Insurance,Thailand
CLM-04217,POL-02399,Pham Thu Huong,OUTPATIENT,A90,13089,11509,APPROVED,2024-07-24,2024-07-27,Wong Ka Ming,AIA Insurance,Vietnam
CLM-04218,POL-01676,Dang Quoc Bao,OUTPATIENT,E11.9,994,883,APPROVED,2024-08-15,2024-08-19,Somchai Wattana,AIA Insurance,Vietnam
CLM-04219,POL-00473,Anong Boonmee,MATERNITY,O82,38681,35884,APPROVED,2024-12-02,2024-12-04,Pranee Srisuwan,FWD Group,Thailand
CLM-04220,POL-01798,Do Van Long,OUTPATIENT,H10.9,12954,0,PENDING,2024-08-21,,Somchai Wattana,AIA Insurance,Vietnam
CLM-04221,POL-01933,Ngo Thi Thu,INPATIENT,N39.0,62289,0,PENDING,2024-02-27,,Wong Ka Ming,Prudential Life,Vietnam
CLM-04222,POL-01395,Chaiwat Saetang,OUTPATIENT,J06.9,6686,0,IN_REVIEW,2024-06-10,2024-06-13,Wong Ka Ming,Prudential Life,Thailand
CLM-04223,POL-00035,Kanya Wattana,INPATIENT,J45.909,252412,0,PENDING,2024-10-25,,Nguyen Thi Lan,AIA Insurance,Thailand
CLM-04224,POL-02041,Dang Quoc Bao,OUTPATIENT,M54.5,3220,2584,APPROVED,2024-11-20,2024-11-26,Pranee Srisuwan,Prudential Life,Vietnam
CLM-04225,POL-01465,Tran Thi Mai,DENTAL,K02.9,19771,18490,APPROVED,2024-03-08,2024-03-16,Pranee Srisuwan,FWD Group,Vietnam
CLM-04226,POL-01635,Anong Saetang,OUTPATIENT,J45.909,9438,0,PENDING,2024-11-25,,Wong Ka Ming,AIA Insurance,Thailand
CLM-04227,POL-00344,Pranee Chaiyasit,OUTPATIENT,H10.9,2604,2454,APPROVED,2024-07-29,2024-08-04,Nguyen Thi Lan,Prudential Life,Thailand
CLM-04228,POL-00254,Lee Tsz Ching,OUTPATIENT,E11.9,3276,2464,APPROVED,2024-12-05,2024-12-07,Somchai Wattana,AIA Insurance,Hong Kong
CLM-04229,POL-01898,Le Minh Tuan,OUTPATIENT,A09,5094,4590,APPROVED,2024-06-28,2024-07-09,Wong Ka Ming,AIA Insurance,Vietnam
CLM-04230,POL-00941,Do Van Long,OUTPATIENT,A09,3491,0,REJECTED,2024-03-15,2024-03-27,Tran Van Minh,AIA Insurance,Vietnam
CLM-04231,POL-00148,Siriporn Wattana,OUTPATIENT,K21.0,4334,3608,APPROVED,2024-01-30,2024-02-04,Nguyen Thi Lan,AIA Insurance,Thailand
CLM-04232,POL-01564,Kittisak Phongpanich,OUTPATIENT,A90,20425,17319,APPROVED,2024-05-11,2024-05-17,Wong Ka Ming,AIA Insurance,Thailand
CLM-04233,POL-00557,Kittisak Phongpanich,INPATIENT,E11.9,196430,138952,APPROVED,2024-08-22,2024-08-25,Somchai Wattana,Prudential Life,Thailand
CLM-04234,POL-01929,Ho Kwok Wah,OUTPATIENT,J06.9,6338,0,PENDING,2024-06-13,,Somchai Wattana,FWD Group,Hong Kong
CLM-04235,POL-01594,Hoang Duc Thang,DENTAL,K05.10,2084,1618,APPROVED,2024-10-23,2024-10-27,Wong Ka Ming,AIA Insurance,Vietnam
CLM-04236,POL-00610,Nguyen Van An,OUTPATIENT,M54.5,4045,2987,APPROVED,2024-04-22,2024-04-26,Somchai Wattana,Prudential Life,Vietnam
CLM-04237,POL-01661,Ho Yuen Man,OUTPATIENT,L30.9,2185,1796,APPROVED,2024-11-21,2024-11-23,Pranee Srisuwan,AIA Insurance,Hong Kong
CLM-04238,POL-01443,Dang Quoc Bao,DENTAL,K05.10,2532,2117,APPROVED,2024-07-09,2024-07-25,Tran Van Minh,Prudential Life,Vietnam
CLM-04239,POL-02321,Prasert Srisuwan,DENTAL,K02.9,4380,3933,APPROVED,2024-07-03,2024-07-07,Somchai Wattana,Prudential Life,Thailand
CLM-04240,POL-02259,Prasert Chaiyasit,DENTAL,K02.9,19353,18596,APPROVED,2024-06-28,2024-07-01,Nguyen Thi Lan,FWD Group,Thailand
CLM-04241,POL-01322,Niran Thongdee,OUTPATIENT,I10,2320,0,PENDING,2024-01-24,,Nguyen Thi Lan,FWD Group,Thailand
CLM-04242,POL-00498,Ho Tsz Ching,OUTPATIENT,M54.5,4773,3711,APPROVED,2024-07-05,2024-07-11,Pranee Srisuwan,Prudential Life,Hong Kong
CLM-04243,POL-00141,Kittisak Phongpanich,OUTPATIENT,L30.9,3030,0,IN_REVIEW,2024-11-19,2024-11-22,Somchai Wattana,Prudential Life,Thailand
CLM-04244,POL-00729,Prasert Thongdee,OUTPATIENT,N39.0,868,652,APPROVED,2024-06-19,2024-06-20,Somchai Wattana,Prudential Life,Thailand
CLM-04245,POL-00014,Pham Thu Huong,OUTPATIENT,E11.9,973,951,APPROVED,2024-03-27,2024-04-12,Tran Van Minh,FWD Group,Vietnam
CLM-04246,POL-02141,Do Van Long,DENTAL,K04.7,32732,0,IN_REVIEW,2024-09-10,2024-09-13,Pranee Srisuwan,AIA Insurance,Vietnam
CLM-04247,POL-01554,Nguyen Van An,OUTPATIENT,K21.0,1229,0,PENDING,2024-12-18,,Wong Ka Ming,FWD Group,Vietnam
CLM-04248,POL-00122,Somchai Saetang,MATERNITY,O80,86070,64601,APPROVED,2024-09-29,2024-10-09,Tran Van Minh,AIA Insurance,Thailand
CLM-04249,POL-01076,Hoang Duc Thang,INPATIENT,A09,246184,0,REJECTED,2024-12-14,2024-12-27,Wong Ka Ming,Prudential Life,Vietnam
CLM-04250,POL-01855,Somchai Srisuwan,INPATIENT,E11.9,38825,31024,APPROVED,2024-03-27,2024-04-12,Pranee Srisuwan,FWD Group,Thailand
CLM-04251,POL-02095,Somchai Phongpanich,OUTPATIENT,K21.0,2599,2506,APPROVED,2024-04-13,2024-04-21,Wong Ka Ming,AIA Insurance,Thailand
CLM-04252,POL-01994,Ng Siu Fung,DENTAL,K05.10,2131,1720,APPROVED,2024-01-16,2024-01-27,Tran Van Minh,Prudential Life,Hong Kong
CLM-04253,POL-01459,Tran Thi Mai,OUTPATIENT,J06.9,4153,4150,APPROVED,2024-01-30,2024-02-07,Tran Van Minh,Prudential Life,Vietnam
CLM-04254,POL-01063,Somchai Wattana,OUTPATIENT,M54.5,2045,1466,APPROVED,2024-03-03,2024-03-08,Pranee Srisuwan,AIA Insurance,Thailand
CLM-04255,POL-00829,Lau Wai Yan,OUTPATIENT,A90,13205,0,REJECTED,2024-02-06,2024-02-10,Tran Van Minh,AIA Insurance,Hong Kong
CLM-04256,POL-01756,Hoang Duc Thang,DENTAL,K05.10,888,803,APPROVED,2024-10-05,2024-10-16,Somchai Wattana,Prudential Life,Vietnam
CLM-04257,POL-01911,Prasert Chaiyasit,OUTPATIENT,J06.9,1373,1193,APPROVED,2024-07-02,2024-07-10,Tran Van Minh,AIA Insurance,Thailand
CLM-04258,POL-00115,Wong Tsz Ching,OUTPATIENT,K21.0,4321,0,REJECTED,2024-01-29,2024-02-08,Tran Van Minh,AIA Insurance,Hong Kong
CLM-04259,POL-00116,Vu Ngoc Anh,OUTPATIENT,A09,2803,2711,APPROVED,2024-11-16,2024-11-18,Somchai Wattana,FWD Group,Vietnam
CLM-04260,POL-01918,Pham Thu Huong,OUTPATIENT,L30.9,500,0,PENDING,2024-01-30,,Somchai Wattana,Prudential Life,Vietnam
CLM-04261,POL-00799,Bui Thanh Ha,OUTPATIENT,A09,13736,0,IN_REVIEW,2024-03-05,2024-03-16,Nguyen Thi Lan,AIA Insurance,Vietnam
CLM-04262,POL-00434,Pranee Saetang,OUTPATIENT,K21.0,2704,2001,APPROVED,2024-07-05,2024-07-13,Somchai Wattana,FWD Group,Thailand
CLM-04263,POL-01680,Bui Thanh Ha,DENTAL,K02.9,1520,1350,APPROVED,2024-01-26,2024-02-05,Nguyen Thi Lan,AIA Insurance,Vietnam
CLM-04264,POL-00229,Dang Quoc Bao,OUTPATIENT,J06.9,1676,1413,APPROVED,2024-09-06,2024-09-12,Nguyen Thi Lan,FWD Group,Vietnam
CLM-04265,POL-01557,Niran Phongpanich,OUTPATIENT,M54.5,3084,2860,APPROVED,2024-02-14,2024-02-18,Pranee Srisuwan,FWD Group,Thailand
CLM-04266,POL-01052,Lee Tsz Ching,INPATIENT,N39.0,58509,56529,APPROVED,2024-05-14,2024-05-17,Pranee Srisuwan,AIA Insurance,Hong Kong
CLM-04267,POL-02380,Cheung Wai Yan,INPATIENT,K35.80,14493,0,REJECTED,2024-03-08,2024-03-14,Wong Ka Ming,Prudential Life,Hong Kong
CLM-04268,POL-01190,Malee Wattana,OUTPATIENT,J06.9,2770,2596,APPROVED,2024-04-28,2024-04-30,Nguyen Thi Lan,Prudential Life,Thailand
CLM-04269,POL-00148,Siriporn Wattana,DENTAL,K05.10,2622,0,PENDING,2024-10-02,,Wong Ka Ming,AIA Insurance,Thailand
CLM-04270,POL-01337,Vu Ngoc Anh,MATERNITY,O80,119115,103217,APPROVED,2024-06-12,2024-07-01,Wong Ka Ming,Prudential Life,Vietnam
CLM-04271,POL-00023,Hoang Duc Thang,DENTAL,K05.10,10764,9214,APPROVED,2024-09-10,2024-09-17,Nguyen Thi Lan,FWD Group,Vietnam
CLM-04272,POL-00860,Anong Saetang,OUTPATIENT,E11.9,1622,1430,APPROVED,2024-07-14,2024-07-30,Tran Van Minh,AIA Insurance,Thailand
CLM-04273,POL-02372,Chaiwat Rattanaporn,DENTAL,K08.9,4151,3339,APPROVED,2024-02-07,2024-02-15,Wong Ka Ming,FWD Group,Thailand
CLM-04274,POL-00281,Tran Thi Mai,OUTPATIENT,A09,2553,1821,APPROVED,2024-04-16,2024-04-17,Somchai Wattana,FWD Group,Vietnam
CLM-04275,POL-00167,Bui Thanh Ha,OUTPATIENT,J06.9,5745,5455,APPROVED,2024-12-19,2024-12-23,Nguyen Thi Lan,Prudential Life,Vietnam
CLM-04276,POL-00773,Leung Siu Fung,DENTAL,K05.10,6015,0,REJECTED,2024-08-29,2024-09-04,Somchai Wattana,Prudential Life,Hong Kong
CLM-04277,POL-00753,Do Van Long,MATERNITY,O80,50117,40138,APPROVED,2024-09-30,2024-10-09,Somchai Wattana,Prudential Life,Vietnam
CLM-04278,POL-01662,Hoang Duc Thang,OUTPATIENT,A09,3260,0,REJECTED,2024-01-01,2024-01-05,Nguyen Thi Lan,AIA Insurance,Vietnam
CLM-04279,POL-00657,Siriporn Boonmee,DENTAL,K02.9,4102,3266,APPROVED,2024-12-15,2024-12-19,Somchai Wattana,Prudential Life,Thailand
CLM-04280,POL-02227,Ng Chi Keung,OUTPATIENT,A09,1519,0,REJECTED,2024-04-11,2024-04-15,Pranee Srisuwan,AIA Insurance,Hong Kong
CLM-04281,POL-01308,Niran Saetang,OUTPATIENT,E11.9,7970,0,IN_REVIEW,2024-03-23,2024-03-30,Somchai Wattana,Prudential Life,Thailand
CLM-04282,POL-00035,Kanya Wattana,OUTPATIENT,L30.9,13022,0,REJECTED,2024-06-02,2024-06-06,Nguyen Thi Lan,AIA Insurance,Thailand
CLM-04283,POL-00029,Malee Wattana,DENTAL,K05.10,3022,2440,APPROVED,2024-03-28,2024-04-08,Pranee Srisuwan,Prudential Life,Thailand
CLM-04284,POL-02389,Wong Siu Fung,OUTPATIENT,A09,1408,1135,APPROVED,2024-11-09,2024-11-17,Tran Van Minh,AIA Insurance,Hong Kong
CLM-04285,POL-01743,Ngo Thi Thu,INPATIENT,A90,371847,0,IN_REVIEW,2024-11-13,2024-11-19,Wong Ka Ming,Prudential Life,Vietnam
CLM-04286,POL-02286,Ng Chi Keung,OUTPATIENT,A90,5980,0,IN_REVIEW,2024-04-11,2024-04-18,Somchai Wattana,FWD Group,Hong Kong
CLM-04287,POL-00593,Anong Thongdee,OUTPATIENT,K21.0,4566,0,REJECTED,2024-08-22,2024-08-26,Nguyen Thi Lan,FWD Group,Thailand
CLM-04288,POL-02389,Wong Siu Fung,DENTAL,K02.9,11459,0,REJECTED,2024-02-15,2024-03-01,Nguyen Thi Lan,AIA Insurance,Hong Kong
CLM-04289,POL-00368,Ng Tsz Ching,OUTPATIENT,I10,2790,2384,APPROVED,2024-08-31,2024-09-14,Nguyen Thi Lan,AIA Insurance,Hong Kong
CLM-04290,POL-01625,Lau Mei Ling,OUTPATIENT,N39.0,3868,3665,APPROVED,2024-02-16,2024-02-20,Wong Ka Ming,Prudential Life,Hong Kong
CLM-04291,POL-00809,Wong Siu Fung,OUTPATIENT,A09,2115,2026,APPROVED,2024-08-11,2024-08-22,Pranee Srisuwan,Prudential Life,Hong Kong
CLM-04292,POL-01669,Kittisak Rattanaporn,DENTAL,K02.9,8277,6346,APPROVED,2024-03-20,2024-03-24,Nguyen Thi Lan,Prudential Life,Thailand
CLM-04293,POL-02019,Siriporn Srisuwan,OUTPATIENT,N39.0,1362,1134,APPROVED,2024-02-10,2024-02-13,Somchai Wattana,Prudential Life,Thailand
CLM-04294,POL-01752,Malee Saetang,DENTAL,K02.9,947,0,PENDING,2024-08-17,,Nguyen Thi Lan,AIA Insurance,Thailand
CLM-04295,POL-01288,Leung Tsz Ching,OUTPATIENT,M54.5,1096,0,REJECTED,2024-02-25,2024-03-01,Tran Van Minh,FWD Group,Hong Kong
CLM-04296,POL-02260,Nguyen Van An,OUTPATIENT,M54.5,1333,0,IN_REVIEW,2024-03-22,2024-04-02,Somchai Wattana,AIA Insurance,Vietnam
CLM-04297,POL-00479,Pranee Chaiyasit,DENTAL,K04.7,3709,2965,APPROVED,2024-08-22,2024-08-28,Somchai Wattana,FWD Group,Thailand
CLM-04298,POL-00196,Chan Ka Ming,OUTPATIENT,I10,3935,3426,APPROVED,2024-11-15,2024-11-23,Wong Ka Ming,AIA Insurance,Hong Kong
CLM-04299,POL-00183,Lee Tsz Ching,OUTPATIENT,J45.909,3584,2883,APPROVED,2024-10-16,2024-10-31,Wong Ka Ming,AIA Insurance,Hong Kong
CLM-04300,POL-02187,Pham Thu Huong,OUTPATIENT,N39.0,4265,3737,APPROVED,2024-01-17,2024-01-20,Tran Van Minh,Prudential Life,Vietnam
CLM-04301,POL-01805,Nguyen Van An,OUTPATIENT,I10,1724,0,IN_REVIEW,2024-09-13,2024-09-20,Tran Van Minh,AIA Insurance,Vietnam
CLM-04302,POL-01349,Kittisak Chaiyasit,OUTPATIENT,I10,9782,0,REJECTED,2024-04-10,2024-04-14,Tran Van Minh,Prudential Life,Thailand
CLM-04303,POL-01673,Chan Sau Lan,OUTPATIENT,J45.909,768,637,APPROVED,2024-02-23,2024-02-28,Nguyen Thi Lan,Prudential Life,Hong Kong
CLM-04304,POL-02310,Prasert Boonmee,OUTPATIENT,M54.5,1402,1163,APPROVED,2024-11-24,2024-12-03,Wong Ka Ming,AIA Insurance,Thailand
CLM-04305,POL-01848,Kanya Wattana,OUTPATIENT,M54.5,5083,0,REJECTED,2024-01-23,2024-01-28,Pranee Srisuwan,Prudential Life,Thailand
CLM-04306,POL-00521,Niran Boonmee,OUTPATIENT,E11.9,5709,5649,APPROVED,2024-11-22,2024-11-26,Wong Ka Ming,FWD Group,Thailand
CLM-04307,POL-00013,Vu Ngoc Anh,OUTPATIENT,M54.5,1390,1381,APPROVED,2024-11-06,2024-11-16,Nguyen Thi Lan,AIA Insurance,Vietnam
CLM-04308,POL-01825,Do Van Long,OUTPATIENT,J06.9,2323,2214,APPROVED,2024-03-23,2024-03-27,Somchai Wattana,AIA Insurance,Vietnam
CLM-04309,POL-00136,Tran Thi Mai,OUTPATIENT,I10,14432,0,REJECTED,2024-02-22,2024-02-25,Pranee Srisuwan,AIA Insurance,Vietnam
CLM-04310,POL-00408,Vu Ngoc Anh,OUTPATIENT,J45.909,7044,0,REJECTED,2024-01-21,2024-01-27,Wong Ka Ming,Prudential Life,Vietnam
CLM-04311,POL-01560,Dang Quoc Bao,OUTPATIENT,N39.0,2824,0,REJECTED,2024-10-11,2024-10-13,Somchai Wattana,AIA Insurance,Vietnam
CLM-04312,POL-00341,Somchai Boonmee,OUTPATIENT,A09,2195,2184,APPROVED,2024-06-23,2024-06-27,Somchai Wattana,Prudential Life,Thailand
CLM-04313,POL-00175,Chan Tsz Ching,OUTPATIENT,J06.9,4207,0,PENDING,2024-06-28,,Tran Van Minh,Prudential Life,Hong Kong
CLM-04314,POL-00550,Pham Thu Huong,OUTPATIENT,M54.5,1246,1164,APPROVED,2024-01-22,2024-01-25,Wong Ka Ming,FWD Group,Vietnam
CLM-04315,POL-00896,Siriporn Wattana,DENTAL,K02.9,15260,11013,APPROVED,2024-07-28,2024-08-01,Pranee Srisuwan,FWD Group,Thailand
CLM-04316,POL-01099,Vu Ngoc Anh,INPATIENT,E11.9,35294,0,REJECTED,2024-08-10,2024-08-14,Pranee Srisuwan,AIA Insurance,Vietnam
CLM-04317,POL-01250,Siriporn Phongpanich,OUTPATIENT,M54.5,2823,2092,APPROVED,2024-05-19,2024-05-25,Pranee Srisuwan,FWD Group,Thailand
CLM-04318,POL-01144,Tran Thi Mai,DENTAL,K05.10,4319,4008,APPROVED,2024-09-09,2024-09-13,Pranee Srisuwan,Prudential Life,Vietnam
CLM-04319,POL-00740,Kanya Srisuwan,OUTPATIENT,N39.0,564,499,APPROVED,2024-02-06,2024-02-12,Tran Van Minh,AIA Insurance,Thailand
CLM-04320,POL-01799,Bui Thanh Ha,DENTAL,K08.9,1397,1105,APPROVED,2024-04-08,2024-04-19,Pranee Srisuwan,FWD Group,Vietnam
CLM-04321,POL-01512,Anong Chaiyasit,OUTPATIENT,J45.909,8290,0,IN_REVIEW,2024-07-11,2024-07-14,Wong Ka Ming,FWD Group,Thailand
CLM-04322,POL-00663,Le Minh Tuan,OUTPATIENT,M54.5,9546,0,REJECTED,2024-09-08,2024-09-23,Tran Van Minh,AIA Insurance,Vietnam
CLM-04323,POL-01085,Niran Rattanaporn,INPATIENT,A09,25979,20054,APPROVED,2024-04-04,2024-04-13,Pranee Srisuwan,Prudential Life,Thailand
CLM-04324,POL-02327,Prasert Srisuwan,INPATIENT,A09,22941,22475,APPROVED,2024-07-21,2024-07-31,Nguyen Thi Lan,Prudential Life,Thailand
CLM-04325,POL-01018,Le Minh Tuan,INPATIENT,S72.001A,80032,71668,APPROVED,2024-09-13,2024-09-15,Wong Ka Ming,AIA Insurance,Vietnam
CLM-04326,POL-00018,Leung Wai Yan,DENTAL,K05.10,2778,0,IN_REVIEW,2024-04-11,2024-04-25,Nguyen Thi Lan,AIA Insurance,Hong Kong
CLM-04327,POL-00412,Tran Thi Mai,OUTPATIENT,A09,3570,0,REJECTED,2024-07-13,2024-07-18,Pranee Srisuwan,Prudential Life,Vietnam
CLM-04328,POL-02224,Dang Quoc Bao,OUTPATIENT,A09,5277,3717,APPROVED,2024-03-22,2024-04-01,Pranee Srisuwan,Prudential Life,Vietnam
CLM-04329,POL-02013,Cheung Ho Yin,OUTPATIENT,N39.0,5761,0,REJECTED,2024-01-26,2024-02-01,Somchai Wattana,AIA Insurance,Hong Kong
CLM-04330,POL-01047,Leung Chi Keung,INPATIENT,J45.909,315083,0,REJECTED,2024-02-15,2024-02-26,Pranee Srisuwan,FWD Group,Hong Kong
CLM-04331,POL-02131,Le Minh Tuan,MATERNITY,O82,48168,0,IN_REVIEW,2024-03-22,2024-03-27,Nguyen Thi Lan,Prudential Life,Vietnam
CLM-04332,POL-01027,Somchai Wattana,OUTPATIENT,M54.5,2173,2140,APPROVED,2024-11-19,2024-11-30,Tran Van Minh,Prudential Life,Thailand
CLM-04333,POL-01802,Hoang Duc Thang,OUTPATIENT,J45.909,1129,0,PENDING,2024-11-27,,Pranee Srisuwan,AIA Insurance,Vietnam
CLM-04334,POL-00171,Hoang Duc Thang,OUTPATIENT,I10,9938,0,REJECTED,2024-01-27,2024-02-04,Wong Ka Ming,Prudential Life,Vietnam
CLM-04335,POL-00121,Lau Yuen Man,INPATIENT,N39.0,82939,77969,APPROVED,2024-11-03,2024-11-06,Tran Van Minh,Prudential Life,Hong Kong
CLM-04336,POL-01743,Ngo Thi Thu,MATERNITY,O82,63851,0,PENDING,2024-05-02,,Nguyen Thi Lan,Prudential Life,Vietnam
CLM-04337,POL-00367,Chaiwat Wattana,OUTPATIENT,A09,1618,1410,APPROVED,2024-03-04,2024-03-10,Wong Ka Ming,FWD Group,Thailand
CLM-04338,POL-02283,Lau Wai Yan,INPATIENT,A09,54289,43562,APPROVED,2024-08-22,2024-08-28,Pranee Srisuwan,Prudential Life,Hong Kong
CLM-04339,POL-00537,Vu Ngoc Anh,DENTAL,K04.7,4314,3057,APPROVED,2024-03-21,2024-03-24,Nguyen Thi Lan,FWD Group,Vietnam
CLM-04340,POL-01313,Siriporn Wattana,OUTPATIENT,K21.0,776,701,APPROVED,2024-06-14,2024-06-23,Somchai Wattana,AIA Insurance,Thailand
CLM-04341,POL-01152,Somchai Phongpanich,DENTAL,K02.9,4895,3892,APPROVED,2024-10-12,2024-10-14,Somchai Wattana,FWD Group,Thailand
CLM-04342,POL-00695,Bui Thanh Ha,OUTPATIENT,J45.909,6108,0,PENDING,2024-01-04,,Tran Van Minh,FWD Group,Vietnam
CLM-04343,POL-00211,Prasert Srisuwan,MATERNITY,O80,92241,70457,APPROVED,2024-08-22,2024-08-30,Tran Van Minh,AIA Insurance,Thailand
CLM-04344,POL-01762,Tran Thi Mai,OUTPATIENT,A90,3165,0,REJECTED,2024-01-10,2024-01-15,Nguyen Thi Lan,Prudential Life,Vietnam
CLM-04345,POL-01906,Chaiwat Rattanaporn,OUTPATIENT,J06.9,4185,3064,APPROVED,2024-12-08,2024-12-18,Tran Van Minh,Prudential Life,Thailand
CLM-04346,POL-01325,Lee Kwok Wah,OUTPATIENT,K21.0,5720,5293,APPROVED,2024-08-01,2024-08-10,Tran Van Minh,FWD Group,Hong Kong
CLM-04347,POL-02293,Siriporn Phongpanich,DENTAL,K02.9,6397,0,IN_REVIEW,2024-12-10,2024-12-16,Pranee Srisuwan,AIA Insurance,Thailand
CLM-04348,POL-01052,Lee Tsz Ching,INPATIENT,K35.80,81714,0,REJECTED,2024-12-12,2024-12-21,Nguyen Thi Lan,AIA Insurance,Hong Kong
CLM-04349,POL-00265,Prasert Saetang,OUTPATIENT,A09,12989,0,IN_REVIEW,2024-08-15,2024-08-23,Nguyen Thi Lan,FWD Group,Thailand
CLM-04350,POL-02399,Pham Thu Huong,OUTPATIENT,K21.0,10920,7699,APPROVED,2024-03-15,2024-03-27,Nguyen Thi Lan,AIA Insurance,Vietnam
CLM-04351,POL-00428,Lee Ho Yin,DENTAL,K05.10,5397,4556,APPROVED,2024-07-23,2024-08-03,Somchai Wattana,Prudential Life,Hong Kong
CLM-04352,POL-00705,Pham Thu Huong,OUTPATIENT,I10,803,696,APPROVED,2024-05-28,2024-06-04,Nguyen Thi Lan,FWD Group,Vietnam
CLM-04353,POL-00288,Chan Ho Yin,OUTPATIENT,I10,2664,0,REJECTED,2024-01-14,2024-01-17,Tran Van Minh,AIA Insurance,Hong Kong
CLM-04354,POL-01985,Anong Srisuwan,DENTAL,K02.9,3762,0,REJECTED,2024-05-06,2024-05-09,Nguyen Thi Lan,AIA Insurance,Thailand
CLM-04355,POL-02342,Malee Srisuwan,OUTPATIENT,L30.9,3330,0,REJECTED,2024-12-16,2024-12-30,Tran Van Minh,Prudential Life,Thailand
CLM-04356,POL-00634,Pranee Rattanaporn,OUTPATIENT,K21.0,1771,1675,APPROVED,2024-08-15,2024-08-18,Wong Ka Ming,AIA Insurance,Thailand
CLM-04357,POL-00588,Niran Boonmee,OUTPATIENT,I10,12651,12266,APPROVED,2024-10-13,2024-10-15,Nguyen Thi Lan,AIA Insurance,Thailand
CLM-04358,POL-00183,Lee Tsz Ching,INPATIENT,A09,139101,110345,APPROVED,2024-11-21,2024-12-06,Nguyen Thi Lan,AIA Insurance,Hong Kong
CLM-04359,POL-01081,Siriporn Rattanaporn,OUTPATIENT,J06.9,1829,1531,APPROVED,2024-03-14,2024-03-20,Nguyen Thi Lan,AIA Insurance,Thailand
CLM-04360,POL-01069,Ngo Thi Thu,OUTPATIENT,J45.909,1025,0,IN_REVIEW,2024-11-11,2024-11-22,Tran Van Minh,AIA Insurance,Vietnam
CLM-04361,POL-00389,Dang Quoc Bao,OUTPATIENT,A09,500,0,IN_REVIEW,2024-11-17,2024-11-21,Pranee Srisuwan,Prudential Life,Vietnam
CLM-04362,POL-01703,Ng Mei Ling,OUTPATIENT,H10.9,5303,4299,APPROVED,2024-08-17,2024-08-26,Somchai Wattana,FWD Group,Hong Kong
CLM-04363,POL-01609,Leung Ka Ming,OUTPATIENT,J06.9,3433,0,IN_REVIEW,2024-05-03,2024-05-04,Wong Ka Ming,Prudential Life,Hong Kong
CLM-04364,POL-01723,Prasert Chaiyasit,OUTPATIENT,J06.9,2693,2449,APPROVED,2024-11-11,2024-12-01,Somchai Wattana,AIA Insurance,Thailand
CLM-04365,POL-00628,Ng Mei Ling,DENTAL,K05.10,26680,0,IN_REVIEW,2024-09-13,2024-09-18,Pranee Srisuwan,AIA Insurance,Hong Kong
CLM-04366,POL-01214,Lau Siu Fung,OUTPATIENT,J06.9,48438,36546,APPROVED,2024-08-30,2024-09-04,Pranee Srisuwan,AIA Insurance,Hong Kong
CLM-04367,POL-00342,Ho Chi Keung,OUTPATIENT,M54.5,6674,0,REJECTED,2024-03-15,2024-03-22,Pranee Srisuwan,AIA Insurance,Hong Kong
CLM-04368,POL-02168,Prasert Boonmee,OUTPATIENT,J06.9,12632,9111,APPROVED,2024-02-08,2024-02-14,Pranee Srisuwan,Prudential Life,Thailand
CLM-04369,POL-00144,Pranee Chaiyasit,INPATIENT,E11.9,51215,0,IN_REVIEW,2024-04-09,2024-04-11,Wong Ka Ming,Prudential Life,Thailand
CLM-04370,POL-01174,Tran Thi Mai,INPATIENT,A90,39824,32764,APPROVED,2024-04-18,2024-04-21,Nguyen Thi Lan,AIA Insurance,Vietnam
CLM-04371,POL-01539,Leung Siu Fung,DENTAL,K02.9,2083,1909,APPROVED,2024-08-09,2024-08-13,Tran Van Minh,FWD Group,Hong Kong
CLM-04372,POL-02265,Leung Yuen Man,OUTPATIENT,A90,2649,2461,APPROVED,2024-06-01,2024-06-03,Tran Van Minh,FWD Group,Hong Kong
CLM-04373,POL-01874,Wong Ho Yin,OUTPATIENT,M54.5,579,0,PENDING,2024-03-31,,Wong Ka Ming,AIA Insurance,Hong Kong
CLM-04374,POL-00665,Niran Saetang,OUTPATIENT,L30.9,2665,0,REJECTED,2024-05-15,2024-06-02,Wong Ka Ming,AIA Insurance,Thailand
CLM-04375,POL-02104,Wong Siu Fung,OUTPATIENT,K21.0,1133,1077,APPROVED,2024-09-16,2024-09-24,Nguyen Thi Lan,AIA Insurance,Hong Kong
CLM-04376,POL-01073,Nguyen Van An,MATERNITY,O82,71855,59333,APPROVED,2024-11-22,2024-12-12,Pranee Srisuwan,FWD Group,Vietnam
CLM-04377,POL-01218,Anong Srisuwan,MATERNITY,O82,38956,35731,APPROVED,2024-03-28,2024-04-02,Somchai Wattana,FWD Group,Thailand
CLM-04378,POL-00741,Anong Thongdee,INPATIENT,N39.0,65767,47019,APPROVED,2024-09-24,2024-09-30,Wong Ka Ming,FWD Group,Thailand
CLM-04379,POL-02196,Kanya Wattana,OUTPATIENT,M54.5,1590,1192,APPROVED,2024-07-22,2024-08-01,Somchai Wattana,FWD Group,Thailand
CLM-04380,POL-01251,Malee Chaiyasit,OUTPATIENT,J06.9,842,615,APPROVED,2024-03-07,2024-03-11,Nguyen Thi Lan,AIA Insurance,Thailand
CLM-04381,POL-01557,Niran Phongpanich,OUTPATIENT,I10,599,0,REJECTED,2024-10-01,2024-10-15,Wong Ka Ming,FWD Group,Thailand
CLM-04382,POL-01155,Tran Thi Mai,OUTPATIENT,H10.9,3899,3539,APPROVED,2024-02-05,2024-02-11,Nguyen Thi Lan,AIA Insurance,Vietnam
CLM-04383,POL-01128,Ngo Thi Thu,INPATIENT,J18.9,149358,128463,APPROVED,2024-11-04,2024-11-25,Somchai Wattana,FWD Group,Vietnam
CLM-04384,POL-01524,Lau Ka Ming,OUTPATIENT,A09,6028,0,REJECTED,2024-06-24,2024-06-30,Nguyen Thi Lan,AIA Insurance,Hong Kong
CLM-04385,POL-01664,Somchai Wattana,OUTPATIENT,M54.5,1029,870,APPROVED,2024-06-07,2024-06-10,Somchai Wattana,AIA Insurance,Thailand
CLM-04386,POL-01409,Chan Mei Ling,DENTAL,K02.9,5430,0,REJECTED,2024-02-14,2024-02-19,Nguyen Thi Lan,AIA Insurance,Hong Kong
CLM-04387,POL-01768,Ng Ho Yin,OUTPATIENT,A09,6892,6845,APPROVED,2024-12-15,2024-12-22,Tran Van Minh,FWD Group,Hong Kong
CLM-04388,POL-02155,Wong Tsz Ching,OUTPATIENT,M54.5,2906,2865,APPROVED,2024-05-21,2024-05-30,Wong Ka Ming,AIA Insurance,Hong Kong
CLM-04389,POL-00136,Tran Thi Mai,INPATIENT,A09,68181,0,PENDING,2024-10-21,,Nguyen Thi Lan,AIA Insurance,Vietnam
CLM-04390,POL-00468,Leung Sau Lan,INPATIENT,J18.9,259179,0,IN_REVIEW,2024-05-28,2024-05-31,Tran Van Minh,FWD Group,Hong Kong
CLM-04391,POL-00761,Vu Ngoc Anh,OUTPATIENT,J06.9,3033,2637,APPROVED,2024-04-05,2024-04-08,Wong Ka Ming,Prudential Life,Vietnam
CLM-04392,POL-01008,Ng Sau Lan,INPATIENT,J18.9,94975,0,IN_REVIEW,2024-11-15,2024-11-19,Somchai Wattana,Prudential Life,Hong Kong
CLM-04393,POL-01171,Chan Tsz Ching,OUTPATIENT,J06.9,12849,11691,APPROVED,2024-02-01,2024-02-07,Pranee Srisuwan,Prudential Life,Hong Kong
CLM-04394,POL-01469,Cheung Wai Yan,DENTAL,K08.9,674,666,APPROVED,2024-11-16,2024-12-05,Tran Van Minh,AIA Insurance,Hong Kong
CLM-04395,POL-01784,Hoang Duc Thang,OUTPATIENT,K21.0,1588,0,PENDING,2024-06-22,,Wong Ka Ming,AIA Insurance,Vietnam
CLM-04396,POL-00942,Chaiwat Saetang,OUTPATIENT,J45.909,12308,0,IN_REVIEW,2024-11-30,2024-12-16,Pranee Srisuwan,AIA Insurance,Thailand
CLM-04397,POL-01106,Kittisak Wattana,OUTPATIENT,N39.0,1319,1097,APPROVED,2024-11-08,2024-11-13,Pranee Srisuwan,FWD Group,Thailand
CLM-04398,POL-00046,Chaiwat Chaiyasit,MATERNITY,O80,75551,68429,APPROVED,2024-03-14,2024-03-18,Somchai Wattana,AIA Insurance,Thailand
CLM-04399,POL-01941,Kanya Thongdee,OUTPATIENT,A09,1511,1304,APPROVED,2024-04-19,2024-04-22,Somchai Wattana,AIA Insurance,Thailand
CLM-04400,POL-00563,Leung Ho Yin,OUTPATIENT,L30.9,3054,2962,APPROVED,2024-06-03,2024-06-13,Pranee Srisuwan,FWD Group,Hong Kong
CLM-04401,POL-00596,Siriporn Wattana,DENTAL,K02.9,9862,8860,APPROVED,2024-05-28,2024-06-27,Pranee Srisuwan,AIA Insurance,Thailand
CLM-04402,POL-00771,Lau Ka Ming,OUTPATIENT,K21.0,1045,844,APPROVED,2024-03-12,2024-03-20,Somchai Wattana,AIA Insurance,Hong Kong
CLM-04403,POL-01789,Nguyen Van An,DENTAL,K02.9,2525,2031,APPROVED,2024-12-22,2025-01-04,Pranee Srisuwan,AIA Insurance,Vietnam
CLM-04404,POL-01523,Ngo Thi Thu,OUTPATIENT,E11.9,2924,2532,APPROVED,2024-03-18,2024-03-22,Somchai Wattana,Prudential Life,Vietnam
CLM-04405,POL-01633,Prasert Thongdee,OUTPATIENT,J45.909,7347,6704,APPROVED,2024-11-13,2024-12-01,Nguyen Thi Lan,AIA Insurance,Thailand
CLM-04406,POL-00754,Siriporn Srisuwan,OUTPATIENT,A09,4247,3795,APPROVED,2024-03-25,2024-04-07,Wong Ka Ming,AIA Insurance,Thailand
CLM-04407,POL-01841,Bui Thanh Ha,OUTPATIENT,A90,3020,0,REJECTED,2024-03-04,2024-03-09,Nguyen Thi Lan,AIA Insurance,Vietnam
CLM-04408,POL-00740,Kanya Srisuwan,OUTPATIENT,H10.9,57578,0,REJECTED,2024-02-26,2024-03-07,Pranee Srisuwan,AIA Insurance,Thailand
CLM-04409,POL-02286,Ng Chi Keung,OUTPATIENT,A09,650,0,PENDING,2024-02-06,,Wong Ka Ming,FWD Group,Hong Kong
CLM-04410,POL-00253,Siriporn Chaiyasit,DENTAL,K02.9,8808,7845,APPROVED,2024-10-04,2024-10-07,Nguyen Thi Lan,FWD Group,Thailand
CLM-04411,POL-01530,Ho Yuen Man,INPATIENT,A90,27552,26007,APPROVED,2024-05-25,2024-05-27,Somchai Wattana,FWD Group,Hong Kong
CLM-04412,POL-01139,Pham Thu Huong,MATERNITY,O82,42409,0,REJECTED,2024-08-06,2024-08-16,Wong Ka Ming,FWD Group,Vietnam
CLM-04413,POL-01046,Lee Kwok Wah,OUTPATIENT,E11.9,1514,1417,APPROVED,2024-09-25,2024-09-30,Tran Van Minh,AIA Insurance,Hong Kong
CLM-04414,POL-00665,Niran Saetang,OUTPATIENT,I10,2546,2083,APPROVED,2024-07-05,2024-07-10,Pranee Srisuwan,AIA Insurance,Thailand
CLM-04415,POL-01541,Anong Chaiyasit,OUTPATIENT,K21.0,1500,1198,APPROVED,2024-12-08,2024-12-12,Wong Ka Ming,FWD Group,Thailand
CLM-04416,POL-01021,Anong Saetang,INPATIENT,A09,89864,88118,APPROVED,2024-12-16,2024-12-20,Somchai Wattana,Prudential Life,Thailand
CLM-04417,POL-00811,Ngo Thi Thu,OUTPATIENT,I10,1131,827,APPROVED,2024-12-30,2025-01-17,Pranee Srisuwan,FWD Group,Vietnam
CLM-04418,POL-01942,Pham Thu Huong,INPATIENT,K35.80,153233,111781,APPROVED,2024-01-16,2024-01-24,Pranee Srisuwan,AIA Insurance,Vietnam
CLM-04419,POL-02105,Malee Phongpanich,INPATIENT,N39.0,125854,123075,APPROVED,2024-09-22,2024-09-27,Nguyen Thi Lan,Prudential Life,Thailand
CLM-04420,POL-01940,Malee Phongpanich,INPATIENT,A90,325281,319943,APPROVED,2024-11-23,2024-12-07,Wong Ka Ming,FWD Group,Thailand
CLM-04421,POL-02172,Lau Ka Ming,OUTPATIENT,I10,2223,0,IN_REVIEW,2024-11-09,2024-11-18,Tran Van Minh,FWD Group,Hong Kong
CLM-04422,POL-01077,Nguyen Van An,OUTPATIENT,I10,4762,0,IN_REVIEW,2024-02-23,2024-03-04,Tran Van Minh,FWD Group,Vietnam
CLM-04423,POL-02063,Dang Quoc Bao,OUTPATIENT,J06.9,2263,2012,APPROVED,2024-07-02,2024-07-13,Nguyen Thi Lan,AIA Insurance,Vietnam
CLM-04424,POL-00289,Hoang Duc Thang,INPATIENT,J45.909,108576,0,IN_REVIEW,2024-03-23,2024-04-03,Pranee Srisuwan,AIA Insurance,Vietnam
CLM-04425,POL-01154,Somchai Thongdee,INPATIENT,A09,32110,0,REJECTED,2024-06-09,2024-06-16,Wong Ka Ming,AIA Insurance,Thailand
CLM-04426,POL-01268,Prasert Wattana,OUTPATIENT,J06.9,3570,0,IN_REVIEW,2024-12-31,2025-01-09,Tran Van Minh,FWD Group,Thailand
CLM-04427,POL-01832,Ng Mei Ling,OUTPATIENT,I10,1335,1230,APPROVED,2024-12-09,2024-12-16,Tran Van Minh,AIA Insurance,Hong Kong
CLM-04428,POL-00784,Cheung Sau Lan,OUTPATIENT,J06.9,13605,11705,APPROVED,2024-05-24,2024-05-28,Nguyen Thi Lan,AIA Insurance,Hong Kong
CLM-04429,POL-00085,Anong Saetang,DENTAL,K08.9,5758,4461,APPROVED,2024-05-12,2024-05-16,Nguyen Thi Lan,FWD Group,Thailand
CLM-04430,POL-01638,Pranee Phongpanich,OUTPATIENT,A09,3793,3522,APPROVED,2024-02-02,2024-02-07,Wong Ka Ming,Prudential Life,Thailand
CLM-04431,POL-00618,Siriporn Boonmee,OUTPATIENT,J06.9,754,0,PENDING,2024-04-21,,Tran Van Minh,AIA Insurance,Thailand
CLM-04432,POL-01387,Ho Kwok Wah,INPATIENT,A90,12181,0,REJECTED,2024-01-06,2024-01-09,Somchai Wattana,Prudential Life,Hong Kong
CLM-04433,POL-00332,Ngo Thi Thu,OUTPATIENT,A90,749,0,IN_REVIEW,2024-09-30,2024-10-06,Somchai Wattana,Prudential Life,Vietnam
CLM-04434,POL-01669,Kittisak Rattanaporn,OUTPATIENT,A90,2021,1545,APPROVED,2024-05-15,2024-05-19,Pranee Srisuwan,Prudential Life,Thailand
CLM-04435,POL-01865,Cheung Tsz Ching,MATERNITY,O82,135624,117428,APPROVED,2024-12-10,2024-12-17,Wong Ka Ming,Prudential Life,Hong Kong
CLM-04436,POL-01982,Lee Kwok Wah,OUTPATIENT,A09,3350,2492,APPROVED,2024-05-06,2024-05-13,Tran Van Minh,AIA Insurance,Hong Kong
CLM-04437,POL-01500,Niran Saetang,OUTPATIENT,L30.9,2073,1956,APPROVED,2024-09-12,2024-09-16,Somchai Wattana,AIA Insurance,Thailand
CLM-04438,POL-01022,Pham Thu Huong,INPATIENT,J45.909,10225,8745,APPROVED,2024-10-27,2024-11-02,Wong Ka Ming,Prudential Life,Vietnam
CLM-04439,POL-01955,Tran Thi Mai,OUTPATIENT,I10,4654,3967,APPROVED,2024-09-25,2024-10-03,Wong Ka Ming,Prudential Life,Vietnam
CLM-04440,POL-00287,Kittisak Wattana,INPATIENT,J45.909,21786,0,REJECTED,2024-02-11,2024-02-13,Pranee Srisuwan,FWD Group,Thailand
CLM-04441,POL-01492,Do Van Long,OUTPATIENT,I10,5458,4840,APPROVED,2024-12-23,2025-01-01,Somchai Wattana,AIA Insurance,Vietnam
CLM-04442,POL-00863,Hoang Duc Thang,OUTPATIENT,J06.9,7267,5834,APPROVED,2024-05-05,2024-05-14,Nguyen Thi Lan,Prudential Life,Vietnam
CLM-04443,POL-01622,Niran Saetang,OUTPATIENT,I10,2120,0,IN_REVIEW,2024-10-26,2024-10-29,Pranee Srisuwan,Prudential Life,Thailand
CLM-04444,POL-00577,Dang Quoc Bao,OUTPATIENT,A09,4114,0,IN_REVIEW,2024-10-21,2024-10-23,Pranee Srisuwan,AIA Insurance,Vietnam
CLM-04445,POL-00296,Hoang Duc Thang,DENTAL,K04.7,17945,0,REJECTED,2024-07-18,2024-07-21,Wong Ka Ming,AIA Insurance,Vietnam
CLM-04446,POL-02184,Pranee Saetang,OUTPATIENT,I10,2961,2561,APPROVED,2024-04-02,2024-04-17,Wong Ka Ming,AIA Insurance,Thailand
CLM-04447,POL-01780,Nguyen Van An,OUTPATIENT,M54.5,2917,2557,APPROVED,2024-08-29,2024-09-08,Tran Van Minh,FWD Group,Vietnam
CLM-04448,POL-02311,Kittisak Thongdee,OUTPATIENT,J06.9,1954,0,REJECTED,2024-02-10,2024-02-16,Wong Ka Ming,AIA Insurance,Thailand
CLM-04449,POL-00395,Anong Thongdee,OUTPATIENT,J45.909,34554,0,IN_REVIEW,2024-06-18,2024-06-28,Somchai Wattana,Prudential Life,Thailand
CLM-04450,POL-01844,Tran Thi Mai,OUTPATIENT,M54.5,1123,0,IN_REVIEW,2024-09-21,2024-09-27,Tran Van Minh,Prudential Life,Vietnam
CLM-04451,POL-00034,Chan Ka Ming,OUTPATIENT,H10.9,3639,2843,APPROVED,2024-12-14,2024-12-20,Somchai Wattana,FWD Group,Hong Kong
CLM-04452,POL-02286,Ng Chi Keung,OUTPATIENT,E11.9,3390,2701,APPROVED,2024-07-05,2024-07-09,Tran Van Minh,FWD Group,Hong Kong
CLM-04453,POL-01139,Pham Thu Huong,OUTPATIENT,J06.9,1135,973,APPROVED,2024-12-21,2024-12-26,Wong Ka Ming,FWD Group,Vietnam
CLM-04454,POL-00449,Kittisak Phongpanich,OUTPATIENT,E11.9,922,0,IN_REVIEW,2024-04-11,2024-04-14,Nguyen Thi Lan,AIA Insurance,Thailand
CLM-04455,POL-00332,Ngo Thi Thu,INPATIENT,J45.909,187955,0,IN_REVIEW,2024-11-01,2024-11-14,Nguyen Thi Lan,Prudential Life,Vietnam
CLM-04456,POL-00416,Dang Quoc Bao,OUTPATIENT,J06.9,1722,1364,APPROVED,2024-09-15,2024-09-21,Tran Van Minh,AIA Insurance,Vietnam
CLM-04457,POL-01186,Kittisak Wattana,OUTPATIENT,A09,926,783,APPROVED,2024-08-21,2024-09-03,Somchai Wattana,AIA Insurance,Thailand
CLM-04458,POL-01183,Anong Srisuwan,DENTAL,K08.9,3851,3241,APPROVED,2024-07-20,2024-07-26,Pranee Srisuwan,AIA Insurance,Thailand
CLM-04459,POL-00731,Wong Yuen Man,DENTAL,K05.10,4810,4674,APPROVED,2024-08-08,2024-08-11,Pranee Srisuwan,Prudential Life,Hong Kong
CLM-04460,POL-01001,Siriporn Srisuwan,OUTPATIENT,M54.5,4754,4233,APPROVED,2024-11-18,2024-11-26,Wong Ka Ming,AIA Insurance,Thailand
CLM-04461,POL-01788,Bui Thanh Ha,OUTPATIENT,E11.9,9578,8083,APPROVED,2024-06-02,2024-06-07,Tran Van Minh,AIA Insurance,Vietnam
CLM-04462,POL-00679,Leung Chi Keung,DENTAL,K02.9,2047,1846,APPROVED,2024-01-15,2024-01-28,Wong Ka Ming,FWD Group,Hong Kong
CLM-04463,POL-01572,Le Minh Tuan,INPATIENT,A90,132528,130426,APPROVED,2024-01-09,2024-01-13,Somchai Wattana,Prudential Life,Vietnam
CLM-04464,POL-00217,Kanya Phongpanich,OUTPATIENT,J06.9,2261,1892,APPROVED,2024-04-06,2024-04-10,Wong Ka Ming,Prudential Life,Thailand
CLM-04465,POL-01944,Anong Thongdee,OUTPATIENT,K21.0,12569,0,REJECTED,2024-12-14,2024-12-21,Wong Ka Ming,FWD Group,Thailand
CLM-04466,POL-02223,Ngo Thi Thu,MATERNITY,O82,34121,0,PENDING,2024-02-20,,Somchai Wattana,AIA Insurance,Vietnam
CLM-04467,POL-02009,Somchai Chaiyasit,OUTPATIENT,J06.9,1702,1291,APPROVED,2024-03-08,2024-03-22,Nguyen Thi Lan,Prudential Life,Thailand
CLM-04468,POL-01652,Ho Tsz Ching,OUTPATIENT,J06.9,2100,1753,APPROVED,2024-10-24,2024-10-29,Pranee Srisuwan,FWD Group,Hong Kong
CLM-04469,POL-00195,Bui Thanh Ha,OUTPATIENT,A90,3744,3602,APPROVED,2024-05-18,2024-05-19,Nguyen Thi Lan,Prudential Life,Vietnam
CLM-04470,POL-00804,Somchai Rattanaporn,MATERNITY,O80,102717,76657,APPROVED,2024-03-29,2024-04-03,Nguyen Thi Lan,AIA Insurance,Thailand
CLM-04471,POL-00826,Kanya Rattanaporn,INPATIENT,A09,15040,14343,APPROVED,2024-11-06,2024-11-08,Somchai Wattana,FWD Group,Thailand
CLM-04472,POL-01016,Lee Sau Lan,OUTPATIENT,I10,6424,5928,APPROVED,2024-11-02,2024-11-13,Tran Van Minh,AIA Insurance,Hong Kong
CLM-04473,POL-01242,Pham Thu Huong,OUTPATIENT,A90,858,0,REJECTED,2024-09-14,2024-09-20,Tran Van Minh,AIA Insurance,Vietnam
CLM-04474,POL-01011,Chan Wai Yan,OUTPATIENT,M54.5,9716,0,IN_REVIEW,2024-11-25,2024-12-02,Wong Ka Ming,FWD Group,Hong Kong
CLM-04475,POL-02260,Nguyen Van An,OUTPATIENT,I10,1100,906,APPROVED,2024-03-26,2024-04-06,Nguyen Thi Lan,AIA Insurance,Vietnam
CLM-04476,POL-00318,Niran Rattanaporn,OUTPATIENT,A09,2092,1747,APPROVED,2024-01-01,2024-01-09,Tran Van Minh,FWD Group,Thailand
CLM-04477,POL-01599,Chaiwat Wattana,OUTPATIENT,M54.5,1416,0,PENDING,2024-09-03,,Tran Van Minh,Prudential Life,Thailand
CLM-04478,POL-01280,Siriporn Phongpanich,OUTPATIENT,L30.9,1292,912,APPROVED,2024-01-11,2024-01-14,Somchai Wattana,FWD Group,Thailand
CLM-04479,POL-02019,Siriporn Srisuwan,MATERNITY,O82,31307,0,PENDING,2024-04-22,,Tran Van Minh,Prudential Life,Thailand
CLM-04480,POL-01202,Ng Chi Keung,OUTPATIENT,A09,1645,0,REJECTED,2024-08-23,2024-09-07,Nguyen Thi Lan,Prudential Life,Hong Kong
CLM-04481,POL-00912,Prasert Srisuwan,OUTPATIENT,N39.0,6214,0,PENDING,2024-07-19,,Tran Van Minh,Prudential Life,Thailand
CLM-04482,POL-01116,Bui Thanh Ha,OUTPATIENT,I10,756,0,REJECTED,2024-04-09,2024-04-11,Wong Ka Ming,AIA Insurance,Vietnam
CLM-04483,POL-00825,Dang Quoc Bao,INPATIENT,S72.001A,11229,11154,APPROVED,2024-08-18,2024-08-20,Tran Van Minh,Prudential Life,Vietnam
CLM-04484,POL-00532,Siriporn Chaiyasit,OUTPATIENT,A09,4207,0,REJECTED,2024-02-04,2024-02-09,Somchai Wattana,FWD Group,Thailand
CLM-04485,POL-01962,Ho Siu Fung,OUTPATIENT,K21.0,6610,5433,APPROVED,2024-09-05,2024-09-18,Tran Van Minh,AIA Insurance,Hong Kong
CLM-04486,POL-00303,Somchai Srisuwan,OUTPATIENT,E11.9,1850,1506,APPROVED,2024-02-05,2024-03-03,Tran Van Minh,AIA Insurance,Thailand
CLM-04487,POL-01899,Tran Thi Mai,OUTPATIENT,A90,1553,1382,APPROVED,2024-06-29,2024-07-03,Somchai Wattana,Prudential Life,Vietnam
CLM-04488,POL-00267,Pranee Rattanaporn,OUTPATIENT,J06.9,4845,0,IN_REVIEW,2024-02-20,2024-02-29,Somchai Wattana,AIA Insurance,Thailand
CLM-04489,POL-00414,Kanya Wattana,OUTPATIENT,A09,2879,0,IN_REVIEW,2024-02-28,2024-03-06,Somchai Wattana,AIA Insurance,Thailand
CLM-04490,POL-00993,Wong Chi Keung,OUTPATIENT,I10,2143,0,IN_REVIEW,2024-04-03,2024-04-22,Tran Van Minh,Prudential Life,Hong Kong
CLM-04491,POL-02153,Pranee Chaiyasit,DENTAL,K02.9,5132,4065,APPROVED,2024-10-25,2024-10-30,Wong Ka Ming,AIA Insurance,Thailand
CLM-04492,POL-01754,Siriporn Phongpanich,MATERNITY,O82,94832,0,IN_REVIEW,2024-01-30,2024-02-05,Wong Ka Ming,FWD Group,Thailand
CLM-04493,POL-00711,Pham Thu Huong,OUTPATIENT,K21.0,9532,9202,APPROVED,2024-01-19,2024-01-27,Nguyen Thi Lan,AIA Insurance,Vietnam
CLM-04494,POL-02041,Dang Quoc Bao,OUTPATIENT,A09,1566,1433,APPROVED,2024-02-24,2024-03-03,Pranee Srisuwan,Prudential Life,Vietnam
CLM-04495,POL-02338,Tran Thi Mai,DENTAL,K04.7,1479,0,REJECTED,2024-12-03,2024-12-15,Nguyen Thi Lan,FWD Group,Vietnam
CLM-04496,POL-01619,Prasert Phongpanich,OUTPATIENT,M54.5,2386,2035,APPROVED,2024-04-11,2024-04-20,Nguyen Thi Lan,FWD Group,Thailand
CLM-04497,POL-00520,Niran Boonmee,OUTPATIENT,L30.9,4120,3354,APPROVED,2024-06-08,2024-06-16,Somchai Wattana,FWD Group,Thailand
CLM-04498,POL-00077,Malee Srisuwan,INPATIENT,J18.9,218221,0,PENDING,2024-03-29,,Nguyen Thi Lan,Prudential Life,Thailand
CLM-04499,POL-02330,Siriporn Thongdee,OUTPATIENT,N39.0,11809,8543,APPROVED,2024-11-21,2024-11-27,Somchai Wattana,Prudential Life,Thailand
CLM-04500,POL-00247,Kanya Wattana,INPATIENT,E11.9,172389,130996,APPROVED,2024-07-21,2024-07-26,Wong Ka Ming,AIA Insurance,Thailand
CLM-04501,POL-00512,Dang Quoc Bao,OUTPATIENT,N39.0,1641,0,REJECTED,2024-04-30,2024-05-09,Nguyen Thi Lan,Prudential Life,Vietnam
CLM-04502,POL-00105,Pranee Wattana,OUTPATIENT,A90,1597,1565,APPROVED,2024-05-22,2024-05-25,Nguyen Thi Lan,FWD Group,Thailand
CLM-04503,POL-00315,Chan Ka Ming,MATERNITY,O82,164553,124180,APPROVED,2024-02-24,2024-03-01,Nguyen Thi Lan,FWD Group,Hong Kong
CLM-04504,POL-02263,Ho Yuen Man,OUTPATIENT,A90,3884,2870,APPROVED,2024-09-22,2024-09-24,Tran Van Minh,FWD Group,Hong Kong
CLM-04505,POL-01171,Chan Tsz Ching,OUTPATIENT,K21.0,3367,2640,APPROVED,2024-05-06,2024-06-05,Pranee Srisuwan,Prudential Life,Hong Kong
CLM-04506,POL-00082,Somchai Wattana,OUTPATIENT,A09,1493,1297,APPROVED,2024-11-30,2024-12-05,Nguyen Thi Lan,AIA Insurance,Thailand
CLM-04507,POL-01872,Ngo Thi Thu,OUTPATIENT,H10.9,3262,3185,APPROVED,2024-12-02,2024-12-05,Pranee Srisuwan,Prudential Life,Vietnam
CLM-04508,POL-01004,Lau Mei Ling,DENTAL,K02.9,10785,0,REJECTED,2024-01-02,2024-01-07,Pranee Srisuwan,AIA Insurance,Hong Kong
CLM-04509,POL-00312,Pham Thu Huong,OUTPATIENT,A09,1364,1258,APPROVED,2024-05-12,2024-05-22,Wong Ka Ming,FWD Group,Vietnam
CLM-04510,POL-00412,Tran Thi Mai,INPATIENT,K35.80,22418,0,IN_REVIEW,2024-06-23,2024-06-27,Nguyen Thi Lan,Prudential Life,Vietnam
CLM-04511,POL-01221,Ng Chi Keung,OUTPATIENT,J45.909,4738,4258,APPROVED,2024-11-07,2024-11-11,Somchai Wattana,Prudential Life,Hong Kong
CLM-04512,POL-00671,Leung Kwok Wah,OUTPATIENT,J06.9,4760,4272,APPROVED,2024-11-15,2024-11-20,Somchai Wattana,Prudential Life,Hong Kong
CLM-04513,POL-01946,Dang Quoc Bao,OUTPATIENT,A09,1561,1543,APPROVED,2024-10-14,2024-10-17,Somchai Wattana,Prudential Life,Vietnam
CLM-04514,POL-01316,Ngo Thi Thu,OUTPATIENT,M54.5,9233,0,REJECTED,2024-09-11,2024-09-20,Tran Van Minh,AIA Insurance,Vietnam
CLM-04515,POL-00893,Chaiwat Wattana,INPATIENT,K35.80,209477,0,PENDING,2024-11-30,,Nguyen Thi Lan,Prudential Life,Thailand
CLM-04516,POL-02141,Do Van Long,OUTPATIENT,A90,15199,11575,APPROVED,2024-12-29,2025-01-03,Pranee Srisuwan,AIA Insurance,Vietnam
CLM-04517,POL-02250,Chan Chi Keung,DENTAL,K05.10,7352,6193,APPROVED,2024-06-29,2024-07-02,Somchai Wattana,AIA Insurance,Hong Kong
CLM-04518,POL-01106,Kittisak Wattana,DENTAL,K05.10,2020,0,REJECTED,2024-05-15,2024-05-27,Nguyen Thi Lan,FWD Group,Thailand
CLM-04519,POL-01689,Tran Thi Mai,OUTPATIENT,M54.5,8081,7850,APPROVED,2024-06-02,2024-06-15,Tran Van Minh,Prudential Life,Vietnam
CLM-04520,POL-01222,Hoang Duc Thang,OUTPATIENT,I10,1067,953,APPROVED,2024-06-19,2024-07-06,Nguyen Thi Lan,AIA Insurance,Vietnam
CLM-04521,POL-01317,Le Minh Tuan,OUTPATIENT,M54.5,1691,0,REJECTED,2024-07-23,2024-07-25,Somchai Wattana,FWD Group,Vietnam
CLM-04522,POL-01119,Wong Chi Keung,INPATIENT,A90,650563,616575,APPROVED,2024-04-19,2024-04-26,Tran Van Minh,Prudential Life,Hong Kong
CLM-04523,POL-01391,Vu Ngoc Anh,DENTAL,K02.9,5842,5191,APPROVED,2024-02-07,2024-02-09,Somchai Wattana,FWD Group,Vietnam
CLM-04524,POL-00933,Dang Quoc Bao,OUTPATIENT,E11.9,500,492,APPROVED,2024-02-25,2024-03-05,Pranee Srisuwan,AIA Insurance,Vietnam
CLM-04525,POL-01487,Dang Quoc Bao,OUTPATIENT,L30.9,2358,0,PENDING,2024-01-03,,Wong Ka Ming,Prudential Life,Vietnam
CLM-04526,POL-00345,Malee Chaiyasit,OUTPATIENT,J06.9,1425,1003,APPROVED,2024-05-31,2024-06-07,Somchai Wattana,FWD Group,Thailand
CLM-04527,POL-00627,Kittisak Boonmee,OUTPATIENT,J06.9,2086,0,IN_REVIEW,2024-01-28,2024-02-02,Tran Van Minh,Prudential Life,Thailand
CLM-04528,POL-01622,Niran Saetang,DENTAL,K02.9,3129,0,IN_REVIEW,2024-12-15,2024-12-18,Wong Ka Ming,Prudential Life,Thailand
CLM-04529,POL-02233,Cheung Tsz Ching,OUTPATIENT,I10,1790,0,IN_REVIEW,2024-08-05,2024-08-09,Wong Ka Ming,FWD Group,Hong Kong
CLM-04530,POL-02132,Leung Ho Yin,DENTAL,K08.9,12452,10988,APPROVED,2024-02-14,2024-02-20,Pranee Srisuwan,FWD Group,Hong Kong
CLM-04531,POL-01559,Cheung Sau Lan,OUTPATIENT,N39.0,5055,5032,APPROVED,2024-11-03,2024-11-10,Pranee Srisuwan,Prudential Life,Hong Kong
CLM-04532,POL-01531,Lee Kwok Wah,DENTAL,K05.10,2981,2593,APPROVED,2024-04-30,2024-05-01,Nguyen Thi Lan,AIA Insurance,Hong Kong
CLM-04533,POL-02259,Prasert Chaiyasit,DENTAL,K02.9,5598,5219,APPROVED,2024-04-14,2024-04-28,Nguyen Thi Lan,FWD Group,Thailand
CLM-04534,POL-00273,Anong Boonmee,MATERNITY,O82,57975,46438,APPROVED,2024-01-02,2024-01-10,Tran Van Minh,Prudential Life,Thailand
CLM-04535,POL-01846,Ng Sau Lan,DENTAL,K02.9,35245,0,PENDING,2024-11-28,,Wong Ka Ming,Prudential Life,Hong Kong
CLM-04536,POL-00146,Lau Tsz Ching,OUTPATIENT,J06.9,4086,3872,APPROVED,2024-07-27,2024-07-30,Pranee Srisuwan,Prudential Life,Hong Kong
CLM-04537,POL-01168,Nguyen Van An,OUTPATIENT,E11.9,20544,0,PENDING,2024-11-29,,Somchai Wattana,AIA Insurance,Vietnam
CLM-04538,POL-02162,Pranee Saetang,OUTPATIENT,A09,1461,1448,APPROVED,2024-05-21,2024-05-23,Somchai Wattana,Prudential Life,Thailand
CLM-04539,POL-01226,Dang Quoc Bao,MATERNITY,O80,89713,78065,APPROVED,2024-09-21,2024-09-23,Somchai Wattana,Prudential Life,Vietnam
CLM-04540,POL-00717,Kittisak Phongpanich,DENTAL,K08.9,4522,4014,APPROVED,2024-12-23,2025-01-02,Nguyen Thi Lan,Prudential Life,Thailand
CLM-04541,POL-02352,Cheung Yuen Man,DENTAL,K04.7,4811,3802,APPROVED,2024-08-18,2024-08-24,Nguyen Thi Lan,AIA Insurance,Hong Kong
CLM-04542,POL-01423,Pranee Rattanaporn,OUTPATIENT,J06.9,3262,2838,APPROVED,2024-01-29,2024-02-03,Wong Ka Ming,FWD Group,Thailand
CLM-04543,POL-02308,Hoang Duc Thang,MATERNITY,O82,127861,104823,APPROVED,2024-02-10,2024-02-26,Tran Van Minh,Prudential Life,Vietnam
CLM-04544,POL-00237,Malee Chaiyasit,OUTPATIENT,E11.9,2132,1624,APPROVED,2024-01-05,2024-01-20,Wong Ka Ming,FWD Group,Thailand
CLM-04545,POL-00998,Bui Thanh Ha,OUTPATIENT,A90,783,746,APPROVED,2024-11-11,2024-11-14,Somchai Wattana,FWD Group,Vietnam
CLM-04546,POL-00626,Somchai Boonmee,OUTPATIENT,M54.5,7211,6541,APPROVED,2024-12-30,2025-01-05,Somchai Wattana,FWD Group,Thailand
CLM-04547,POL-00676,Malee Thongdee,OUTPATIENT,J06.9,7094,7074,APPROVED,2024-06-15,2024-06-18,Somchai Wattana,Prudential Life,Thailand
CLM-04548,POL-00529,Niran Rattanaporn,OUTPATIENT,A90,6244,0,IN_REVIEW,2024-12-30,2024-12-31,Tran Van Minh,Prudential Life,Thailand
CLM-04549,POL-00273,Anong Boonmee,DENTAL,K02.9,6754,0,REJECTED,2024-05-31,2024-06-03,Somchai Wattana,Prudential Life,Thailand
CLM-04550,POL-02182,Pranee Wattana,OUTPATIENT,H10.9,4153,3182,APPROVED,2024-12-15,2024-12-18,Somchai Wattana,FWD Group,Thailand
CLM-04551,POL-00957,Malee Thongdee,INPATIENT,E11.9,155751,0,PENDING,2024-06-25,,Pranee Srisuwan,Prudential Life,Thailand
CLM-04552,POL-01497,Bui Thanh Ha,DENTAL,K02.9,5212,0,REJECTED,2024-06-01,2024-06-26,Pranee Srisuwan,Prudential Life,Vietnam
CLM-04553,POL-01636,Siriporn Wattana,INPATIENT,S72.001A,100210,70587,APPROVED,2024-02-27,2024-02-29,Tran Van Minh,FWD Group,Thailand
CLM-04554,POL-01942,Pham Thu Huong,OUTPATIENT,M54.5,585,0,REJECTED,2024-10-03,2024-10-10,Wong Ka Ming,AIA Insurance,Vietnam
CLM-04555,POL-01837,Vu Ngoc Anh,OUTPATIENT,E11.9,5312,0,IN_REVIEW,2024-09-01,2024-09-05,Nguyen Thi Lan,Prudential Life,Vietnam
CLM-04556,POL-02298,Lee Tsz Ching,DENTAL,K02.9,2639,0,IN_REVIEW,2024-01-02,2024-01-05,Somchai Wattana,FWD Group,Hong Kong
CLM-04557,POL-01395,Chaiwat Saetang,DENTAL,K04.7,7404,5267,APPROVED,2024-07-31,2024-08-08,Wong Ka Ming,Prudential Life,Thailand
CLM-04558,POL-00955,Siriporn Srisuwan,DENTAL,K02.9,3793,0,REJECTED,2024-08-14,2024-08-20,Pranee Srisuwan,Prudential Life,Thailand
CLM-04559,POL-01387,Ho Kwok Wah,OUTPATIENT,A90,3658,2702,APPROVED,2024-12-17,2024-12-24,Somchai Wattana,Prudential Life,Hong Kong
CLM-04560,POL-01466,Lau Tsz Ching,DENTAL,K05.10,1770,0,REJECTED,2024-02-18,2024-03-03,Tran Van Minh,Prudential Life,Hong Kong
CLM-04561,POL-01055,Chaiwat Wattana,DENTAL,K02.9,6396,4852,APPROVED,2024-05-03,2024-05-15,Tran Van Minh,AIA Insurance,Thailand
CLM-04562,POL-00746,Somchai Wattana,INPATIENT,J18.9,44408,40011,APPROVED,2024-09-25,2024-09-28,Nguyen Thi Lan,Prudential Life,Thailand
CLM-04563,POL-00133,Vu Ngoc Anh,DENTAL,K02.9,1826,0,PENDING,2024-08-17,,Somchai Wattana,Prudential Life,Vietnam
CLM-04564,POL-01143,Siriporn Saetang,INPATIENT,E11.9,44945,0,PENDING,2024-01-05,,Wong Ka Ming,AIA Insurance,Thailand
CLM-04565,POL-00478,Kittisak Boonmee,OUTPATIENT,J06.9,8024,7355,APPROVED,2024-11-27,2024-12-04,Nguyen Thi Lan,AIA Insurance,Thailand
CLM-04566,POL-00855,Dang Quoc Bao,OUTPATIENT,A90,4083,0,IN_REVIEW,2024-11-01,2024-11-14,Wong Ka Ming,FWD Group,Vietnam
CLM-04567,POL-00456,Wong Wai Yan,OUTPATIENT,I10,5158,0,REJECTED,2024-02-17,2024-02-20,Pranee Srisuwan,AIA Insurance,Hong Kong
CLM-04568,POL-01477,Pranee Phongpanich,INPATIENT,J18.9,208189,0,IN_REVIEW,2024-06-24,2024-06-26,Pranee Srisuwan,AIA Insurance,Thailand
CLM-04569,POL-02261,Anong Srisuwan,DENTAL,K02.9,588,0,IN_REVIEW,2024-03-20,2024-04-06,Nguyen Thi Lan,FWD Group,Thailand
CLM-04570,POL-00025,Anong Boonmee,OUTPATIENT,J45.909,500,360,APPROVED,2024-12-03,2024-12-07,Somchai Wattana,FWD Group,Thailand
CLM-04571,POL-01653,Dang Quoc Bao,OUTPATIENT,H10.9,3545,0,PENDING,2024-07-05,,Somchai Wattana,FWD Group,Vietnam
CLM-04572,POL-01041,Prasert Wattana,INPATIENT,N39.0,67189,51207,APPROVED,2024-10-07,2024-10-11,Tran Van Minh,FWD Group,Thailand
CLM-04573,POL-00382,Siriporn Wattana,DENTAL,K02.9,11332,8973,APPROVED,2024-07-11,2024-07-24,Wong Ka Ming,AIA Insurance,Thailand
CLM-04574,POL-00594,Somchai Rattanaporn,INPATIENT,E11.9,263238,249589,APPROVED,2024-10-14,2024-10-18,Wong Ka Ming,Prudential Life,Thailand
CLM-04575,POL-02212,Chaiwat Saetang,OUTPATIENT,E11.9,3390,0,REJECTED,2024-02-07,2024-02-14,Nguyen Thi Lan,Prudential Life,Thailand
CLM-04576,POL-02396,Hoang Duc Thang,OUTPATIENT,A09,10044,9065,APPROVED,2024-04-24,2024-05-12,Tran Van Minh,AIA Insurance,Vietnam
CLM-04577,POL-01839,Le Minh Tuan,OUTPATIENT,A09,2925,0,IN_REVIEW,2024-07-12,2024-07-26,Tran Van Minh,FWD Group,Vietnam
CLM-04578,POL-02325,Chan Yuen Man,DENTAL,K05.10,6519,0,REJECTED,2024-05-18,2024-05-27,Pranee Srisuwan,AIA Insurance,Hong Kong
CLM-04579,POL-01929,Ho Kwok Wah,OUTPATIENT,M54.5,2211,0,REJECTED,2024-09-30,2024-10-03,Somchai Wattana,FWD Group,Hong Kong
CLM-04580,POL-02224,Dang Quoc Bao,MATERNITY,O80,86195,0,REJECTED,2024-10-01,2024-10-03,Somchai Wattana,Prudential Life,Vietnam
CLM-04581,POL-01577,Siriporn Saetang,INPATIENT,J18.9,32669,23386,APPROVED,2024-01-13,2024-01-19,Pranee Srisuwan,AIA Insurance,Thailand
CLM-04582,POL-01913,Vu Ngoc Anh,OUTPATIENT,A09,1935,1858,APPROVED,2024-07-15,2024-07-19,Somchai Wattana,AIA Insurance,Vietnam
CLM-04583,POL-01774,Lau Sau Lan,DENTAL,K05.10,2795,2584,APPROVED,2024-06-28,2024-07-07,Pranee Srisuwan,AIA Insurance,Hong Kong
CLM-04584,POL-00665,Niran Saetang,INPATIENT,J45.909,81724,0,PENDING,2024-01-02,,Wong Ka Ming,AIA Insurance,Thailand
CLM-04585,POL-01153,Do Van Long,OUTPATIENT,M54.5,7427,7247,APPROVED,2024-06-21,2024-06-25,Wong Ka Ming,Prudential Life,Vietnam
CLM-04586,POL-02214,Malee Thongdee,OUTPATIENT,J45.909,2978,0,PENDING,2024-01-31,,Somchai Wattana,Prudential Life,Thailand
CLM-04587,POL-00228,Vu Ngoc Anh,OUTPATIENT,M54.5,1513,1321,APPROVED,2024-07-05,2024-07-07,Pranee Srisuwan,Prudential Life,Vietnam
CLM-04588,POL-00712,Le Minh Tuan,OUTPATIENT,A90,5270,0,REJECTED,2024-05-26,2024-06-01,Somchai Wattana,AIA Insurance,Vietnam
CLM-04589,POL-00494,Do Van Long,OUTPATIENT,H10.9,2433,2112,APPROVED,2024-09-25,2024-09-30,Somchai Wattana,AIA Insurance,Vietnam
CLM-04590,POL-00974,Tran Thi Mai,DENTAL,K08.9,3986,2858,APPROVED,2024-05-06,2024-05-10,Somchai Wattana,AIA Insurance,Vietnam
CLM-04591,POL-01056,Tran Thi Mai,OUTPATIENT,I10,3140,2968,APPROVED,2024-08-23,2024-08-26,Somchai Wattana,AIA Insurance,Vietnam
CLM-04592,POL-00468,Leung Sau Lan,DENTAL,K04.7,14098,12906,APPROVED,2024-03-20,2024-03-24,Nguyen Thi Lan,FWD Group,Hong Kong
CLM-04593,POL-01012,Do Van Long,MATERNITY,O80,65437,0,IN_REVIEW,2024-12-20,2024-12-30,Nguyen Thi Lan,AIA Insurance,Vietnam
CLM-04594,POL-01607,Kanya Chaiyasit,OUTPATIENT,H10.9,983,0,REJECTED,2024-09-13,2024-09-23,Nguyen Thi Lan,AIA Insurance,Thailand
CLM-04595,POL-00199,Hoang Duc Thang,MATERNITY,O80,75004,0,PENDING,2024-07-30,,Nguyen Thi Lan,FWD Group,Vietnam
CLM-04596,POL-01560,Dang Quoc Bao,DENTAL,K05.10,1433,0,REJECTED,2024-04-17,2024-04-28,Wong Ka Ming,AIA Insurance,Vietnam
CLM-04597,POL-02030,Kittisak Phongpanich,OUTPATIENT,J06.9,4036,0,REJECTED,2024-10-23,2024-10-31,Pranee Srisuwan,AIA Insurance,Thailand
CLM-04598,POL-00078,Dang Quoc Bao,MATERNITY,O82,38129,0,IN_REVIEW,2024-09-30,2024-10-05,Somchai Wattana,AIA Insurance,Vietnam
CLM-04599,POL-00814,Pranee Rattanaporn,OUTPATIENT,J06.9,3099,0,PENDING,2024-10-11,,Wong Ka Ming,Prudential Life,Thailand
CLM-04600,POL-01424,Dang Quoc Bao,MATERNITY,O80,61370,0,REJECTED,2024-11-06,2024-11-14,Somchai Wattana,Prudential Life,Vietnam
CLM-04601,POL-02314,Lee Sau Lan,DENTAL,K02.9,6359,0,PENDING,2024-06-03,,Nguyen Thi Lan,AIA Insurance,Hong Kong
CLM-04602,POL-01731,Malee Phongpanich,OUTPATIENT,J45.909,1056,822,APPROVED,2024-12-04,2024-12-06,Nguyen Thi Lan,AIA Insurance,Thailand
CLM-04603,POL-00491,Niran Boonmee,OUTPATIENT,A09,2788,2696,APPROVED,2024-02-19,2024-03-02,Nguyen Thi Lan,Prudential Life,Thailand
CLM-04604,POL-02350,Chaiwat Rattanaporn,OUTPATIENT,N39.0,1214,1151,APPROVED,2024-04-08,2024-04-18,Tran Van Minh,AIA Insurance,Thailand
CLM-04605,POL-00225,Pham Thu Huong,OUTPATIENT,J06.9,9570,0,REJECTED,2024-06-27,2024-06-30,Pranee Srisuwan,Prudential Life,Vietnam
CLM-04606,POL-01199,Pranee Rattanaporn,OUTPATIENT,M54.5,1815,1609,APPROVED,2024-07-28,2024-08-07,Pranee Srisuwan,Prudential Life,Thailand
CLM-04607,POL-00050,Pham Thu Huong,DENTAL,K04.7,7217,6994,APPROVED,2024-11-21,2024-11-26,Pranee Srisuwan,AIA Insurance,Vietnam
CLM-04608,POL-01604,Niran Boonmee,OUTPATIENT,H10.9,7401,5365,APPROVED,2024-12-15,2024-12-27,Somchai Wattana,FWD Group,Thailand
CLM-04609,POL-00762,Le Minh Tuan,DENTAL,K05.10,4355,3733,APPROVED,2024-07-06,2024-07-15,Nguyen Thi Lan,AIA Insurance,Vietnam
CLM-04610,POL-01459,Tran Thi Mai,OUTPATIENT,A09,20040,17232,APPROVED,2024-01-24,2024-01-30,Nguyen Thi Lan,Prudential Life,Vietnam
CLM-04611,POL-00360,Cheung Ho Yin,OUTPATIENT,H10.9,1221,926,APPROVED,2024-09-05,2024-09-12,Somchai Wattana,FWD Group,Hong Kong
CLM-04612,POL-02011,Kanya Chaiyasit,DENTAL,K05.10,11966,10903,APPROVED,2024-09-02,2024-09-07,Somchai Wattana,AIA Insurance,Thailand
CLM-04613,POL-01627,Chaiwat Srisuwan,INPATIENT,A90,33991,29546,APPROVED,2024-10-17,2024-10-20,Somchai Wattana,AIA Insurance,Thailand
CLM-04614,POL-00139,Malee Phongpanich,MATERNITY,O80,20302,18939,APPROVED,2024-07-13,2024-07-28,Pranee Srisuwan,AIA Insurance,Thailand
CLM-04615,POL-00265,Prasert Saetang,OUTPATIENT,E11.9,2088,0,REJECTED,2024-11-17,2024-11-24,Somchai Wattana,FWD Group,Thailand
CLM-04616,POL-00278,Hoang Duc Thang,DENTAL,K05.10,5156,3757,APPROVED,2024-07-04,2024-07-07,Nguyen Thi Lan,FWD Group,Vietnam
CLM-04617,POL-00583,Lau Chi Keung,OUTPATIENT,M54.5,5513,5382,APPROVED,2024-07-03,2024-07-07,Somchai Wattana,AIA Insurance,Hong Kong
CLM-04618,POL-00695,Bui Thanh Ha,MATERNITY,O80,43287,0,IN_REVIEW,2024-12-20,2025-01-02,Pranee Srisuwan,FWD Group,Vietnam
CLM-04619,POL-01781,Prasert Phongpanich,DENTAL,K05.10,11942,8935,APPROVED,2024-08-30,2024-09-06,Pranee Srisuwan,AIA Insurance,Thailand
CLM-04620,POL-01433,Lee Yuen Man,OUTPATIENT,M54.5,1284,1249,APPROVED,2024-05-17,2024-05-25,Nguyen Thi Lan,Prudential Life,Hong Kong
CLM-04621,POL-00736,Pham Thu Huong,OUTPATIENT,M54.5,8018,5764,APPROVED,2024-03-21,2024-03-28,Nguyen Thi Lan,FWD Group,Vietnam
CLM-04622,POL-02321,Prasert Srisuwan,OUTPATIENT,J06.9,2829,2667,APPROVED,2024-12-08,2024-12-22,Pranee Srisuwan,Prudential Life,Thailand
CLM-04623,POL-01465,Tran Thi Mai,OUTPATIENT,M54.5,5493,4712,APPROVED,2024-11-25,2024-12-01,Wong Ka Ming,FWD Group,Vietnam
CLM-04624,POL-01009,Tran Thi Mai,OUTPATIENT,J06.9,7619,0,IN_REVIEW,2024-03-08,2024-03-15,Tran Van Minh,Prudential Life,Vietnam
CLM-04625,POL-02344,Pranee Chaiyasit,OUTPATIENT,E11.9,9880,0,REJECTED,2024-04-30,2024-05-05,Wong Ka Ming,AIA Insurance,Thailand
CLM-04626,POL-01195,Kanya Phongpanich,OUTPATIENT,L30.9,2919,0,REJECTED,2024-08-09,2024-08-13,Pranee Srisuwan,Prudential Life,Thailand
CLM-04627,POL-01304,Chaiwat Srisuwan,OUTPATIENT,A09,6428,6106,APPROVED,2024-05-22,2024-05-30,Somchai Wattana,FWD Group,Thailand
CLM-04628,POL-01279,Kanya Chaiyasit,DENTAL,K04.7,2793,2580,APPROVED,2024-12-29,2025-01-04,Wong Ka Ming,Prudential Life,Thailand
CLM-04629,POL-02254,Kittisak Wattana,OUTPATIENT,K21.0,7382,0,IN_REVIEW,2024-04-22,2024-04-28,Tran Van Minh,FWD Group,Thailand
CLM-04630,POL-00145,Malee Chaiyasit,INPATIENT,K35.80,73500,54353,APPROVED,2024-08-14,2024-08-23,Somchai Wattana,Prudential Life,Thailand
CLM-04631,POL-00562,Prasert Rattanaporn,OUTPATIENT,J06.9,4827,4274,APPROVED,2024-08-21,2024-08-25,Tran Van Minh,Prudential Life,Thailand
CLM-04632,POL-00286,Niran Wattana,OUTPATIENT,I10,2100,1736,APPROVED,2024-05-08,2024-05-14,Somchai Wattana,AIA Insurance,Thailand
CLM-04633,POL-00815,Kanya Thongdee,OUTPATIENT,M54.5,3265,0,IN_REVIEW,2024-02-12,2024-02-16,Tran Van Minh,AIA Insurance,Thailand
CLM-04634,POL-02187,Pham Thu Huong,OUTPATIENT,J06.9,10866,0,IN_REVIEW,2024-11-05,2024-11-16,Somchai Wattana,Prudential Life,Vietnam
CLM-04635,POL-00068,Siriporn Saetang,OUTPATIENT,M54.5,8012,6972,APPROVED,2024-10-30,2024-11-06,Tran Van Minh,Prudential Life,Thailand
CLM-04636,POL-00552,Cheung Chi Keung,OUTPATIENT,N39.0,2605,0,IN_REVIEW,2024-06-26,2024-07-12,Somchai Wattana,AIA Insurance,Hong Kong
CLM-04637,POL-01477,Pranee Phongpanich,OUTPATIENT,A90,4937,4295,APPROVED,2024-02-10,2024-02-15,Pranee Srisuwan,AIA Insurance,Thailand
CLM-04638,POL-01337,Vu Ngoc Anh,DENTAL,K02.9,5622,5409,APPROVED,2024-01-13,2024-01-15,Pranee Srisuwan,Prudential Life,Vietnam
CLM-04639,POL-02182,Pranee Wattana,OUTPATIENT,I10,6001,5330,APPROVED,2024-11-21,2024-11-25,Wong Ka Ming,FWD Group,Thailand
CLM-04640,POL-02264,Le Minh Tuan,MATERNITY,O80,89408,0,REJECTED,2024-01-01,2024-01-06,Wong Ka Ming,FWD Group,Vietnam
CLM-04641,POL-01544,Hoang Duc Thang,INPATIENT,A90,69622,51929,APPROVED,2024-05-20,2024-05-22,Pranee Srisuwan,Prudential Life,Vietnam
CLM-04642,POL-02026,Bui Thanh Ha,OUTPATIENT,K21.0,26061,0,PENDING,2024-12-06,,Tran Van Minh,Prudential Life,Vietnam
CLM-04643,POL-02327,Prasert Srisuwan,MATERNITY,O80,28124,24641,APPROVED,2024-06-16,2024-07-10,Nguyen Thi Lan,Prudential Life,Thailand
CLM-04644,POL-01094,Pham Thu Huong,OUTPATIENT,K21.0,3002,2294,APPROVED,2024-11-20,2024-11-25,Tran Van Minh,Prudential Life,Vietnam
CLM-04645,POL-00729,Prasert Thongdee,INPATIENT,N39.0,57869,45410,APPROVED,2024-03-14,2024-03-21,Somchai Wattana,Prudential Life,Thailand
CLM-04646,POL-01621,Ng Ka Ming,OUTPATIENT,K21.0,5586,0,REJECTED,2024-06-03,2024-06-08,Nguyen Thi Lan,Prudential Life,Hong Kong
CLM-04647,POL-00027,Dang Quoc Bao,DENTAL,K04.7,1782,0,IN_REVIEW,2024-02-09,2024-02-17,Pranee Srisuwan,AIA Insurance,Vietnam
CLM-04648,POL-00731,Wong Yuen Man,OUTPATIENT,A90,541,487,APPROVED,2024-05-16,2024-05-23,Tran Van Minh,Prudential Life,Hong Kong
CLM-04649,POL-01511,Cheung Siu Fung,OUTPATIENT,A09,1700,1580,APPROVED,2024-12-30,2025-01-03,Pranee Srisuwan,Prudential Life,Hong Kong
CLM-04650,POL-02336,Pham Thu Huong,OUTPATIENT,M54.5,863,0,IN_REVIEW,2024-03-24,2024-03-25,Somchai Wattana,AIA Insurance,Vietnam
CLM-04651,POL-02011,Kanya Chaiyasit,OUTPATIENT,E11.9,3925,3379,APPROVED,2024-04-18,2024-04-23,Nguyen Thi Lan,AIA Insurance,Thailand
CLM-04652,POL-00206,Do Van Long,DENTAL,K02.9,2419,0,PENDING,2024-11-12,,Tran Van Minh,AIA Insurance,Vietnam
CLM-04653,POL-01996,Wong Kwok Wah,OUTPATIENT,J06.9,1404,0,REJECTED,2024-10-18,2024-10-21,Nguyen Thi Lan,AIA Insurance,Hong Kong
CLM-04654,POL-00926,Cheung Ka Ming,OUTPATIENT,J06.9,3667,2593,APPROVED,2024-08-10,2024-08-19,Tran Van Minh,AIA Insurance,Hong Kong
CLM-04655,POL-01186,Kittisak Wattana,OUTPATIENT,K21.0,2245,0,IN_REVIEW,2024-01-05,2024-01-09,Wong Ka Ming,AIA Insurance,Thailand
CLM-04656,POL-00349,Niran Wattana,OUTPATIENT,I10,11792,8516,APPROVED,2024-05-01,2024-05-10,Nguyen Thi Lan,FWD Group,Thailand
CLM-04657,POL-00948,Wong Ho Yin,INPATIENT,J18.9,31210,0,REJECTED,2024-08-20,2024-08-26,Tran Van Minh,Prudential Life,Hong Kong
CLM-04658,POL-01351,Malee Chaiyasit,OUTPATIENT,N39.0,3674,0,IN_REVIEW,2024-04-14,2024-04-16,Nguyen Thi Lan,Prudential Life,Thailand
CLM-04659,POL-00274,Lau Kwok Wah,OUTPATIENT,A09,8297,7691,APPROVED,2024-06-05,2024-06-08,Nguyen Thi Lan,Prudential Life,Hong Kong
CLM-04660,POL-01420,Ngo Thi Thu,OUTPATIENT,I10,4844,3879,APPROVED,2024-02-28,2024-03-14,Pranee Srisuwan,FWD Group,Vietnam
CLM-04661,POL-01186,Kittisak Wattana,OUTPATIENT,E11.9,1418,0,PENDING,2024-08-01,,Pranee Srisuwan,AIA Insurance,Thailand
CLM-04662,POL-00187,Anong Phongpanich,OUTPATIENT,A90,2821,2269,APPROVED,2024-11-12,2024-11-15,Somchai Wattana,Prudential Life,Thailand
CLM-04663,POL-01258,Pham Thu Huong,OUTPATIENT,M54.5,676,0,REJECTED,2024-01-15,2024-01-24,Tran Van Minh,AIA Insurance,Vietnam
CLM-04664,POL-00888,Kanya Saetang,OUTPATIENT,E11.9,2014,1571,APPROVED,2024-12-06,2024-12-10,Nguyen Thi Lan,AIA Insurance,Thailand
CLM-04665,POL-00631,Somchai Phongpanich,OUTPATIENT,J06.9,1647,1396,APPROVED,2024-10-04,2024-10-08,Somchai Wattana,AIA Insurance,Thailand
CLM-04666,POL-00848,Do Van Long,INPATIENT,J45.909,80318,80019,APPROVED,2024-08-30,2024-09-01,Somchai Wattana,AIA Insurance,Vietnam
CLM-04667,POL-01946,Dang Quoc Bao,DENTAL,K04.7,2575,0,REJECTED,2024-10-28,2024-11-07,Wong Ka Ming,Prudential Life,Vietnam
CLM-04668,POL-02182,Pranee Wattana,OUTPATIENT,I10,3077,0,IN_REVIEW,2024-05-09,2024-05-27,Wong Ka Ming,FWD Group,Thailand
CLM-04669,POL-01104,Tran Thi Mai,MATERNITY,O80,102301,93424,APPROVED,2024-08-24,2024-09-01,Nguyen Thi Lan,Prudential Life,Vietnam
CLM-04670,POL-02058,Anong Wattana,DENTAL,K02.9,2636,2046,APPROVED,2024-06-04,2024-06-11,Wong Ka Ming,AIA Insurance,Thailand
CLM-04671,POL-00438,Malee Boonmee,OUTPATIENT,J45.909,5677,0,REJECTED,2024-07-12,2024-07-17,Somchai Wattana,AIA Insurance,Thailand
CLM-04672,POL-00616,Bui Thanh Ha,INPATIENT,E11.9,208118,0,REJECTED,2024-08-14,2024-08-16,Pranee Srisuwan,AIA Insurance,Vietnam
CLM-04673,POL-00622,Pham Thu Huong,OUTPATIENT,J45.909,2966,2091,APPROVED,2024-07-07,2024-07-14,Wong Ka Ming,Prudential Life,Vietnam
CLM-04674,POL-00555,Le Minh Tuan,OUTPATIENT,M54.5,937,770,APPROVED,2024-11-01,2024-11-11,Pranee Srisuwan,Prudential Life,Vietnam
CLM-04675,POL-00550,Pham Thu Huong,MATERNITY,O82,146694,0,REJECTED,2024-07-26,2024-07-29,Somchai Wattana,FWD Group,Vietnam
CLM-04676,POL-01298,Vu Ngoc Anh,OUTPATIENT,J06.9,2027,0,IN_REVIEW,2024-07-10,2024-07-27,Wong Ka Ming,AIA Insurance,Vietnam
CLM-04677,POL-00185,Kittisak Thongdee,OUTPATIENT,E11.9,3608,2549,APPROVED,2024-09-17,2024-09-24,Wong Ka Ming,Prudential Life,Thailand
CLM-04678,POL-00624,Kittisak Boonmee,OUTPATIENT,J45.909,765,0,PENDING,2024-04-11,,Tran Van Minh,AIA Insurance,Thailand
CLM-04679,POL-02097,Dang Quoc Bao,OUTPATIENT,K21.0,3031,0,REJECTED,2024-01-15,2024-01-17,Somchai Wattana,AIA Insurance,Vietnam
CLM-04680,POL-01271,Nguyen Van An,OUTPATIENT,A90,7164,5581,APPROVED,2024-05-31,2024-06-06,Somchai Wattana,Prudential Life,Vietnam
CLM-04681,POL-00140,Lee Mei Ling,INPATIENT,A09,220742,0,REJECTED,2024-06-10,2024-06-14,Pranee Srisuwan,AIA Insurance,Hong Kong
CLM-04682,POL-02298,Lee Tsz Ching,DENTAL,K05.10,5624,4337,APPROVED,2024-03-07,2024-03-20,Nguyen Thi Lan,FWD Group,Hong Kong
CLM-04683,POL-00863,Hoang Duc Thang,DENTAL,K02.9,6645,0,REJECTED,2024-09-15,2024-09-21,Wong Ka Ming,Prudential Life,Vietnam
CLM-04684,POL-01932,Bui Thanh Ha,INPATIENT,A09,310239,0,IN_REVIEW,2024-10-11,2024-10-14,Nguyen Thi Lan,AIA Insurance,Vietnam
CLM-04685,POL-00027,Dang Quoc Bao,OUTPATIENT,J06.9,3515,2658,APPROVED,2024-02-11,2024-02-13,Wong Ka Ming,AIA Insurance,Vietnam
CLM-04686,POL-01964,Siriporn Wattana,DENTAL,K02.9,6352,0,PENDING,2024-11-10,,Wong Ka Ming,Prudential Life,Thailand
CLM-04687,POL-02369,Pham Thu Huong,OUTPATIENT,J06.9,4677,3624,APPROVED,2024-04-26,2024-05-03,Nguyen Thi Lan,FWD Group,Vietnam
CLM-04688,POL-01310,Kanya Wattana,MATERNITY,O82,33841,33256,APPROVED,2024-08-05,2024-08-06,Wong Ka Ming,FWD Group,Thailand
CLM-04689,POL-01403,Tran Thi Mai,OUTPATIENT,A09,5170,3680,APPROVED,2024-02-07,2024-02-16,Somchai Wattana,FWD Group,Vietnam
CLM-04690,POL-01507,Vu Ngoc Anh,OUTPATIENT,I10,500,0,PENDING,2024-12-31,,Wong Ka Ming,Prudential Life,Vietnam
CLM-04691,POL-01393,Pranee Wattana,DENTAL,K04.7,2430,2046,APPROVED,2024-10-10,2024-10-15,Pranee Srisuwan,AIA Insurance,Thailand
CLM-04692,POL-01948,Prasert Srisuwan,OUTPATIENT,K21.0,4264,3338,APPROVED,2024-03-18,2024-03-23,Nguyen Thi Lan,FWD Group,Thailand
CLM-04693,POL-00485,Pranee Wattana,OUTPATIENT,J06.9,9688,9082,APPROVED,2024-03-09,2024-03-13,Wong Ka Ming,AIA Insurance,Thailand
CLM-04694,POL-01430,Malee Chaiyasit,OUTPATIENT,J45.909,1358,1259,APPROVED,2024-03-29,2024-04-07,Tran Van Minh,FWD Group,Thailand
CLM-04695,POL-00655,Prasert Thongdee,DENTAL,K08.9,17990,0,REJECTED,2024-12-21,2024-12-28,Tran Van Minh,FWD Group,Thailand
CLM-04696,POL-01719,Malee Saetang,OUTPATIENT,J06.9,4999,4073,APPROVED,2024-11-01,2024-11-06,Somchai Wattana,Prudential Life,Thailand
CLM-04697,POL-02089,Prasert Saetang,OUTPATIENT,J06.9,1496,1260,APPROVED,2024-12-08,2024-12-11,Nguyen Thi Lan,AIA Insurance,Thailand
CLM-04698,POL-01450,Somchai Wattana,OUTPATIENT,I10,648,469,APPROVED,2024-01-14,2024-01-19,Wong Ka Ming,Prudential Life,Thailand
CLM-04699,POL-02222,Somchai Saetang,OUTPATIENT,J06.9,500,433,APPROVED,2024-03-30,2024-04-07,Pranee Srisuwan,AIA Insurance,Thailand
CLM-04700,POL-01481,Ho Ho Yin,INPATIENT,A90,64907,53640,APPROVED,2024-11-14,2024-11-17,Somchai Wattana,Prudential Life,Hong Kong
CLM-04701,POL-01428,Tran Thi Mai,DENTAL,K04.7,4084,3531,APPROVED,2024-12-20,2024-12-25,Wong Ka Ming,AIA Insurance,Vietnam
CLM-04702,POL-00729,Prasert Thongdee,OUTPATIENT,A90,2542,2113,APPROVED,2024-09-03,2024-09-08,Wong Ka Ming,Prudential Life,Thailand
CLM-04703,POL-01336,Chaiwat Saetang,OUTPATIENT,A09,5409,0,PENDING,2024-07-12,,Somchai Wattana,Prudential Life,Thailand
CLM-04704,POL-00262,Chan Wai Yan,OUTPATIENT,J06.9,1035,917,APPROVED,2024-12-26,2025-01-18,Pranee Srisuwan,FWD Group,Hong Kong
CLM-04705,POL-01649,Ho Tsz Ching,OUTPATIENT,A90,5840,5488,APPROVED,2024-01-13,2024-01-16,Nguyen Thi Lan,Prudential Life,Hong Kong
CLM-04706,POL-01339,Anong Rattanaporn,OUTPATIENT,J45.909,4383,3365,APPROVED,2024-11-20,2024-11-23,Nguyen Thi Lan,FWD Group,Thailand
CLM-04707,POL-02140,Bui Thanh Ha,DENTAL,K08.9,9166,8683,APPROVED,2024-01-24,2024-01-30,Wong Ka Ming,AIA Insurance,Vietnam
CLM-04708,POL-00551,Do Van Long,INPATIENT,J45.909,39755,31305,APPROVED,2024-01-20,2024-01-27,Somchai Wattana,AIA Insurance,Vietnam
CLM-04709,POL-01651,Malee Saetang,DENTAL,K04.7,6738,6386,APPROVED,2024-12-27,2025-01-05,Somchai Wattana,FWD Group,Thailand
CLM-04710,POL-00715,Tran Thi Mai,OUTPATIENT,A90,1562,1394,APPROVED,2024-02-07,2024-02-11,Nguyen Thi Lan,Prudential Life,Vietnam
CLM-04711,POL-00779,Dang Quoc Bao,DENTAL,K04.7,1771,1501,APPROVED,2024-07-27,2024-07-31,Wong Ka Ming,AIA Insurance,Vietnam
CLM-04712,POL-01345,Kanya Thongdee,INPATIENT,E11.9,124233,123843,APPROVED,2024-01-08,2024-01-11,Somchai Wattana,AIA Insurance,Thailand
CLM-04713,POL-01329,Cheung Mei Ling,INPATIENT,A90,9875,7141,APPROVED,2024-07-02,2024-07-07,Pranee Srisuwan,FWD Group,Hong Kong
CLM-04714,POL-00857,Lau Kwok Wah,OUTPATIENT,A09,1883,1550,APPROVED,2024-10-28,2024-11-05,Wong Ka Ming,AIA Insurance,Hong Kong
CLM-04715,POL-00258,Kanya Srisuwan,INPATIENT,K35.80,187039,138411,APPROVED,2024-09-25,2024-10-01,Wong Ka Ming,FWD Group,Thailand
CLM-04716,POL-00529,Niran Rattanaporn,INPATIENT,N39.0,111003,101079,APPROVED,2024-11-09,2024-12-04,Pranee Srisuwan,Prudential Life,Thailand
CLM-04717,POL-02143,Chan Mei Ling,OUTPATIENT,E11.9,5811,0,PENDING,2024-11-05,,Nguyen Thi Lan,Prudential Life,Hong Kong
CLM-04718,POL-00560,Somchai Chaiyasit,OUTPATIENT,A09,6256,5296,APPROVED,2024-12-11,2024-12-30,Pranee Srisuwan,AIA Insurance,Thailand
CLM-04719,POL-00982,Kanya Phongpanich,OUTPATIENT,N39.0,3156,2645,APPROVED,2024-11-10,2024-11-13,Nguyen Thi Lan,AIA Insurance,Thailand
CLM-04720,POL-00993,Wong Chi Keung,OUTPATIENT,J06.9,2421,2110,APPROVED,2024-08-11,2024-08-13,Nguyen Thi Lan,Prudential Life,Hong Kong
CLM-04721,POL-02249,Niran Rattanaporn,OUTPATIENT,A09,1033,0,PENDING,2024-09-21,,Somchai Wattana,AIA Insurance,Thailand
CLM-04722,POL-02356,Pham Thu Huong,MATERNITY,O80,100435,0,REJECTED,2024-07-20,2024-07-31,Nguyen Thi Lan,Prudential Life,Vietnam
CLM-04723,POL-00287,Kittisak Wattana,OUTPATIENT,J06.9,2663,2661,APPROVED,2024-08-09,2024-08-12,Somchai Wattana,FWD Group,Thailand
CLM-04724,POL-01640,Bui Thanh Ha,OUTPATIENT,J45.909,3644,0,IN_REVIEW,2024-12-04,2024-12-13,Tran Van Minh,Prudential Life,Vietnam
CLM-04725,POL-02037,Leung Siu Fung,OUTPATIENT,L30.9,1276,1244,APPROVED,2024-02-24,2024-03-02,Pranee Srisuwan,FWD Group,Hong Kong
CLM-04726,POL-00537,Vu Ngoc Anh,OUTPATIENT,J06.9,1612,1551,APPROVED,2024-03-16,2024-03-18,Nguyen Thi Lan,FWD Group,Vietnam
CLM-04727,POL-00389,Dang Quoc Bao,DENTAL,K08.9,8079,7216,APPROVED,2024-10-26,2024-11-03,Tran Van Minh,Prudential Life,Vietnam
CLM-04728,POL-00694,Malee Chaiyasit,DENTAL,K08.9,3813,3296,APPROVED,2024-07-14,2024-07-19,Pranee Srisuwan,FWD Group,Thailand
CLM-04729,POL-01508,Lee Chi Keung,OUTPATIENT,K21.0,1422,1397,APPROVED,2024-06-03,2024-06-09,Pranee Srisuwan,FWD Group,Hong Kong
CLM-04730,POL-02086,Pranee Thongdee,OUTPATIENT,J06.9,1165,0,REJECTED,2024-12-16,2024-12-22,Tran Van Minh,Prudential Life,Thailand
CLM-04731,POL-00525,Do Van Long,DENTAL,K05.10,18533,14025,APPROVED,2024-07-16,2024-07-20,Wong Ka Ming,FWD Group,Vietnam
CLM-04732,POL-00871,Malee Saetang,OUTPATIENT,M54.5,500,486,APPROVED,2024-08-16,2024-08-25,Somchai Wattana,FWD Group,Thailand
CLM-04733,POL-02258,Tran Thi Mai,DENTAL,K02.9,3000,2865,APPROVED,2024-07-26,2024-08-05,Wong Ka Ming,FWD Group,Vietnam
CLM-04734,POL-00566,Lau Sau Lan,INPATIENT,E11.9,157113,0,IN_REVIEW,2024-02-14,2024-02-20,Nguyen Thi Lan,AIA Insurance,Hong Kong
CLM-04735,POL-02233,Cheung Tsz Ching,OUTPATIENT,N39.0,5159,4398,APPROVED,2024-06-27,2024-07-12,Pranee Srisuwan,FWD Group,Hong Kong
CLM-04736,POL-00919,Cheung Ho Yin,OUTPATIENT,I10,1394,1225,APPROVED,2024-08-02,2024-08-10,Somchai Wattana,FWD Group,Hong Kong
CLM-04737,POL-02291,Hoang Duc Thang,INPATIENT,K35.80,458553,412515,APPROVED,2024-11-26,2024-12-04,Somchai Wattana,FWD Group,Vietnam
CLM-04738,POL-01879,Pham Thu Huong,OUTPATIENT,I10,1834,1734,APPROVED,2024-02-12,2024-02-17,Tran Van Minh,AIA Insurance,Vietnam
CLM-04739,POL-01052,Lee Tsz Ching,OUTPATIENT,H10.9,631,446,APPROVED,2024-02-20,2024-03-13,Nguyen Thi Lan,AIA Insurance,Hong Kong
CLM-04740,POL-02076,Pham Thu Huong,OUTPATIENT,L30.9,12025,10012,APPROVED,2024-07-26,2024-07-30,Tran Van Minh,FWD Group,Vietnam
CLM-04741,POL-01280,Siriporn Phongpanich,INPATIENT,K35.80,760481,627933,APPROVED,2024-08-28,2024-09-01,Somchai Wattana,FWD Group,Thailand
CLM-04742,POL-00662,Ngo Thi Thu,OUTPATIENT,J45.909,2315,2303,APPROVED,2024-02-17,2024-02-20,Somchai Wattana,Prudential Life,Vietnam
CLM-04743,POL-00214,Cheung Ho Yin,DENTAL,K08.9,4823,0,IN_REVIEW,2024-11-13,2024-11-22,Somchai Wattana,Prudential Life,Hong Kong
CLM-04744,POL-02240,Pranee Saetang,INPATIENT,J18.9,22361,0,PENDING,2024-10-11,,Somchai Wattana,Prudential Life,Thailand
CLM-04745,POL-00108,Malee Boonmee,OUTPATIENT,E11.9,2033,1821,APPROVED,2024-12-18,2025-01-01,Nguyen Thi Lan,FWD Group,Thailand
CLM-04746,POL-01107,Kittisak Phongpanich,OUTPATIENT,N39.0,4084,3806,APPROVED,2024-09-25,2024-09-30,Pranee Srisuwan,FWD Group,Thailand
CLM-04747,POL-00355,Prasert Boonmee,OUTPATIENT,I10,4563,3458,APPROVED,2024-11-23,2024-11-29,Somchai Wattana,AIA Insurance,Thailand
CLM-04748,POL-00179,Kanya Chaiyasit,OUTPATIENT,A09,5815,5810,APPROVED,2024-03-19,2024-03-28,Somchai Wattana,Prudential Life,Thailand
CLM-04749,POL-00090,Leung Kwok Wah,DENTAL,K08.9,11724,11005,APPROVED,2024-05-05,2024-06-01,Nguyen Thi Lan,AIA Insurance,Hong Kong
CLM-04750,POL-01006,Anong Thongdee,OUTPATIENT,J06.9,4462,3719,APPROVED,2024-11-02,2024-11-05,Wong Ka Ming,AIA Insurance,Thailand
CLM-04751,POL-00057,Siriporn Phongpanich,DENTAL,K04.7,1165,843,APPROVED,2024-02-23,2024-03-03,Wong Ka Ming,AIA Insurance,Thailand
CLM-04752,POL-01790,Nguyen Van An,OUTPATIENT,A90,2114,1821,APPROVED,2024-06-24,2024-06-30,Somchai Wattana,AIA Insurance,Vietnam
CLM-04753,POL-02278,Prasert Saetang,INPATIENT,E11.9,5084,0,PENDING,2024-02-29,,Somchai Wattana,Prudential Life,Thailand
CLM-04754,POL-02094,Malee Chaiyasit,DENTAL,K08.9,5050,4237,APPROVED,2024-02-16,2024-02-23,Somchai Wattana,AIA Insurance,Thailand
CLM-04755,POL-01732,Vu Ngoc Anh,OUTPATIENT,A09,2951,0,REJECTED,2024-03-01,2024-03-27,Somchai Wattana,FWD Group,Vietnam
CLM-04756,POL-00773,Leung Siu Fung,OUTPATIENT,J45.909,5134,4369,APPROVED,2024-09-13,2024-09-19,Nguyen Thi Lan,Prudential Life,Hong Kong
CLM-04757,POL-00276,Siriporn Saetang,OUTPATIENT,A90,9343,0,REJECTED,2024-06-06,2024-06-18,Wong Ka Ming,Prudential Life,Thailand
CLM-04758,POL-00822,Anong Chaiyasit,OUTPATIENT,J06.9,4256,0,IN_REVIEW,2024-02-22,2024-03-11,Tran Van Minh,AIA Insurance,Thailand
CLM-04759,POL-01373,Ho Mei Ling,DENTAL,K04.7,8352,6420,APPROVED,2024-05-14,2024-05-28,Pranee Srisuwan,Prudential Life,Hong Kong
CLM-04760,POL-01643,Cheung Mei Ling,OUTPATIENT,I10,2422,1699,APPROVED,2024-11-07,2024-11-24,Somchai Wattana,AIA Insurance,Hong Kong
CLM-04761,POL-00412,Tran Thi Mai,MATERNITY,O80,37211,31341,APPROVED,2024-12-20,2024-12-23,Somchai Wattana,Prudential Life,Vietnam
CLM-04762,POL-01960,Anong Wattana,MATERNITY,O82,43470,40143,APPROVED,2024-05-05,2024-05-17,Wong Ka Ming,Prudential Life,Thailand
CLM-04763,POL-01270,Somchai Boonmee,OUTPATIENT,L30.9,2283,0,REJECTED,2024-09-19,2024-09-23,Somchai Wattana,AIA Insurance,Thailand
CLM-04764,POL-00430,Prasert Thongdee,INPATIENT,A90,64257,50613,APPROVED,2024-05-26,2024-06-06,Wong Ka Ming,AIA Insurance,Thailand
CLM-04765,POL-00018,Leung Wai Yan,DENTAL,K08.9,14037,13323,APPROVED,2024-04-25,2024-04-29,Somchai Wattana,AIA Insurance,Hong Kong
CLM-04766,POL-01985,Anong Srisuwan,OUTPATIENT,E11.9,2652,1880,APPROVED,2024-04-08,2024-04-19,Wong Ka Ming,AIA Insurance,Thailand
CLM-04767,POL-00524,Bui Thanh Ha,MATERNITY,O82,39469,0,PENDING,2024-08-21,,Pranee Srisuwan,AIA Insurance,Vietnam
CLM-04768,POL-00312,Pham Thu Huong,OUTPATIENT,A09,1572,0,PENDING,2024-05-02,,Nguyen Thi Lan,FWD Group,Vietnam
CLM-04769,POL-00741,Anong Thongdee,OUTPATIENT,J06.9,1756,0,REJECTED,2024-03-31,2024-04-04,Wong Ka Ming,FWD Group,Thailand
CLM-04770,POL-02172,Lau Ka Ming,DENTAL,K05.10,10771,8053,APPROVED,2024-09-09,2024-09-13,Nguyen Thi Lan,FWD Group,Hong Kong
CLM-04771,POL-00901,Pranee Phongpanich,OUTPATIENT,A09,639,525,APPROVED,2024-01-18,2024-01-24,Wong Ka Ming,FWD Group,Thailand
CLM-04772,POL-01855,Somchai Srisuwan,DENTAL,K05.10,13156,12573,APPROVED,2024-07-17,2024-07-22,Somchai Wattana,FWD Group,Thailand
CLM-04773,POL-00043,Hoang Duc Thang,MATERNITY,O80,53055,0,REJECTED,2024-08-17,2024-08-20,Somchai Wattana,AIA Insurance,Vietnam
CLM-04774,POL-00594,Somchai Rattanaporn,OUTPATIENT,A09,608,594,APPROVED,2024-02-03,2024-02-09,Pranee Srisuwan,Prudential Life,Thailand
CLM-04775,POL-01002,Somchai Phongpanich,DENTAL,K05.10,1085,788,APPROVED,2024-03-21,2024-04-18,Tran Van Minh,FWD Group,Thailand
CLM-04776,POL-02291,Hoang Duc Thang,OUTPATIENT,J06.9,1626,0,PENDING,2024-03-25,,Pranee Srisuwan,FWD Group,Vietnam
CLM-04777,POL-00566,Lau Sau Lan,OUTPATIENT,E11.9,3599,0,REJECTED,2024-07-06,2024-07-13,Nguyen Thi Lan,AIA Insurance,Hong Kong
CLM-04778,POL-02258,Tran Thi Mai,OUTPATIENT,I10,10719,0,REJECTED,2024-08-19,2024-08-20,Wong Ka Ming,FWD Group,Vietnam
CLM-04779,POL-01320,Pham Thu Huong,OUTPATIENT,E11.9,2518,2002,APPROVED,2024-02-28,2024-02-29,Wong Ka Ming,Prudential Life,Vietnam
CLM-04780,POL-01497,Bui Thanh Ha,DENTAL,K02.9,6755,6504,APPROVED,2024-02-13,2024-02-21,Somchai Wattana,Prudential Life,Vietnam
CLM-04781,POL-02002,Prasert Rattanaporn,OUTPATIENT,J06.9,23630,0,REJECTED,2024-08-12,2024-08-20,Tran Van Minh,Prudential Life,Thailand
CLM-04782,POL-00754,Siriporn Srisuwan,MATERNITY,O80,28744,28117,APPROVED,2024-07-20,2024-07-25,Nguyen Thi Lan,AIA Insurance,Thailand
CLM-04783,POL-00806,Le Minh Tuan,DENTAL,K02.9,4850,4021,APPROVED,2024-03-31,2024-04-10,Nguyen Thi Lan,AIA Insurance,Vietnam
CLM-04784,POL-02003,Chan Yuen Man,OUTPATIENT,M54.5,8577,7816,APPROVED,2024-01-26,2024-01-29,Somchai Wattana,AIA Insurance,Hong Kong
CLM-04785,POL-01874,Wong Ho Yin,OUTPATIENT,M54.5,5464,4014,APPROVED,2024-06-25,2024-06-28,Nguyen Thi Lan,AIA Insurance,Hong Kong
CLM-04786,POL-00436,Hoang Duc Thang,DENTAL,K08.9,6902,4929,APPROVED,2024-12-29,2025-01-04,Tran Van Minh,Prudential Life,Vietnam
CLM-04787,POL-00947,Le Minh Tuan,OUTPATIENT,M54.5,6590,0,REJECTED,2024-05-26,2024-06-07,Wong Ka Ming,Prudential Life,Vietnam
CLM-04788,POL-01497,Bui Thanh Ha,OUTPATIENT,E11.9,2693,2365,APPROVED,2024-07-16,2024-07-21,Somchai Wattana,Prudential Life,Vietnam
CLM-04789,POL-01349,Kittisak Chaiyasit,DENTAL,K04.7,10648,0,PENDING,2024-06-22,,Tran Van Minh,Prudential Life,Thailand
CLM-04790,POL-01537,Lau Tsz Ching,INPATIENT,S72.001A,105862,81456,APPROVED,2024-03-11,2024-03-13,Pranee Srisuwan,Prudential Life,Hong Kong
CLM-04791,POL-02261,Anong Srisuwan,OUTPATIENT,L30.9,788,665,APPROVED,2024-01-01,2024-01-13,Tran Van Minh,FWD Group,Thailand
CLM-04792,POL-01098,Kittisak Wattana,MATERNITY,O80,94500,0,REJECTED,2024-09-24,2024-10-05,Somchai Wattana,AIA Insurance,Thailand
CLM-04793,POL-00779,Dang Quoc Bao,DENTAL,K04.7,9301,8191,APPROVED,2024-06-02,2024-06-19,Tran Van Minh,AIA Insurance,Vietnam
CLM-04794,POL-00374,Lee Sau Lan,DENTAL,K04.7,1040,842,APPROVED,2024-01-07,2024-01-11,Nguyen Thi Lan,AIA Insurance,Hong Kong
CLM-04795,POL-02274,Le Minh Tuan,OUTPATIENT,A09,2071,1561,APPROVED,2024-12-07,2024-12-18,Tran Van Minh,Prudential Life,Vietnam
CLM-04796,POL-02303,Cheung Ho Yin,OUTPATIENT,J06.9,4014,3441,APPROVED,2024-11-26,2024-12-01,Wong Ka Ming,Prudential Life,Hong Kong
CLM-04797,POL-01857,Do Van Long,OUTPATIENT,A09,3677,0,IN_REVIEW,2024-01-13,2024-01-25,Nguyen Thi Lan,AIA Insurance,Vietnam
CLM-04798,POL-01886,Somchai Srisuwan,OUTPATIENT,J45.909,8706,8274,APPROVED,2024-01-10,2024-01-19,Pranee Srisuwan,FWD Group,Thailand
CLM-04799,POL-00966,Cheung Mei Ling,INPATIENT,J18.9,407329,307528,APPROVED,2024-06-18,2024-06-22,Somchai Wattana,Prudential Life,Hong Kong
CLM-04800,POL-01365,Dang Quoc Bao,OUTPATIENT,I10,2826,2491,APPROVED,2024-06-17,2024-06-21,Somchai Wattana,AIA Insurance,Vietnam
CLM-04801,POL-02304,Chaiwat Phongpanich,OUTPATIENT,J06.9,813,667,APPROVED,2024-01-21,2024-02-04,Wong Ka Ming,AIA Insurance,Thailand
CLM-04802,POL-02358,Anong Srisuwan,OUTPATIENT,J06.9,819,622,APPROVED,2024-09-29,2024-10-10,Nguyen Thi Lan,AIA Insurance,Thailand
CLM-04803,POL-00969,Cheung Tsz Ching,DENTAL,K02.9,2513,0,PENDING,2024-11-19,,Tran Van Minh,AIA Insurance,Hong Kong
CLM-04804,POL-02243,Somchai Chaiyasit,INPATIENT,J18.9,219890,0,PENDING,2024-10-12,,Wong Ka Ming,AIA Insurance,Thailand
CLM-04805,POL-01633,Prasert Thongdee,INPATIENT,A90,37260,0,IN_REVIEW,2024-12-06,2024-12-08,Pranee Srisuwan,AIA Insurance,Thailand
CLM-04806,POL-00364,Leung Sau Lan,OUTPATIENT,M54.5,556,0,IN_REVIEW,2024-10-28,2024-11-01,Somchai Wattana,FWD Group,Hong Kong
CLM-04807,POL-02052,Leung Sau Lan,OUTPATIENT,E11.9,1315,1049,APPROVED,2024-09-11,2024-09-19,Wong Ka Ming,AIA Insurance,Hong Kong
CLM-04808,POL-01863,Nguyen Van An,OUTPATIENT,A90,6415,5036,APPROVED,2024-08-14,2024-08-31,Wong Ka Ming,FWD Group,Vietnam
CLM-04809,POL-01596,Lee Ka Ming,OUTPATIENT,N39.0,6354,4793,APPROVED,2024-07-29,2024-08-02,Wong Ka Ming,Prudential Life,Hong Kong
CLM-04810,POL-00946,Prasert Thongdee,OUTPATIENT,N39.0,3466,3115,APPROVED,2024-08-13,2024-08-16,Pranee Srisuwan,AIA Insurance,Thailand
CLM-04811,POL-02164,Do Van Long,INPATIENT,A90,100274,88423,APPROVED,2024-12-10,2024-12-17,Somchai Wattana,FWD Group,Vietnam
CLM-04812,POL-01227,Pranee Wattana,INPATIENT,A09,90576,72552,APPROVED,2024-06-14,2024-06-19,Pranee Srisuwan,AIA Insurance,Thailand
CLM-04813,POL-02384,Vu Ngoc Anh,INPATIENT,E11.9,463070,426586,APPROVED,2024-12-06,2024-12-13,Wong Ka Ming,AIA Insurance,Vietnam
CLM-04814,POL-00987,Anong Boonmee,OUTPATIENT,M54.5,2588,1819,APPROVED,2024-08-19,2024-08-27,Wong Ka Ming,Prudential Life,Thailand
CLM-04815,POL-00502,Wong Sau Lan,OUTPATIENT,J45.909,8968,8257,APPROVED,2024-10-10,2024-10-16,Pranee Srisuwan,AIA Insurance,Hong Kong
CLM-04816,POL-01427,Nguyen Van An,OUTPATIENT,I10,5369,0,REJECTED,2024-10-07,2024-10-11,Pranee Srisuwan,AIA Insurance,Vietnam
CLM-04817,POL-01554,Nguyen Van An,OUTPATIENT,J45.909,2996,0,REJECTED,2024-08-01,2024-08-08,Pranee Srisuwan,FWD Group,Vietnam
CLM-04818,POL-01628,Tran Thi Mai,OUTPATIENT,J45.909,2603,2370,APPROVED,2024-12-22,2024-12-27,Nguyen Thi Lan,Prudential Life,Vietnam
CLM-04819,POL-00752,Prasert Rattanaporn,MATERNITY,O80,69058,51541,APPROVED,2024-12-03,2024-12-25,Wong Ka Ming,Prudential Life,Thailand
CLM-04820,POL-00197,Tran Thi Mai,INPATIENT,A09,156062,112050,APPROVED,2024-05-02,2024-05-07,Wong Ka Ming,AIA Insurance,Vietnam
CLM-04821,POL-02395,Dang Quoc Bao,INPATIENT,J45.909,102673,0,REJECTED,2024-01-20,2024-01-30,Pranee Srisuwan,AIA Insurance,Vietnam
CLM-04822,POL-01990,Lau Sau Lan,OUTPATIENT,A90,3851,0,REJECTED,2024-01-22,2024-01-27,Somchai Wattana,AIA Insurance,Hong Kong
CLM-04823,POL-01284,Vu Ngoc Anh,MATERNITY,O82,217734,0,PENDING,2024-02-25,,Tran Van Minh,FWD Group,Vietnam
CLM-04824,POL-02169,Nguyen Van An,DENTAL,K05.10,6784,5465,APPROVED,2024-06-17,2024-06-24,Wong Ka Ming,AIA Insurance,Vietnam
CLM-04825,POL-00771,Lau Ka Ming,OUTPATIENT,M54.5,1418,1383,APPROVED,2024-04-10,2024-04-13,Tran Van Minh,AIA Insurance,Hong Kong
CLM-04826,POL-00061,Hoang Duc Thang,OUTPATIENT,L30.9,14396,0,REJECTED,2024-10-09,2024-10-17,Tran Van Minh,AIA Insurance,Vietnam
CLM-04827,POL-00129,Kanya Boonmee,OUTPATIENT,N39.0,1379,1201,APPROVED,2024-04-18,2024-04-21,Tran Van Minh,Prudential Life,Thailand
CLM-04828,POL-00040,Tran Thi Mai,OUTPATIENT,A90,2104,2079,APPROVED,2024-03-30,2024-04-10,Somchai Wattana,AIA Insurance,Vietnam
CLM-04829,POL-02255,Kittisak Wattana,MATERNITY,O82,90662,0,REJECTED,2024-01-23,2024-02-11,Nguyen Thi Lan,Prudential Life,Thailand
CLM-04830,POL-00507,Kanya Boonmee,DENTAL,K04.7,12729,0,REJECTED,2024-03-21,2024-04-02,Somchai Wattana,FWD Group,Thailand
CLM-04831,POL-01723,Prasert Chaiyasit,OUTPATIENT,A90,1358,971,APPROVED,2024-07-16,2024-07-27,Pranee Srisuwan,AIA Insurance,Thailand
CLM-04832,POL-01001,Siriporn Srisuwan,OUTPATIENT,I10,500,0,IN_REVIEW,2024-01-18,2024-01-28,Tran Van Minh,AIA Insurance,Thailand
CLM-04833,POL-00944,Chaiwat Saetang,OUTPATIENT,N39.0,3451,0,REJECTED,2024-01-05,2024-01-08,Nguyen Thi Lan,AIA Insurance,Thailand
CLM-04834,POL-01558,Leung Mei Ling,DENTAL,K02.9,1872,1833,APPROVED,2024-06-17,2024-06-20,Somchai Wattana,AIA Insurance,Hong Kong
CLM-04835,POL-01723,Prasert Chaiyasit,OUTPATIENT,E11.9,11292,10481,APPROVED,2024-07-11,2024-07-18,Nguyen Thi Lan,AIA Insurance,Thailand
CLM-04836,POL-01733,Le Minh Tuan,DENTAL,K02.9,7718,7137,APPROVED,2024-05-26,2024-06-07,Somchai Wattana,FWD Group,Vietnam
CLM-04837,POL-00032,Dang Quoc Bao,DENTAL,K02.9,4626,4417,APPROVED,2024-12-25,2025-01-03,Nguyen Thi Lan,AIA Insurance,Vietnam
CLM-04838,POL-01652,Ho Tsz Ching,OUTPATIENT,E11.9,3590,3354,APPROVED,2024-10-15,2024-10-21,Pranee Srisuwan,FWD Group,Hong Kong
CLM-04839,POL-01630,Niran Phongpanich,OUTPATIENT,M54.5,1452,1183,APPROVED,2024-11-14,2024-11-29,Somchai Wattana,Prudential Life,Thailand
CLM-04840,POL-01297,Lee Ho Yin,OUTPATIENT,E11.9,500,0,REJECTED,2024-11-25,2024-11-30,Nguyen Thi Lan,FWD Group,Hong Kong
CLM-04841,POL-02195,Anong Rattanaporn,OUTPATIENT,J45.909,5715,4317,APPROVED,2024-09-26,2024-09-30,Nguyen Thi Lan,FWD Group,Thailand
CLM-04842,POL-00573,Chaiwat Wattana,DENTAL,K05.10,3685,0,PENDING,2024-08-26,,Nguyen Thi Lan,AIA Insurance,Thailand
CLM-04843,POL-00473,Anong Boonmee,OUTPATIENT,E11.9,1418,0,IN_REVIEW,2024-07-09,2024-07-13,Somchai Wattana,FWD Group,Thailand
CLM-04844,POL-01878,Ngo Thi Thu,MATERNITY,O82,27533,27203,APPROVED,2024-06-17,2024-06-21,Nguyen Thi Lan,AIA Insurance,Vietnam
CLM-04845,POL-00490,Do Van Long,INPATIENT,E11.9,253146,222776,APPROVED,2024-12-08,2024-12-15,Pranee Srisuwan,FWD Group,Vietnam
CLM-04846,POL-01133,Bui Thanh Ha,OUTPATIENT,J06.9,4977,4501,APPROVED,2024-10-27,2024-11-07,Pranee Srisuwan,AIA Insurance,Vietnam
CLM-04847,POL-00263,Ho Sau Lan,OUTPATIENT,H10.9,1542,1296,APPROVED,2024-05-03,2024-05-06,Somchai Wattana,AIA Insurance,Hong Kong
CLM-04848,POL-01393,Pranee Wattana,OUTPATIENT,A90,3458,2469,APPROVED,2024-03-08,2024-03-17,Nguyen Thi Lan,AIA Insurance,Thailand
CLM-04849,POL-01032,Kanya Phongpanich,MATERNITY,O82,37614,0,REJECTED,2024-11-08,2024-11-10,Somchai Wattana,AIA Insurance,Thailand
CLM-04850,POL-01484,Ngo Thi Thu,OUTPATIENT,M54.5,3311,2902,APPROVED,2024-11-29,2024-12-08,Wong Ka Ming,FWD Group,Vietnam
CLM-04851,POL-00870,Chaiwat Phongpanich,OUTPATIENT,L30.9,1484,0,IN_REVIEW,2024-09-17,2024-09-20,Nguyen Thi Lan,AIA Insurance,Thailand
CLM-04852,POL-02274,Le Minh Tuan,DENTAL,K04.7,888,738,APPROVED,2024-10-31,2024-11-06,Somchai Wattana,Prudential Life,Vietnam
CLM-04853,POL-00713,Nguyen Van An,OUTPATIENT,I10,1066,864,APPROVED,2024-03-01,2024-03-11,Somchai Wattana,Prudential Life,Vietnam
CLM-04854,POL-01021,Anong Saetang,DENTAL,K02.9,2517,1960,APPROVED,2024-02-05,2024-02-07,Nguyen Thi Lan,Prudential Life,Thailand
CLM-04855,POL-00923,Vu Ngoc Anh,OUTPATIENT,N39.0,3438,3398,APPROVED,2024-12-15,2024-12-19,Somchai Wattana,AIA Insurance,Vietnam
CLM-04856,POL-00804,Somchai Rattanaporn,OUTPATIENT,M54.5,4918,3838,APPROVED,2024-12-30,2025-01-03,Nguyen Thi Lan,AIA Insurance,Thailand
CLM-04857,POL-00282,Ng Sau Lan,OUTPATIENT,J06.9,4779,3970,APPROVED,2024-01-09,2024-01-18,Nguyen Thi Lan,AIA Insurance,Hong Kong
CLM-04858,POL-01549,Anong Chaiyasit,OUTPATIENT,E11.9,2354,1836,APPROVED,2024-09-11,2024-09-23,Wong Ka Ming,AIA Insurance,Thailand
CLM-04859,POL-01399,Anong Saetang,OUTPATIENT,J45.909,8730,0,PENDING,2024-01-17,,Wong Ka Ming,AIA Insurance,Thailand
CLM-04860,POL-00173,Siriporn Boonmee,INPATIENT,N39.0,62972,55025,APPROVED,2024-12-17,2024-12-22,Nguyen Thi Lan,Prudential Life,Thailand
CLM-04861,POL-01978,Dang Quoc Bao,OUTPATIENT,N39.0,1139,1075,APPROVED,2024-09-09,2024-09-12,Nguyen Thi Lan,AIA Insurance,Vietnam
CLM-04862,POL-01418,Kittisak Rattanaporn,OUTPATIENT,A09,7635,7132,APPROVED,2024-10-01,2024-10-09,Nguyen Thi Lan,FWD Group,Thailand
CLM-04863,POL-00209,Leung Mei Ling,OUTPATIENT,K21.0,2824,2503,APPROVED,2024-08-22,2024-08-26,Tran Van Minh,AIA Insurance,Hong Kong
CLM-04864,POL-01794,Dang Quoc Bao,INPATIENT,N39.0,51392,41546,APPROVED,2024-08-09,2024-08-15,Tran Van Minh,AIA Insurance,Vietnam
CLM-04865,POL-01219,Pranee Boonmee,OUTPATIENT,A09,9367,8853,APPROVED,2024-08-18,2024-08-22,Wong Ka Ming,FWD Group,Thailand
CLM-04866,POL-02058,Anong Wattana,DENTAL,K04.7,4984,0,IN_REVIEW,2024-03-03,2024-03-08,Nguyen Thi Lan,AIA Insurance,Thailand
CLM-04867,POL-00782,Niran Boonmee,INPATIENT,A90,74591,0,REJECTED,2024-12-01,2024-12-06,Somchai Wattana,AIA Insurance,Thailand
CLM-04868,POL-01517,Somchai Thongdee,MATERNITY,O80,25490,24051,APPROVED,2024-01-25,2024-02-08,Nguyen Thi Lan,AIA Insurance,Thailand
CLM-04869,POL-00461,Chan Kwok Wah,OUTPATIENT,A90,1197,0,IN_REVIEW,2024-03-26,2024-03-29,Wong Ka Ming,AIA Insurance,Hong Kong
CLM-04870,POL-00368,Ng Tsz Ching,DENTAL,K02.9,3389,2799,APPROVED,2024-07-26,2024-08-03,Wong Ka Ming,AIA Insurance,Hong Kong
CLM-04871,POL-00080,Tran Thi Mai,OUTPATIENT,N39.0,500,419,APPROVED,2024-11-03,2024-11-12,Nguyen Thi Lan,AIA Insurance,Vietnam
CLM-04872,POL-00850,Nguyen Van An,OUTPATIENT,I10,4108,3242,APPROVED,2024-08-26,2024-09-18,Somchai Wattana,Prudential Life,Vietnam
CLM-04873,POL-01639,Hoang Duc Thang,MATERNITY,O82,151993,139438,APPROVED,2024-08-21,2024-09-05,Nguyen Thi Lan,AIA Insurance,Vietnam
CLM-04874,POL-02002,Prasert Rattanaporn,OUTPATIENT,A09,925,0,PENDING,2024-01-02,,Wong Ka Ming,Prudential Life,Thailand
CLM-04875,POL-00336,Ng Kwok Wah,DENTAL,K08.9,9329,6623,APPROVED,2024-12-05,2024-12-11,Wong Ka Ming,AIA Insurance,Hong Kong
CLM-04876,POL-01133,Bui Thanh Ha,OUTPATIENT,M54.5,861,0,REJECTED,2024-03-29,2024-04-01,Somchai Wattana,AIA Insurance,Vietnam
CLM-04877,POL-02361,Lee Ho Yin,DENTAL,K04.7,15681,14221,APPROVED,2024-04-29,2024-05-08,Nguyen Thi Lan,AIA Insurance,Hong Kong
CLM-04878,POL-00265,Prasert Saetang,OUTPATIENT,K21.0,2131,2081,APPROVED,2024-11-20,2024-11-26,Somchai Wattana,FWD Group,Thailand
CLM-04879,POL-01297,Lee Ho Yin,OUTPATIENT,E11.9,2479,1821,APPROVED,2024-06-16,2024-06-22,Wong Ka Ming,FWD Group,Hong Kong
CLM-04880,POL-02251,Wong Chi Keung,OUTPATIENT,A09,2623,2261,APPROVED,2024-08-01,2024-08-10,Tran Van Minh,Prudential Life,Hong Kong
CLM-04881,POL-01868,Lee Ka Ming,OUTPATIENT,M54.5,2921,2733,APPROVED,2024-03-21,2024-03-27,Tran Van Minh,AIA Insurance,Hong Kong
CLM-04882,POL-01523,Ngo Thi Thu,OUTPATIENT,M54.5,11933,0,IN_REVIEW,2024-11-11,2024-11-18,Tran Van Minh,Prudential Life,Vietnam
CLM-04883,POL-00210,Hoang Duc Thang,DENTAL,K04.7,8821,8394,APPROVED,2024-10-11,2024-10-20,Nguyen Thi Lan,AIA Insurance,Vietnam
CLM-04884,POL-02138,Malee Chaiyasit,DENTAL,K02.9,4713,0,REJECTED,2024-01-11,2024-01-16,Somchai Wattana,AIA Insurance,Thailand
CLM-04885,POL-01257,Somchai Srisuwan,OUTPATIENT,L30.9,1826,1478,APPROVED,2024-12-04,2024-12-08,Tran Van Minh,Prudential Life,Thailand
CLM-04886,POL-02211,Niran Thongdee,OUTPATIENT,H10.9,861,809,APPROVED,2024-12-21,2024-12-31,Pranee Srisuwan,FWD Group,Thailand
CLM-04887,POL-01821,Siriporn Phongpanich,DENTAL,K02.9,8788,0,REJECTED,2024-11-06,2024-11-10,Nguyen Thi Lan,FWD Group,Thailand
CLM-04888,POL-00946,Prasert Thongdee,OUTPATIENT,A90,811,0,REJECTED,2024-01-23,2024-01-26,Somchai Wattana,AIA Insurance,Thailand
CLM-04889,POL-00622,Pham Thu Huong,MATERNITY,O82,65383,0,REJECTED,2024-03-11,2024-03-31,Nguyen Thi Lan,Prudential Life,Vietnam
CLM-04890,POL-00054,Chan Tsz Ching,DENTAL,K04.7,4695,3749,APPROVED,2024-11-18,2024-11-23,Pranee Srisuwan,FWD Group,Hong Kong
CLM-04891,POL-00195,Bui Thanh Ha,INPATIENT,J18.9,114896,94120,APPROVED,2024-01-13,2024-01-28,Wong Ka Ming,Prudential Life,Vietnam
CLM-04892,POL-00369,Wong Chi Keung,DENTAL,K02.9,986,906,APPROVED,2024-12-21,2025-01-01,Nguyen Thi Lan,AIA Insurance,Hong Kong
CLM-04893,POL-00875,Somchai Chaiyasit,DENTAL,K05.10,2134,0,REJECTED,2024-10-29,2024-11-01,Pranee Srisuwan,Prudential Life,Thailand
CLM-04894,POL-00860,Anong Saetang,DENTAL,K08.9,12355,0,REJECTED,2024-09-29,2024-10-02,Somchai Wattana,AIA Insurance,Thailand
CLM-04895,POL-02213,Kanya Saetang,OUTPATIENT,J06.9,2642,0,REJECTED,2024-11-27,2024-11-29,Somchai Wattana,FWD Group,Thailand
CLM-04896,POL-01810,Ho Kwok Wah,OUTPATIENT,M54.5,2846,2775,APPROVED,2024-02-01,2024-02-05,Tran Van Minh,Prudential Life,Hong Kong
CLM-04897,POL-01824,Do Van Long,INPATIENT,A90,375159,282585,APPROVED,2024-01-03,2024-01-15,Tran Van Minh,FWD Group,Vietnam
CLM-04898,POL-00525,Do Van Long,OUTPATIENT,A09,1660,0,REJECTED,2024-01-04,2024-01-09,Pranee Srisuwan,FWD Group,Vietnam
CLM-04899,POL-00606,Anong Thongdee,OUTPATIENT,M54.5,4989,3950,APPROVED,2024-04-14,2024-04-24,Pranee Srisuwan,AIA Insurance,Thailand
CLM-04900,POL-00038,Malee Phongpanich,OUTPATIENT,J06.9,3108,0,IN_REVIEW,2024-03-26,2024-03-29,Nguyen Thi Lan,AIA Insurance,Thailand
CLM-04901,POL-00752,Prasert Rattanaporn,OUTPATIENT,M54.5,3692,0,REJECTED,2024-03-27,2024-04-06,Somchai Wattana,Prudential Life,Thailand
CLM-04902,POL-02090,Bui Thanh Ha,INPATIENT,A09,343126,0,PENDING,2024-03-01,,Wong Ka Ming,AIA Insurance,Vietnam
CLM-04903,POL-01923,Dang Quoc Bao,OUTPATIENT,J06.9,1461,1334,APPROVED,2024-04-13,2024-04-16,Tran Van Minh,Prudential Life,Vietnam
CLM-04904,POL-00801,Niran Phongpanich,OUTPATIENT,L30.9,1179,0,IN_REVIEW,2024-09-14,2024-09-29,Somchai Wattana,Prudential Life,Thailand
CLM-04905,POL-00841,Cheung Sau Lan,DENTAL,K02.9,2120,1667,APPROVED,2024-07-03,2024-07-13,Wong Ka Ming,Prudential Life,Hong Kong
CLM-04906,POL-00994,Prasert Chaiyasit,OUTPATIENT,E11.9,3858,3381,APPROVED,2024-08-17,2024-08-21,Somchai Wattana,Prudential Life,Thailand
CLM-04907,POL-01191,Pranee Saetang,OUTPATIENT,M54.5,2652,2192,APPROVED,2024-09-09,2024-09-13,Somchai Wattana,Prudential Life,Thailand
CLM-04908,POL-01572,Le Minh Tuan,DENTAL,K08.9,3618,2702,APPROVED,2024-09-22,2024-10-02,Nguyen Thi Lan,Prudential Life,Vietnam
CLM-04909,POL-00489,Le Minh Tuan,OUTPATIENT,I10,3008,0,PENDING,2024-12-08,,Wong Ka Ming,Prudential Life,Vietnam
CLM-04910,POL-02072,Anong Phongpanich,OUTPATIENT,A90,1127,0,REJECTED,2024-02-17,2024-02-20,Wong Ka Ming,FWD Group,Thailand
CLM-04911,POL-00378,Chaiwat Rattanaporn,OUTPATIENT,E11.9,8411,0,IN_REVIEW,2024-04-06,2024-04-12,Tran Van Minh,AIA Insurance,Thailand
CLM-04912,POL-00121,Lau Yuen Man,OUTPATIENT,J06.9,1835,1581,APPROVED,2024-11-26,2024-11-28,Somchai Wattana,Prudential Life,Hong Kong
CLM-04913,POL-02159,Wong Ho Yin,MATERNITY,O80,57690,43463,APPROVED,2024-05-18,2024-05-25,Wong Ka Ming,Prudential Life,Hong Kong
CLM-04914,POL-02359,Chan Mei Ling,OUTPATIENT,L30.9,5114,0,IN_REVIEW,2024-02-23,2024-03-06,Somchai Wattana,FWD Group,Hong Kong
CLM-04915,POL-02366,Kanya Rattanaporn,DENTAL,K02.9,9237,8245,APPROVED,2024-10-28,2024-11-03,Pranee Srisuwan,AIA Insurance,Thailand
CLM-04916,POL-01103,Pranee Rattanaporn,DENTAL,K04.7,3562,3534,APPROVED,2024-03-09,2024-03-18,Nguyen Thi Lan,Prudential Life,Thailand
CLM-04917,POL-01706,Kanya Srisuwan,DENTAL,K02.9,7301,7015,APPROVED,2024-04-01,2024-04-09,Pranee Srisuwan,Prudential Life,Thailand
CLM-04918,POL-01925,Bui Thanh Ha,OUTPATIENT,M54.5,2282,1660,APPROVED,2024-03-09,2024-03-18,Somchai Wattana,Prudential Life,Vietnam
CLM-04919,POL-01399,Anong Saetang,OUTPATIENT,J06.9,4140,0,IN_REVIEW,2024-05-10,2024-05-18,Somchai Wattana,AIA Insurance,Thailand
CLM-04920,POL-00118,Vu Ngoc Anh,OUTPATIENT,I10,8305,7740,APPROVED,2024-05-08,2024-05-11,Tran Van Minh,FWD Group,Vietnam
CLM-04921,POL-00713,Nguyen Van An,OUTPATIENT,J06.9,9368,0,PENDING,2024-07-24,,Tran Van Minh,Prudential Life,Vietnam
CLM-04922,POL-02266,Ng Wai Yan,DENTAL,K02.9,2255,1868,APPROVED,2024-10-29,2024-11-19,Nguyen Thi Lan,FWD Group,Hong Kong
CLM-04923,POL-01081,Siriporn Rattanaporn,DENTAL,K02.9,4312,0,REJECTED,2024-08-23,2024-09-04,Somchai Wattana,AIA Insurance,Thailand
CLM-04924,POL-01307,Pham Thu Huong,OUTPATIENT,A09,1462,1218,APPROVED,2024-06-09,2024-06-17,Nguyen Thi Lan,Prudential Life,Vietnam
CLM-04925,POL-01031,Vu Ngoc Anh,DENTAL,K05.10,8320,7925,APPROVED,2024-09-03,2024-09-09,Tran Van Minh,AIA Insurance,Vietnam
CLM-04926,POL-00481,Prasert Srisuwan,DENTAL,K04.7,3043,2213,APPROVED,2024-03-05,2024-03-07,Wong Ka Ming,FWD Group,Thailand
CLM-04927,POL-02201,Lau Yuen Man,OUTPATIENT,J06.9,567,0,IN_REVIEW,2024-06-12,2024-06-27,Nguyen Thi Lan,AIA Insurance,Hong Kong
CLM-04928,POL-01326,Lee Tsz Ching,OUTPATIENT,J45.909,694,500,APPROVED,2024-03-18,2024-03-22,Wong Ka Ming,AIA Insurance,Hong Kong
CLM-04929,POL-00568,Dang Quoc Bao,INPATIENT,K35.80,142772,105680,APPROVED,2024-10-20,2024-10-28,Tran Van Minh,FWD Group,Vietnam
CLM-04930,POL-02363,Pham Thu Huong,OUTPATIENT,E11.9,22150,0,IN_REVIEW,2024-04-17,2024-04-20,Nguyen Thi Lan,AIA Insurance,Vietnam
CLM-04931,POL-00346,Siriporn Rattanaporn,OUTPATIENT,J06.9,1492,1415,APPROVED,2024-06-27,2024-07-08,Somchai Wattana,Prudential Life,Thailand
CLM-04932,POL-00221,Chaiwat Wattana,OUTPATIENT,M54.5,4151,3898,APPROVED,2024-02-24,2024-02-28,Nguyen Thi Lan,FWD Group,Thailand
CLM-04933,POL-00671,Leung Kwok Wah,INPATIENT,J45.909,47018,46893,APPROVED,2024-06-02,2024-06-09,Somchai Wattana,Prudential Life,Hong Kong
CLM-04934,POL-00912,Prasert Srisuwan,DENTAL,K02.9,10491,8655,APPROVED,2024-01-25,2024-02-01,Wong Ka Ming,Prudential Life,Thailand
CLM-04935,POL-00533,Wong Ka Ming,DENTAL,K04.7,7323,5348,APPROVED,2024-08-07,2024-08-10,Somchai Wattana,FWD Group,Hong Kong
CLM-04936,POL-01511,Cheung Siu Fung,OUTPATIENT,A90,3129,2331,APPROVED,2024-11-15,2024-11-30,Tran Van Minh,Prudential Life,Hong Kong
CLM-04937,POL-00017,Chan Sau Lan,OUTPATIENT,J45.909,2830,0,REJECTED,2024-05-13,2024-05-20,Somchai Wattana,FWD Group,Hong Kong
CLM-04938,POL-00480,Malee Phongpanich,DENTAL,K02.9,5844,5586,APPROVED,2024-02-28,2024-03-01,Pranee Srisuwan,AIA Insurance,Thailand
CLM-04939,POL-00167,Bui Thanh Ha,INPATIENT,J45.909,40865,39674,APPROVED,2024-10-12,2024-10-14,Tran Van Minh,Prudential Life,Vietnam
CLM-04940,POL-00385,Kittisak Saetang,OUTPATIENT,J06.9,11154,0,PENDING,2024-02-01,,Tran Van Minh,Prudential Life,Thailand
CLM-04941,POL-01697,Anong Chaiyasit,OUTPATIENT,A09,10938,0,IN_REVIEW,2024-01-14,2024-01-25,Somchai Wattana,Prudential Life,Thailand
CLM-04942,POL-01663,Do Van Long,OUTPATIENT,H10.9,2767,0,IN_REVIEW,2024-01-05,2024-01-12,Wong Ka Ming,AIA Insurance,Vietnam
CLM-04943,POL-02003,Chan Yuen Man,OUTPATIENT,E11.9,906,0,PENDING,2024-02-07,,Tran Van Minh,AIA Insurance,Hong Kong
CLM-04944,POL-00212,Kittisak Saetang,OUTPATIENT,I10,1689,1211,APPROVED,2024-06-24,2024-07-04,Somchai Wattana,AIA Insurance,Thailand
CLM-04945,POL-00311,Hoang Duc Thang,OUTPATIENT,A09,1604,1571,APPROVED,2024-08-17,2024-08-31,Somchai Wattana,Prudential Life,Vietnam
CLM-04946,POL-01534,Cheung Ka Ming,OUTPATIENT,A90,2433,0,REJECTED,2024-10-29,2024-11-02,Wong Ka Ming,Prudential Life,Hong Kong
CLM-04947,POL-02049,Bui Thanh Ha,OUTPATIENT,K21.0,2241,1803,APPROVED,2024-11-14,2024-11-25,Pranee Srisuwan,AIA Insurance,Vietnam
CLM-04948,POL-01141,Lau Ho Yin,INPATIENT,N39.0,305859,0,REJECTED,2024-01-03,2024-01-14,Somchai Wattana,AIA Insurance,Hong Kong
CLM-04949,POL-00643,Ng Chi Keung,INPATIENT,A90,613966,0,REJECTED,2024-04-19,2024-04-23,Wong Ka Ming,AIA Insurance,Hong Kong
CLM-04950,POL-00090,Leung Kwok Wah,OUTPATIENT,J45.909,2098,2037,APPROVED,2024-07-15,2024-07-24,Pranee Srisuwan,AIA Insurance,Hong Kong
CLM-04951,POL-01620,Dang Quoc Bao,DENTAL,K02.9,7871,0,IN_REVIEW,2024-09-21,2024-09-22,Somchai Wattana,FWD Group,Vietnam
CLM-04952,POL-00065,Pham Thu Huong,OUTPATIENT,I10,1326,1325,APPROVED,2024-03-03,2024-03-08,Somchai Wattana,AIA Insurance,Vietnam
CLM-04953,POL-00436,Hoang Duc Thang,OUTPATIENT,J45.909,11376,9373,APPROVED,2024-12-13,2024-12-18,Nguyen Thi Lan,Prudential Life,Vietnam
CLM-04954,POL-01848,Kanya Wattana,INPATIENT,A90,112631,0,IN_REVIEW,2024-11-28,2024-12-03,Tran Van Minh,Prudential Life,Thailand
CLM-04955,POL-01244,Chaiwat Boonmee,OUTPATIENT,J06.9,4932,0,REJECTED,2024-01-25,2024-01-27,Wong Ka Ming,FWD Group,Thailand
CLM-04956,POL-01912,Leung Mei Ling,OUTPATIENT,A90,4307,3433,APPROVED,2024-05-13,2024-05-16,Pranee Srisuwan,FWD Group,Hong Kong
CLM-04957,POL-02130,Pranee Saetang,OUTPATIENT,I10,10904,7839,APPROVED,2024-05-26,2024-06-01,Somchai Wattana,FWD Group,Thailand
CLM-04958,POL-02255,Kittisak Wattana,DENTAL,K02.9,3249,0,IN_REVIEW,2024-10-08,2024-10-15,Nguyen Thi Lan,Prudential Life,Thailand
CLM-04959,POL-00888,Kanya Saetang,OUTPATIENT,L30.9,2879,0,REJECTED,2024-05-25,2024-06-09,Pranee Srisuwan,AIA Insurance,Thailand
CLM-04960,POL-00193,Ng Ka Ming,DENTAL,K04.7,16903,0,IN_REVIEW,2024-04-08,2024-04-13,Somchai Wattana,Prudential Life,Hong Kong
CLM-04961,POL-01633,Prasert Thongdee,OUTPATIENT,M54.5,2016,0,IN_REVIEW,2024-08-19,2024-08-22,Nguyen Thi Lan,AIA Insurance,Thailand
CLM-04962,POL-01505,Nguyen Van An,DENTAL,K05.10,2936,2376,APPROVED,2024-11-12,2024-11-16,Nguyen Thi Lan,FWD Group,Vietnam
CLM-04963,POL-00817,Do Van Long,OUTPATIENT,E11.9,3263,0,REJECTED,2024-09-12,2024-09-16,Tran Van Minh,FWD Group,Vietnam
CLM-04964,POL-01274,Niran Boonmee,DENTAL,K08.9,6670,0,IN_REVIEW,2024-02-21,2024-02-24,Pranee Srisuwan,Prudential Life,Thailand
CLM-04965,POL-00573,Chaiwat Wattana,OUTPATIENT,E11.9,4232,0,IN_REVIEW,2024-02-01,2024-02-03,Nguyen Thi Lan,AIA Insurance,Thailand
CLM-04966,POL-01008,Ng Sau Lan,OUTPATIENT,J06.9,2336,0,IN_REVIEW,2024-01-30,2024-02-08,Pranee Srisuwan,Prudential Life,Hong Kong
CLM-04967,POL-01277,Ngo Thi Thu,OUTPATIENT,A09,6448,5210,APPROVED,2024-05-29,2024-06-08,Nguyen Thi Lan,AIA Insurance,Vietnam
CLM-04968,POL-02161,Do Van Long,MATERNITY,O80,127076,0,REJECTED,2024-08-20,2024-08-24,Somchai Wattana,FWD Group,Vietnam
CLM-04969,POL-01662,Hoang Duc Thang,OUTPATIENT,M54.5,1098,860,APPROVED,2024-12-23,2024-12-28,Tran Van Minh,AIA Insurance,Vietnam
CLM-04970,POL-01779,Do Van Long,OUTPATIENT,H10.9,11766,9333,APPROVED,2024-12-19,2024-12-25,Pranee Srisuwan,FWD Group,Vietnam
CLM-04971,POL-02170,Niran Thongdee,OUTPATIENT,E11.9,3885,2809,APPROVED,2024-06-28,2024-07-10,Pranee Srisuwan,FWD Group,Thailand
CLM-04972,POL-02377,Do Van Long,OUTPATIENT,A90,3244,2769,APPROVED,2024-09-23,2024-09-28,Tran Van Minh,AIA Insurance,Vietnam
CLM-04973,POL-00453,Kanya Chaiyasit,DENTAL,K05.10,1630,1287,APPROVED,2024-03-05,2024-03-17,Nguyen Thi Lan,Prudential Life,Thailand
CLM-04974,POL-01144,Tran Thi Mai,OUTPATIENT,J06.9,2949,2097,APPROVED,2024-12-17,2024-12-23,Pranee Srisuwan,Prudential Life,Vietnam
CLM-04975,POL-00464,Ho Wai Yan,DENTAL,K02.9,22727,0,REJECTED,2024-04-27,2024-05-08,Nguyen Thi Lan,Prudential Life,Hong Kong
CLM-04976,POL-00110,Nguyen Van An,OUTPATIENT,L30.9,13030,10709,APPROVED,2024-08-02,2024-08-10,Nguyen Thi Lan,FWD Group,Vietnam
CLM-04977,POL-00612,Kittisak Saetang,OUTPATIENT,E11.9,8442,6238,APPROVED,2024-08-01,2024-08-08,Somchai Wattana,Prudential Life,Thailand
CLM-04978,POL-01361,Ngo Thi Thu,DENTAL,K04.7,2565,0,REJECTED,2024-11-03,2024-11-08,Nguyen Thi Lan,FWD Group,Vietnam
CLM-04979,POL-01364,Chaiwat Chaiyasit,INPATIENT,A09,91174,0,IN_REVIEW,2024-08-08,2024-08-31,Wong Ka Ming,FWD Group,Thailand
CLM-04980,POL-00159,Ho Wai Yan,OUTPATIENT,H10.9,1762,0,IN_REVIEW,2024-04-26,2024-04-28,Somchai Wattana,Prudential Life,Hong Kong
CLM-04981,POL-00229,Dang Quoc Bao,OUTPATIENT,J06.9,1706,1224,APPROVED,2024-03-06,2024-03-14,Somchai Wattana,FWD Group,Vietnam
CLM-04982,POL-01465,Tran Thi Mai,OUTPATIENT,E11.9,4430,0,REJECTED,2024-06-06,2024-06-10,Somchai Wattana,FWD Group,Vietnam
CLM-04983,POL-00232,Siriporn Phongpanich,DENTAL,K05.10,4123,3845,APPROVED,2024-10-18,2024-10-28,Somchai Wattana,AIA Insurance,Thailand
CLM-04984,POL-01529,Pranee Srisuwan,OUTPATIENT,I10,1929,0,IN_REVIEW,2024-05-01,2024-05-12,Pranee Srisuwan,Prudential Life,Thailand
CLM-04985,POL-00165,Lau Chi Keung,OUTPATIENT,A09,2566,0,IN_REVIEW,2024-09-14,2024-09-24,Pranee Srisuwan,AIA Insurance,Hong Kong
CLM-04986,POL-02093,Somchai Boonmee,OUTPATIENT,M54.5,2938,0,IN_REVIEW,2024-01-22,2024-02-03,Somchai Wattana,Prudential Life,Thailand
CLM-04987,POL-02161,Do Van Long,OUTPATIENT,A90,3559,2493,APPROVED,2024-12-15,2024-12-22,Wong Ka Ming,FWD Group,Vietnam
CLM-04988,POL-01211,Chaiwat Wattana,OUTPATIENT,L30.9,1955,1881,APPROVED,2024-02-13,2024-02-21,Somchai Wattana,Prudential Life,Thailand
CLM-04989,POL-00723,Somchai Thongdee,DENTAL,K04.7,22595,0,IN_REVIEW,2024-07-07,2024-07-12,Nguyen Thi Lan,Prudential Life,Thailand
CLM-04990,POL-01093,Pranee Srisuwan,OUTPATIENT,J06.9,4746,0,REJECTED,2024-02-14,2024-02-21,Pranee Srisuwan,AIA Insurance,Thailand
CLM-04991,POL-01311,Ngo Thi Thu,DENTAL,K04.7,4872,4183,APPROVED,2024-02-09,2024-02-16,Somchai Wattana,AIA Insurance,Vietnam
CLM-04992,POL-00039,Ho Kwok Wah,OUTPATIENT,K21.0,500,0,PENDING,2024-04-01,,Somchai Wattana,AIA Insurance,Hong Kong
CLM-04993,POL-00108,Malee Boonmee,OUTPATIENT,L30.9,3310,0,IN_REVIEW,2024-04-22,2024-05-01,Wong Ka Ming,FWD Group,Thailand
CLM-04994,POL-02393,Pranee Boonmee,OUTPATIENT,L30.9,3391,2509,APPROVED,2024-01-22,2024-01-27,Wong Ka Ming,Prudential Life,Thailand
CLM-04995,POL-01200,Prasert Thongdee,INPATIENT,J18.9,148915,135239,APPROVED,2024-05-12,2024-05-14,Pranee Srisuwan,AIA Insurance,Thailand
CLM-04996,POL-01733,Le Minh Tuan,OUTPATIENT,A09,6851,4862,APPROVED,2024-03-26,2024-03-29,Somchai Wattana,FWD Group,Vietnam
CLM-04997,POL-01140,Ho Siu Fung,OUTPATIENT,E11.9,2425,1827,APPROVED,2024-04-28,2024-05-08,Tran Van Minh,FWD Group,Hong Kong
CLM-04998,POL-02372,Chaiwat Rattanaporn,OUTPATIENT,A09,1644,1561,APPROVED,2024-12-09,2024-12-17,Nguyen Thi Lan,FWD Group,Thailand
CLM-04999,POL-02047,Do Van Long,OUTPATIENT,J45.909,2554,2513,APPROVED,2024-02-27,2024-03-04,Wong Ka Ming,Prudential Life,Vietnam
CLM-05000,POL-00248,Pranee Thongdee,OUTPATIENT,A09,1531,1259,APPROVED,2024-02-28,2024-03-17,Tran Van Minh,AIA Insurance,Thailand
